$MeshFormat
4.1 0 8
$EndMeshFormat
$PhysicalNames
4
1 1 "bolt_holes"
1 2 "load_hole"
2 3 "hole_rims"
2 4 "design"
$EndPhysicalNames
$Entities
14 14 4 0
1 10 0 0 0 
2 190 0 0 0 
3 0 10 0 0 
4 200 10 0 0 
5 0 90 0 0 
6 200 90 0 0 
7 10 100 0 0 
8 190 100 0 0 
9 41 20 0 0 
10 41 80 0 0 
11 188 50 0 0 
12 33 20 0 0 
13 33 80 0 0 
14 180 50 0 0 
1 9.999999900000006 -1e-07 -1e-07 190.0000001 1e-07 1e-07 0 2 1 -2 
2 -1.000000002804313e-07 -1.000000002804313e-07 -1e-07 10.0000001 10.0000001 1e-07 0 2 3 -1 
3 189.9999999 -1.000000002804313e-07 -1e-07 200.0000001 10.0000001 1e-07 0 2 2 -4 
4 -1e-07 9.999999899999999 -1e-07 1e-07 90.00000009999999 1e-07 0 2 5 -3 
5 199.9999999 9.999999899999999 -1e-07 200.0000001 90.00000009999999 1e-07 0 2 4 -6 
6 -1.000000002804313e-07 89.99999990000001 -1e-07 10.0000001 100.0000001 1e-07 0 2 7 -5 
7 189.9999999 89.99999990000001 -1e-07 200.0000001 100.0000001 1e-07 0 2 6 -8 
8 9.999999900000006 99.99999990000001 -1e-07 190.0000001 100.0000001 1e-07 0 2 8 -7 
9 8.999999899999999 3.999999899999999 -1e-07 41.0000001 36.0000001 1e-07 0 2 9 -9 
10 8.999999899999999 63.9999999 -1e-07 41.0000001 96.00000009999999 1e-07 0 2 10 -10 
11 151.9999999 31.9999999 -1e-07 188.0000001 68.00000009999999 1e-07 0 2 11 -11 
12 16.99999989999999 11.99999989999999 -1.000000079441093e-07 33.00000010000001 28.00000010000001 1.000000079441093e-07 1 1 2 12 -12 
13 16.99999989999999 71.99999989999999 -1.000000071054274e-07 33.00000010000001 88.00000010000001 1.000000071054274e-07 1 1 2 13 -13 
14 159.9999999 39.99999989999999 -1.000000071054274e-07 180.0000001 60.00000010000001 1.000000071054274e-07 1 2 2 14 -14 
2 8.999999899999992 3.999999899999992 -1.000000079441093e-07 41.00000010000001 36.00000010000001 1.000000079441093e-07 1 3 2 9 -12 
3 8.999999899999992 63.99999989999999 -1.000000071054274e-07 41.00000010000001 96.00000010000001 1.000000071054274e-07 1 3 2 10 -13 
4 151.9999999 31.99999989999999 -1.000000071054274e-07 188.0000001 68.00000010000001 1.000000071054274e-07 1 3 2 11 -14 
5 -9.999999406318238e-08 -1.000000011686097e-07 -1e-07 200.0000001 100.0000001 1e-07 1 4 11 1 3 5 7 8 6 4 2 -9 -10 -11 
$EndEntities
$Nodes
32 10417 1 10417
0 1 0 1
1
10 0 0
0 2 0 1
2
190 0 0
0 3 0 1
3
0 10 0
0 4 0 1
4
200 10 0
0 5 0 1
5
0 90 0
0 6 0 1
6
200 90 0
0 7 0 1
7
10 100 0
0 8 0 1
8
190 100 0
0 9 0 1
9
41 20 0
0 10 0 1
10
41 80 0
0 11 0 1
11
188 50 0
0 12 0 1
12
33 20 0
0 13 0 1
13
33 80 0
0 14 0 1
14
180 50 0
1 1 0 119
15
16
17
18
19
20
21
22
23
24
25
26
27
28
29
30
31
32
33
34
35
36
37
38
39
40
41
42
43
44
45
46
47
48
49
50
51
52
53
54
55
56
57
58
59
60
61
62
63
64
65
66
67
68
69
70
71
72
73
74
75
76
77
78
79
80
81
82
83
84
85
86
87
88
89
90
91
92
93
94
95
96
97
98
99
100
101
102
103
104
105
106
107
108
109
110
111
112
113
114
115
116
117
118
119
120
121
122
123
124
125
126
127
128
129
130
131
132
133
11.5 0 0
13 0 0
14.5 0 0
16 0 0
17.5 0 0
19 0 0
20.5 0 0
22 0 0
23.5 0 0
25 0 0
26.5 0 0
28 0 0
29.5 0 0
31 0 0
32.5 0 0
34 0 0
35.5 0 0
37 0 0
38.5 0 0
40 0 0
41.5 0 0
43 0 0
44.5 0 0
46 0 0
47.5 0 0
49 0 0
50.5 0 0
52 0 0
53.5 0 0
55 0 0
56.5 0 0
58 0 0
59.5 0 0
61 0 0
62.5 0 0
64 0 0
65.5 0 0
67 0 0
68.5 0 0
70 0 0
71.5 0 0
73 0 0
74.5 0 0
76 0 0
77.5 0 0
79 0 0
80.5 0 0
82 0 0
83.5 0 0
85 0 0
86.5 0 0
88 0 0
89.5 0 0
91 0 0
92.5 0 0
94 0 0
95.5 0 0
97 0 0
98.5 0 0
100 0 0
101.5 0 0
103 0 0
104.5 0 0
106 0 0
107.5 0 0
109 0 0
110.5 0 0
112 0 0
113.5 0 0
115 0 0
116.5 0 0
118 0 0
119.5 0 0
121 0 0
122.5 0 0
124 0 0
125.5 0 0
127 0 0
128.5 0 0
130 0 0
131.5 0 0
133 0 0
134.5 0 0
136 0 0
137.5 0 0
139 0 0
140.5 0 0
142 0 0
143.5 0 0
145 0 0
146.5 0 0
148 0 0
149.5 0 0
151 0 0
152.5 0 0
154 0 0
155.5 0 0
157 0 0
158.5 0 0
160 0 0
161.5 0 0
163 0 0
164.5 0 0
166 0 0
167.5 0 0
169 0 0
170.5 0 0
172 0 0
173.5 0 0
175 0 0
176.5 0 0
178 0 0
179.5 0 0
181 0 0
182.5 0 0
184 0 0
185.5 0 0
187 0 0
188.5 0 0
1 2 0 10
134
135
136
137
138
139
140
141
142
143
0.101785581190672 8.576851617267151 0
0.4050702638550252 7.182674431585706 0
0.9036800464548165 5.845849869981135 0
1.58746467168819 4.593591825444021 0
2.442504256457419 3.451392660547147 0
3.451392660547148 2.442504256457418 0
4.593591825444026 1.587464671688188 0
5.845849869981144 0.9036800464548129 0
7.182674431585703 0.405070263855027 0
8.576851617267147 0.1017855811906738 0
1 3 0 10
144
145
146
147
148
149
150
151
152
153
191.4231483827328 0.101785581190672 0
192.8173255684143 0.4050702638550252 0
194.1541501300188 0.9036800464548147 0
195.406408174556 1.587464671688185 0
196.5486073394528 2.442504256457418 0
197.5574957435426 3.451392660547151 0
198.4125353283118 4.593591825444026 0
199.0963199535452 5.845849869981144 0
199.594929736145 7.182674431585712 0
199.8982144188093 8.576851617267147 0
1 4 0 53
154
155
156
157
158
159
160
161
162
163
164
165
166
167
168
169
170
171
172
173
174
175
176
177
178
179
180
181
182
183
184
185
186
187
188
189
190
191
192
193
194
195
196
197
198
199
200
201
202
203
204
205
206
0 88.51851851851852 0
0 87.03703703703704 0
0 85.55555555555556 0
0 84.07407407407408 0
0 82.59259259259261 0
0 81.11111111111113 0
0 79.62962962962965 0
0 78.14814814814817 0
0 76.66666666666669 0
0 75.1851851851852 0
0 73.70370370370372 0
0 72.22222222222224 0
0 70.74074074074076 0
0 69.25925925925928 0
0 67.7777777777778 0
0 66.29629629629632 0
0 64.81481481481484 0
0 63.33333333333337 0
0 61.85185185185189 0
0 60.37037037037042 0
0 58.88888888888894 0
0 57.40740740740747 0
0 55.92592592592599 0
0 54.44444444444452 0
0 52.96296296296304 0
0 51.48148148148157 0
0 50.0000000000001 0
0 48.51851851851862 0
0 47.03703703703714 0
0 45.55555555555567 0
0 44.07407407407419 0
0 42.59259259259272 0
0 41.11111111111124 0
0 39.62962962962975 0
0 38.14814814814827 0
0 36.66666666666678 0
0 35.18518518518529 0
0 33.70370370370379 0
0 32.22222222222231 0
0 30.74074074074083 0
0 29.25925925925934 0
0 27.77777777777785 0
0 26.29629629629637 0
0 24.81481481481487 0
0 23.33333333333339 0
0 21.85185185185189 0
0 20.37037037037041 0
0 18.88888888888893 0
0 17.40740740740743 0
0 15.92592592592594 0
0 14.44444444444446 0
0 12.96296296296298 0
0 11.48148148148148 0
1 5 0 53
207
208
209
210
211
212
213
214
215
216
217
218
219
220
221
222
223
224
225
226
227
228
229
230
231
232
233
234
235
236
237
238
239
240
241
242
243
244
245
246
247
248
249
250
251
252
253
254
255
256
257
258
259
200 11.48148148148148 0
200 12.96296296296296 0
200 14.44444444444444 0
200 15.92592592592592 0
200 17.4074074074074 0
200 18.88888888888887 0
200 20.37037037037035 0
200 21.85185185185183 0
200 23.33333333333331 0
200 24.81481481481479 0
200 26.29629629629628 0
200 27.77777777777775 0
200 29.25925925925923 0
200 30.74074074074072 0
200 32.2222222222222 0
200 33.70370370370368 0
200 35.18518518518515 0
200 36.66666666666663 0
200 38.14814814814811 0
200 39.62962962962958 0
200 41.11111111111106 0
200 42.59259259259253 0
200 44.07407407407401 0
200 45.55555555555548 0
200 47.03703703703696 0
200 48.51851851851843 0
200 49.9999999999999 0
200 51.48148148148138 0
200 52.96296296296286 0
200 54.44444444444433 0
200 55.92592592592581 0
200 57.40740740740728 0
200 58.88888888888876 0
200 60.37037037037025 0
200 61.85185185185173 0
200 63.33333333333322 0
200 64.81481481481471 0
200 66.29629629629621 0
200 67.77777777777769 0
200 69.25925925925918 0
200 70.74074074074066 0
200 72.22222222222214 0
200 73.70370370370364 0
200 75.18518518518513 0
200 76.66666666666661 0
200 78.14814814814811 0
200 79.62962962962959 0
200 81.11111111111107 0
200 82.59259259259257 0
200 84.07407407407406 0
200 85.55555555555554 0
200 87.03703703703702 0
200 88.51851851851852 0
1 6 0 10
260
261
262
263
264
265
266
267
268
269
8.576851617267149 99.89821441880933 0
7.182674431585705 99.59492973614498 0
5.845849869981138 99.09631995354519 0
4.593591825444023 98.4125353283118 0
3.451392660547153 97.55749574354259 0
2.442504256457424 96.54860733945286 0
1.587464671688197 95.40640817455599 0
0.9036800464548236 94.15415013001888 0
0.4050702638550305 92.81732556841432 0
0.1017855811906738 91.42314838273286 0
1 7 0 10
270
271
272
273
274
275
276
277
278
279
199.8982144188093 91.42314838273285 0
199.594929736145 92.81732556841429 0
199.0963199535452 94.15415013001886 0
198.4125353283118 95.40640817455598 0
197.5574957435426 96.54860733945284 0
196.5486073394528 97.55749574354257 0
195.406408174556 98.4125353283118 0
194.1541501300189 99.09631995354518 0
192.8173255684143 99.59492973614496 0
191.4231483827329 99.89821441880933 0
1 8 0 119
280
281
282
283
284
285
286
287
288
289
290
291
292
293
294
295
296
297
298
299
300
301
302
303
304
305
306
307
308
309
310
311
312
313
314
315
316
317
318
319
320
321
322
323
324
325
326
327
328
329
330
331
332
333
334
335
336
337
338
339
340
341
342
343
344
345
346
347
348
349
350
351
352
353
354
355
356
357
358
359
360
361
362
363
364
365
366
367
368
369
370
371
372
373
374
375
376
377
378
379
380
381
382
383
384
385
386
387
388
389
390
391
392
393
394
395
396
397
398
188.5 100 0
187 100 0
185.5 100 0
184 100 0
182.5 100 0
181 100 0
179.5 100 0
178 100 0
176.5 100 0
175 100 0
173.5 100 0
172 100 0
170.5 100 0
169 100 0
167.5 100 0
166 100 0
164.5 100 0
163 100 0
161.5 100 0
160 100 0
158.5 100 0
157 100 0
155.5 100 0
154 100 0
152.5 100 0
151 100 0
149.5 100 0
148 100 0
146.5 100 0
145 100 0
143.5 100 0
142 100 0
140.5 100 0
139 100 0
137.5 100 0
136 100 0
134.5 100 0
133 100 0
131.5 100 0
130 100 0
128.5 100 0
127 100 0
125.5 100 0
124 100 0
122.5 100 0
121 100 0
119.5 100 0
118 100 0
116.5 100 0
115 100 0
113.5 100 0
112 100 0
110.5 100 0
109 100 0
107.5 100 0
106 100 0
104.5 100 0
103 100 0
101.5 100 0
100 100 0
98.5 100 0
97 100 0
95.5 100 0
94 100 0
92.5 100 0
91 100 0
89.5 100 0
88 100 0
86.5 100 0
85 100 0
83.5 100 0
82 100 0
80.5 100 0
79 100 0
77.5 100 0
76 100 0
74.5 100 0
73 100 0
71.5 100 0
70 100 0
68.5 100 0
67 100 0
65.5 100 0
64 100 0
62.5 100 0
61 100 0
59.5 100 0
58 100 0
56.5 100 0
55 100 0
53.5 100 0
52 100 0
50.5 100 0
49 100 0
47.5 100 0
46 100 0
44.5 100 0
43 100 0
41.5 100 0
40 100 0
38.5 100 0
37 100 0
35.5 100 0
34 100 0
32.5 100 0
31 100 0
29.5 100 0
28 100 0
26.5 100 0
25 100 0
23.5 100 0
22 100 0
20.5 100 0
19 100 0
17.5 100 0
16 100 0
14.5 100 0
13 100 0
11.5 100 0
1 9 0 67
399
400
401
402
403
404
405
406
407
408
409
410
411
412
413
414
415
416
417
418
419
420
421
422
423
424
425
426
427
428
429
430
431
432
433
434
435
436
437
438
439
440
441
442
443
444
445
446
447
448
449
450
451
452
453
454
455
456
457
458
459
460
461
462
463
464
465
40.93174682072056 21.47629375141283 0
40.72756959494243 22.93999228506512 0
40.38921029076511 24.37860784115332 0
39.91955567046969 25.77986665899444 0
39.322612661681 27.1318136924246 0
38.60347417167383 28.42291460603768 0
37.76827563648384 29.64215418206809 0
36.82414267553055 30.77913029834491 0
35.77913029834492 31.82414267553053 0
34.64215418206812 32.76827563648382 0
33.42291460603771 33.60347417167382 0
32.13181369242463 34.32261266168099 0
30.77986665899447 34.91955567046968 0
29.37860784115335 35.3892102907651 0
27.93999228506516 35.72756959494242 0
26.47629375141286 35.93174682072055 0
25.00000000000003 36 0
23.5237062485872 35.93174682072056 0
22.06000771493491 35.72756959494244 0
20.62139215884671 35.38921029076511 0
19.22013334100558 34.91955567046971 0
17.86818630757542 34.32261266168101 0
16.57708539396234 33.60347417167385 0
15.35784581793193 32.76827563648386 0
14.22086970165512 31.82414267553058 0
13.17585732446949 30.77913029834495 0
12.2317243635162 29.64215418206814 0
11.39652582832621 28.42291460603774 0
10.67738733831903 27.13181369242466 0
10.08044432953033 25.77986665899451 0
9.610789709234913 24.37860784115339 0
9.272430405057586 22.9399922850652 0
9.068253179279454 21.47629375141291 0
9 20.00000000000007 0
9.06825317927944 18.52370624858725 0
9.272430405057557 17.06000771493495 0
9.610789709234878 15.62139215884674 0
10.08044432953029 14.22013334100561 0
10.67738733831897 12.86818630757545 0
11.39652582832614 11.57708539396236 0
12.23172436351614 10.35784581793194 0
13.17585732446942 9.220869701655127 0
14.22086970165504 8.17585732446949 0
15.35784581793185 7.231724363516204 0
16.57708539396226 6.396525828326199 0
17.86818630757535 5.67738733831902 0
19.22013334100551 5.080444329530323 0
20.62139215884664 4.610789709234904 0
22.06000771493482 4.27243040505758 0
23.52370624858713 4.068253179279452 0
24.99999999999997 4 0
26.4762937514128 4.068253179279445 0
27.93999228506509 4.272430405057564 0
29.3786078411533 4.610789709234886 0
30.77986665899441 5.080444329530295 0
32.13181369242459 5.677387338318992 0
33.42291460603766 6.396525828326158 0
34.6421541820681 7.231724363516165 0
35.77913029834491 8.175857324469449 0
36.82414267553054 9.220869701655076 0
37.76827563648382 10.35784581793189 0
38.60347417167382 11.5770853939623 0
39.322612661681 12.86818630757539 0
39.91955567046969 14.22013334100555 0
40.38921029076511 15.62139215884668 0
40.72756959494243 17.06000771493489 0
40.93174682072056 18.52370624858718 0
1 10 0 67
466
467
468
469
470
471
472
473
474
475
476
477
478
479
480
481
482
483
484
485
486
487
488
489
490
491
492
493
494
495
496
497
498
499
500
501
502
503
504
505
506
507
508
509
510
511
512
513
514
515
516
517
518
519
520
521
522
523
524
525
526
527
528
529
530
531
532
40.93174682072056 81.47629375141283 0
40.72756959494243 82.93999228506512 0
40.38921029076511 84.37860784115333 0
39.91955567046969 85.77986665899444 0
39.322612661681 87.1318136924246 0
38.60347417167383 88.42291460603768 0
37.76827563648384 89.6421541820681 0
36.82414267553055 90.77913029834491 0
35.77913029834492 91.82414267553054 0
34.64215418206812 92.76827563648382 0
33.42291460603771 93.60347417167381 0
32.13181369242463 94.32261266168099 0
30.77986665899447 94.91955567046969 0
29.37860784115335 95.38921029076509 0
27.93999228506516 95.72756959494242 0
26.47629375141286 95.93174682072055 0
25.00000000000003 96 0
23.5237062485872 95.93174682072055 0
22.06000771493491 95.72756959494244 0
20.62139215884671 95.38921029076512 0
19.22013334100558 94.91955567046971 0
17.86818630757542 94.32261266168101 0
16.57708539396234 93.60347417167385 0
15.35784581793193 92.76827563648386 0
14.22086970165512 91.82414267553058 0
13.17585732446949 90.77913029834495 0
12.2317243635162 89.64215418206814 0
11.39652582832621 88.42291460603775 0
10.67738733831903 87.13181369242467 0
10.08044432953033 85.77986665899451 0
9.610789709234913 84.3786078411534 0
9.272430405057586 82.9399922850652 0
9.068253179279454 81.47629375141291 0
9 80.00000000000007 0
9.06825317927944 78.52370624858725 0
9.272430405057557 77.06000771493495 0
9.610789709234878 75.62139215884673 0
10.08044432953029 74.22013334100561 0
10.67738733831897 72.86818630757544 0
11.39652582832614 71.57708539396236 0
12.23172436351614 70.35784581793195 0
13.17585732446942 69.22086970165513 0
14.22086970165504 68.17585732446949 0
15.35784581793185 67.23172436351621 0
16.57708539396226 66.3965258283262 0
17.86818630757535 65.67738733831902 0
19.22013334100551 65.08044432953032 0
20.62139215884664 64.61078970923491 0
22.06000771493482 64.27243040505758 0
23.52370624858713 64.06825317927945 0
24.99999999999997 64 0
26.4762937514128 64.06825317927945 0
27.93999228506509 64.27243040505756 0
29.3786078411533 64.61078970923489 0
30.77986665899441 65.08044432953029 0
32.13181369242459 65.67738733831899 0
33.42291460603766 66.39652582832616 0
34.6421541820681 67.23172436351616 0
35.77913029834491 68.17585732446945 0
36.82414267553054 69.22086970165508 0
37.76827563648382 70.35784581793189 0
38.60347417167382 71.57708539396231 0
39.322612661681 72.86818630757539 0
39.91955567046969 74.22013334100555 0
40.38921029076511 75.62139215884669 0
40.72756959494243 77.0600077149349 0
40.93174682072056 78.52370624858719 0
1 11 0 75
533
534
535
536
537
538
539
540
541
542
543
544
545
546
547
548
549
550
551
552
553
554
555
556
557
558
559
560
561
562
563
564
565
566
567
568
569
570
571
572
573
574
575
576
577
578
579
580
581
582
583
584
585
586
587
588
589
590
591
592
593
594
595
596
597
598
599
600
601
602
603
604
605
606
607
187.9385208741201 51.48642821850198 0
187.754503461249 52.96270262505321 0
187.449204786908 54.41873876853439 0
187.0247103506114 55.84459044568431 0
186.483919879791 57.23051764375346 0
185.8305275217168 58.56705307466734 0
185.0689966087255 59.8450668462037 0
184.2045291691351 61.05582882841404 0
183.2430303921164 62.19106828926336 0
182.1910682892633 63.24303039211638 0
181.055828828414 64.2045291691351 0
179.8450668462037 65.06899660872553 0
178.5670530746673 65.83052752171682 0
177.2305176437534 66.48391987979105 0
175.8445904456843 67.02471035061143 0
174.4187387685344 67.44920478690796 0
172.9627026250532 67.75450346124902 0
171.486428218502 67.93852087412006 0
170 68 0
168.513571781498 67.93852087412006 0
167.0372973749468 67.754503461249 0
165.5812612314656 67.44920478690794 0
164.1554095543157 67.02471035061141 0
162.7694823562465 66.48391987979102 0
161.4329469253327 65.83052752171679 0
160.1549331537963 65.0689966087255 0
158.9441711715859 64.20452916913506 0
157.8089317107366 63.24303039211635 0
156.7569696078836 62.19106828926331 0
155.7954708308649 61.05582882841399 0
154.9310033912745 59.84506684620366 0
154.1694724782832 58.56705307466729 0
153.516080120209 57.23051764375342 0
152.9752896493886 55.84459044568427 0
152.550795213092 54.41873876853435 0
152.245496538751 52.96270262505318 0
152.0614791258799 51.48642821850194 0
152 49.99999999999996 0
152.0614791258799 48.51357178149799 0
152.245496538751 47.03729737494676 0
152.5507952130921 45.58126123146558 0
152.9752896493886 44.15540955431566 0
153.516080120209 42.76948235624652 0
154.1694724782832 41.43294692533264 0
154.9310033912745 40.15493315379628 0
155.7954708308649 38.94417117158595 0
156.7569696078837 37.80893171073663 0
157.8089317107367 36.7569696078836 0
158.944171171586 35.79547083086489 0
160.1549331537963 34.93100339127446 0
161.4329469253327 34.16947247828317 0
162.7694823562466 33.51608012020895 0
164.1554095543158 32.97528964938856 0
165.5812612314657 32.55079521309204 0
167.0372973749468 32.24549653875098 0
168.5135717814981 32.06147912587994 0
170.0000000000001 32 0
171.4864282185021 32.06147912587995 0
172.9627026250533 32.24549653875101 0
174.4187387685345 32.55079521309207 0
175.8445904456844 32.9752896493886 0
177.2305176437535 33.516080120209 0
178.5670530746674 34.16947247828324 0
179.8450668462038 34.93100339127453 0
181.0558288284141 35.79547083086497 0
182.1910682892634 36.75696960788369 0
183.2430303921165 37.80893171073674 0
184.2045291691351 38.94417117158605 0
185.0689966087255 40.15493315379637 0
185.8305275217168 41.43294692533272 0
186.483919879791 42.7694823562466 0
187.0247103506114 44.15540955431571 0
187.449204786908 45.58126123146563 0
187.754503461249 47.03729737494682 0
187.9385208741201 48.51357178149802 0
1 12 0 33
608
609
610
611
612
613
614
615
616
617
618
619
620
621
622
623
624
625
626
627
628
629
630
631
632
633
634
635
636
637
638
639
640
32.86378479747121 21.46999614253256 0
32.45977783523485 22.88993332949722 0
31.80173708583692 24.21145730301884 0
30.91207133776528 25.38956514917245 0
29.82107709103406 26.38413781824191 0
28.56590684621231 27.16130633084049 0
27.18930392057668 27.69460514538255 0
25.73814687570643 27.96587341036027 0
24.2618531242936 27.96587341036028 0
22.81069607942336 27.69460514538256 0
21.43409315378771 27.16130633084051 0
20.17892290896597 26.38413781824193 0
19.08792866223475 25.38956514917248 0
18.1982629141631 24.21145730301887 0
17.54022216476517 22.88993332949726 0
17.13621520252879 21.4699961425326 0
17 20.00000000000004 0
17.13621520252878 18.53000385746748 0
17.54022216476514 17.1100666705028 0
18.19826291416307 15.78854269698118 0
19.08792866223471 14.61043485082756 0
20.17892290896593 13.6158621817581 0
21.43409315378768 12.83869366915951 0
22.81069607942332 12.30539485461745 0
24.26185312429356 12.03412658963973 0
25.7381468757064 12.03412658963972 0
27.18930392057665 12.30539485461744 0
28.5659068462123 12.8386936691595 0
29.82107709103405 13.61586218175808 0
30.91207133776527 14.61043485082754 0
31.80173708583691 15.78854269698115 0
32.45977783523485 17.11006667050277 0
32.86378479747122 18.53000385746745 0
1 13 0 33
641
642
643
644
645
646
647
648
649
650
651
652
653
654
655
656
657
658
659
660
661
662
663
664
665
666
667
668
669
670
671
672
673
32.86378479747121 81.46999614253257 0
32.45977783523485 82.88993332949723 0
31.80173708583692 84.21145730301885 0
30.91207133776528 85.38956514917245 0
29.82107709103406 86.38413781824191 0
28.56590684621231 87.16130633084049 0
27.18930392057668 87.69460514538255 0
25.73814687570643 87.96587341036027 0
24.2618531242936 87.96587341036027 0
22.81069607942336 87.69460514538255 0
21.43409315378771 87.1613063308405 0
20.17892290896597 86.38413781824192 0
19.08792866223475 85.38956514917248 0
18.1982629141631 84.21145730301888 0
17.54022216476517 82.88993332949725 0
17.13621520252879 81.46999614253261 0
17 80.00000000000004 0
17.13621520252878 78.53000385746748 0
17.54022216476514 77.1100666705028 0
18.19826291416307 75.78854269698118 0
19.08792866223471 74.61043485082756 0
20.17892290896593 73.6158621817581 0
21.43409315378768 72.83869366915951 0
22.81069607942332 72.30539485461745 0
24.26185312429356 72.03412658963973 0
25.7381468757064 72.03412658963973 0
27.18930392057665 72.30539485461745 0
28.5659068462123 72.8386936691595 0
29.82107709103405 73.61586218175808 0
30.91207133776527 74.61043485082755 0
31.80173708583691 75.78854269698115 0
32.45977783523485 77.11006667050277 0
32.86378479747122 78.53000385746745 0
1 14 0 41
674
675
676
677
678
679
680
681
682
683
684
685
686
687
688
689
690
691
692
693
694
695
696
697
698
699
700
701
702
703
704
705
706
707
708
709
710
711
712
713
714
179.8883082622513 51.49042266176174 0
179.5557280578614 52.94755174410904 0
179.0096886790242 54.33883739117558 0
178.26238774316 55.63320058063621 0
177.3305187182983 56.80172737770919 0
176.2348980185873 57.81831482468029 0
175 58.66025403784438 0
173.653410243664 59.30873748644204 0
172.2252093395632 59.74927912181823 0
170.7473009358642 59.9720379718118 0
169.2526990641358 59.9720379718118 0
167.7747906604368 59.74927912181823 0
166.346589756336 59.30873748644204 0
165 58.66025403784439 0
163.7651019814127 57.8183148246803 0
162.6694812817017 56.8017273777092 0
161.73761225684 55.63320058063622 0
160.9903113209758 54.33883739117559 0
160.4442719421386 52.94755174410906 0
160.1116917377487 51.49042266176176 0
160 50.00000000000003 0
160.1116917377487 48.50957733823829 0
160.4442719421386 47.052448255891 0
160.9903113209758 45.66116260882446 0
161.73761225684 44.36679941936383 0
162.6694812817017 43.19827262229085 0
163.7651019814126 42.18168517531975 0
164.9999999999999 41.33974596215565 0
166.346589756336 40.69126251355799 0
167.7747906604368 40.25072087818178 0
169.2526990641357 40.02796202818821 0
170.7473009358641 40.02796202818819 0
172.2252093395631 40.25072087818175 0
173.6534102436639 40.69126251355793 0
174.9999999999999 41.33974596215558 0
176.2348980185873 42.18168517531967 0
177.3305187182982 43.19827262229077 0
178.2623877431599 44.36679941936374 0
179.0096886790242 45.66116260882439 0
179.5557280578614 47.05244825589094 0
179.8883082622513 48.50957733823824 0
2 2 0 285
715
716
717
718
719
720
721
722
723
724
725
726
727
728
729
730
731
732
733
734
735
736
737
738
739
740
741
742
743
744
745
746
747
748
749
750
751
752
753
754
755
756
757
758
759
760
761
762
763
764
765
766
767
768
769
770
771
772
773
774
775
776
777
778
779
780
781
782
783
784
785
786
787
788
789
790
791
792
793
794
795
796
797
798
799
800
801
802
803
804
805
806
807
808
809
810
811
812
813
814
815
816
817
818
819
820
821
822
823
824
825
826
827
828
829
830
831
832
833
834
835
836
837
838
839
840
841
842
843
844
845
846
847
848
849
850
851
852
853
854
855
856
857
858
859
860
861
862
863
864
865
866
867
868
869
870
871
872
873
874
875
876
877
878
879
880
881
882
883
884
885
886
887
888
889
890
891
892
893
894
895
896
897
898
899
900
901
902
903
904
905
906
907
908
909
910
911
912
913
914
915
916
917
918
919
920
921
922
923
924
925
926
927
928
929
930
931
932
933
934
935
936
937
938
939
940
941
942
943
944
945
946
947
948
949
950
951
952
953
954
955
956
957
958
959
960
961
962
963
964
965
966
967
968
969
970
971
972
973
974
975
976
977
978
979
980
981
982
983
984
985
986
987
988
989
990
991
992
993
994
995
996
997
998
999
23.23488896528505 10.97210172995882 0
34.16512147031193 19.02219922715805 0
16.72476920668427 24.12057532196203 0
18.65865845465628 26.86021371396891 0
33.25752139057116 24.14468326797527 0
31.15975125834656 26.7389248229905 0
28.25185026735093 28.60488580722081 0
15.76454708538668 19.08098035654832 0
17.62282446503211 14.42901563519742 0
21.70458590934001 28.60915026877889 0
29.97280409307861 12.09137605138709 0
25.03522820437004 29.07859752488924 0
32.45140985694151 14.36061590745955 0
26.67895288259199 10.92898543206461 0
20.13346035644498 12.14026860736889 0
10.64261933962817 23.29988503157665 0
38.81743233158209 15.26978499802607 0
11.05914275290995 15.32749558210673 0
39.50649791071654 22.09561227378816 0
20.32909539146485 6.197738141346321 0
36.99711432673479 28.26976261223028 0
28.36627231008481 34.31251232500192 0
12.81807947628454 28.24583415418312 0
17.84542805195424 32.8449172266392 0
22.9686796461591 34.56205809420657 0
30.90563782300882 6.561831135441814 0
33.39094370025138 32.0605562093256 0
34.53078143771023 8.707476644415891 0
14.62620449362294 9.594111845904656 0
25.78499757085768 5.328672593450577 0
10.09444857318934 19.33587068696733 0
37.12270027391481 11.74531281180219 0
14.61900934186062 30.32041660538002 0
17.77746684799263 7.223862583845275 0
30.98475268405855 33.32189187361801 0
25.66572125963512 34.7267638598583 0
38.39693360974803 25.81206716905501 0
12.90957558957112 11.61009094924607 0
28.30510097966685 5.562370393900501 0
20.32749558210672 33.94085724709005 0
35.5067872820357 30.59567851870287 0
23.07601095394222 5.523886393356548 0
11.51805479577069 25.86293321971936 0
39.7626443037576 18.06683720830653 0
21.67338904287466 11.4404837027684 0
22.03987683029553 9.978049014410708 0
23.57963852707199 9.520897548737913 0
22.4209816038987 8.488140939738408 0
21.01211462765076 8.946390062860246 0
23.83466245312944 8.007693177413941 0
24.94269524718587 8.962259465345447 0
25.18367073285754 7.56670514185172 0
26.34025016349142 8.484144886798141 0
26.54139885164869 6.938131374216312 0
27.73791350350552 8.006055675350723 0
20.18723617227261 28.05987573142411 0
18.59834110602284 28.40975725096943 0
17.3759345573649 27.65249673489989 0
20.55655697776946 29.57655307640861 0
21.94631364721904 30.07152167100146 0
17.31043836921701 29.03595253182684 0
16.10751569204 28.25281644751848 0
20.75434548122983 31.00907563964705 0
22.12678263164968 31.53801990137106 0
16.15272177492078 26.87400030816126 0
19.51181249594674 30.48519888584498 0
14.95206376176598 27.44857772555522 0
15.00451267663043 25.95120825855959 0
23.2645642342079 30.61256885476842 0
23.50015080276603 32.0546877272692 0
24.64402132231722 31.2196411027411 0
24.84597539071019 32.5515399866097 0
26.02146914512886 31.70028147321354 0
13.62054456208743 26.8419983685385 0
13.80562380242901 25.12033188637049 0
33.8615821750718 17.53517589294577 0
35.31164132384102 18.07111630079419 0
35.0160001220317 16.57846840443254 0
35.57207501885408 19.48223392714826 0
36.46965368133465 17.15915374293312 0
36.25803863848191 15.69129246810162 0
34.88908722188971 15.12288082493293 0
36.07146777193033 14.22831936903209 0
34.74229591796589 13.69681062913375 0
15.92969077399871 17.73221110863425 0
14.58984788081864 18.29404818237526 0
14.40749137406458 19.67016590850228 0
14.68471820148197 16.89082225208481 0
13.37747750055127 17.45208696029977 0
13.53108212005702 15.9850346265622 0
14.77006788173939 15.42036795100319 0
13.65941539883677 14.50738903091565 0
15.01410715768671 13.99629696151 0
28.25014545102056 11.19606313747987 0
29.71541065211701 10.52437528174038 0
31.08277061471358 11.07142702183809 0
30.86490560900032 9.660574401492084 0
32.19606379002468 10.26689755867459 0
32.42787392345903 11.61864644186942 0
32.0622192457415 8.773184747055367 0
33.54014978985083 10.84629540188446 0
32.29867099589265 25.51106535028454 0
33.83488985802802 25.58065402330912 0
34.70783011547572 24.27328357200032 0
35.37045774058014 25.63598331645106 0
34.48586464133858 26.8405588414901 0
36.23046144777381 24.41198504386035 0
35.5597401757052 23.04746562572979 0
37.06589654151747 23.1938248854168 0
36.43155383024114 21.89919689085816 0
34.97989426358417 21.78148492403977 0
16.08719508866045 22.77725191272539 0
18.8171304642164 13.13538634902433 0
18.60024851176564 11.64061610923375 0
17.25545466947341 12.4272513665838 0
17.3124533480419 10.89746457082769 0
18.65770326938258 10.10722096892175 0
15.92624349166493 11.4190235821228 0
17.37871304783357 9.471007982808459 0
26.67263128040408 28.95066314021553 0
27.77862664765672 30.02015825690151 0
29.31217778850953 29.64741297517575 0
28.63093383121883 31.22976659012868 0
30.28307153762022 30.82240649328322 0
30.76192057037387 29.41465026013653 0
31.69487661190558 30.47604568379682 0
32.21060305032896 29.15869850026598 0
33.16474793884574 30.43844978140391 0
33.64185604352242 28.75613309607168 0
29.61861753588006 9.149991766086231 0
19.46257218737391 32.12071547941032 0
15.76160949213681 21.34163488465719 0
14.41303103199238 22.56003137399477 0
32.78429068318691 26.94433265565658 0
16.93708994218167 15.76443458306276 0
20.31173877911789 10.59075777343765 0
15.2184770654583 24.1029247464774 0
17.69812368731607 25.42401002312191 0
31.19325245125992 13.3152270366428 0
18.60782678481796 8.529687491239763 0
33.2752307933158 15.8794246780381 0
29.86952898461639 27.93987102439069 0
24.95900071877384 10.67822839309945 0
27.44475762335526 9.609950537339692 0
36.07155997471413 26.93992130574045 0
35.09627437637434 28.19398178978255 0
21.35478331369418 7.443088078909746 0
11.96536302943024 16.48095445670231 0
12.07906386160634 18.03582655416599 0
22.48700281393022 33.08050128856769 0
26.19141443537671 33.30397355160031 0
27.39689561580271 32.2126473027284 0
33.70300400292136 12.25965776904576 0
34.88472010087622 11.39914290674187 0
35.99948310164029 12.87137579455582 0
37.23117370168026 13.38382786074381 0
37.91504254246152 21.98514366328659 0
37.29578859314898 20.75748441943619 0
38.49056024525571 23.32955875362571 0
13.71207576975326 12.95307343942807 0
12.63435439446931 13.84939213222736 0
14.40070725821573 11.63832211412723 0
37.6289041398138 16.22522179885369 0
37.7463550237538 17.76200474202501 0
29.8946063104428 32.2390138055527 0
24.0628043707957 6.612541377682376 0
16.00199798348157 29.71010199520047 0
17.1017062393866 30.56521397924721 0
15.65919798448705 31.24669734180256 0
10.84253909702115 17.28761159047018 0
23.32604983606804 29.16023713385341 0
14.87265861337401 28.88666625089727 0
38.73595292908357 20.75885125428901 0
37.97782501625188 19.38414043487949 0
20.00657441205473 7.904146194546605 0
33.93336212336406 22.79899132752449 0
20.96342084938894 32.4646471733895 0
13.24554949762766 18.89375698119948 0
13.09338412094317 20.34612645401398 0
37.70232496579635 24.53455149481411 0
11.99053078763228 19.52303694582975 0
11.88839307436949 20.98875186204692 0
13.00978450409744 21.75457450275146 0
37.44139070612793 14.79275082548341 0
31.24285107194862 31.87903343883157 0
36.88125393821521 25.71762588779777 0
22.72259033155652 7.020554965529833 0
39.57039434372619 19.41764975318833 0
16.43225035065112 13.57301230364985 0
16.05681137779405 10.12113576067433 0
16.05934990348396 8.668450294851723 0
30.75979570955207 8.179840700619721 0
29.34758219434181 7.669355020695512 0
13.84005998585134 23.67916019855835 0
12.47648603426872 24.55444967559545 0
36.69267100178102 18.56244459124148 0
25.95226157259805 30.27653897960225 0
11.6884335650624 22.39293966207777 0
10.48730716765188 21.62314987276093 0
34.65250387243448 10.04076397750413 0
36.13077928303118 10.53863327161524 0
37.7121581137945 27.04901754554763 0
21.69397997740654 5.84474794890582 0
39.09726318986837 16.92518036372093 0
29.6399761101232 33.74217008402704 0
34.28218055660923 20.53371218791536 0
23.77885404315265 33.44023617597821 0
12.36002932101081 15.04485914288911 0
19.09807169557604 6.789955843414774 0
36.09544456163822 29.38085833443217 0
38.50905402713657 13.90640999659904 0
39.08774411526552 24.59527615141561 0
24.44871385089368 5.317220342046319 0
34.47353855168632 31.23942132334513 0
27.04879999299463 5.312634481811578 0
19.10310312600539 33.51793786101659 0
18.21378771510723 31.41882157060271 0
24.31511894778328 34.81375122041936 0
32.25948959227064 32.77449376436672 0
29.50641592349579 6.067438153930894 0
21.5713331275611 34.19414061482689 0
27.04012189093646 34.65867811390937 0
12.13191734850163 27.05194486559282 0
11.01304743218269 24.57805364588553 0
32.11629232180046 7.20628331332265 0
33.33565663164657 7.95272976729035 0
16.3434883802195 25.505094025136 0
32.46857341568207 12.8561184843186 0
14.36027274870241 20.98217099610861 0
13.73032883525207 10.51633278606596 0
33.34432880464995 9.422641546890333 0
19.7504311647067 9.346318513395609 0
13.61757582061958 29.3281070489893 0
33.70669505194901 14.54599509799797 0
26.00131423944208 9.77503855095317 0
31.58850035676674 28.05725067448783 0
28.60170755468847 32.75554886929669 0
16.79250853380491 32.07456665440823 0
35.79218395852247 20.78023076363498 0
12.72168037973354 23.10725621188351 0
15.47899563174158 12.70230449441357 0
27.45307913519217 33.46039376333526 0
15.99022518243423 14.79980312621515 0
27.15603736248103 31.08787852051488 0
11.3108182303616 14.11888902882042 0
28.46516134085591 6.724913575036574 0
16.66696325813965 7.56956698457261 0
18.36665666159975 29.85817010768984 0
34.66310812568378 29.76742047395639 0
39.95661734112267 20.74091506215476 0
12.73520454858398 25.84707130087283 0
9.988802000684686 20.51731563512432 0
24.95941681533158 33.76725295889317 0
35.65005701947189 9.349942980528283 0
12.08550303751085 12.68791117988968 0
10.10985565548648 18.16754549208118 0
15.03790398211696 10.67675628753066 0
38.18636578508396 12.65524245286899 0
39.69298074307589 23.45575766887724 0
25.20431707541066 6.352654165849458 0
32.38366179890289 31.45939423107031 0
13.9881258042125 28.09444080306228 0
33.73869272835758 27.68067390558416 0
15.89987619548505 16.41764579642507 0
24.39147721097227 30.07518138849149 0
28.51861387334937 8.891923687082837 0
15.45878414005809 20.21499042916328 0
35.95435217068905 11.70046444798768 0
36.70754073341981 19.73456009074546 0
17.42786202177957 8.309538798823624 0
34.81980781974634 12.56299898854421 0
33.64863101086772 13.38036614608331 0
19.46385404391805 29.23407642764787 0
11.70845335017509 23.58651684540378 0
32.76235693000311 28.13696518834329 0
28.71480015953391 9.896220443491273 0
38.72207854803918 18.38945707575284 0
27.47848194960044 6.36866986952834 0
19.93018320958905 32.9855354927569 0
11.06489860229101 18.7230040303223 0
34.01480543525719 21.64604614550305 0
10.50156531669771 16.2488868042699 0
31.40090863512522 12.13202136709371 0
17.26232587030709 26.55784549253378 0
11.03078198645581 20.1668117680293 0
2 3 0 285
1000
1001
1002
1003
1004
1005
1006
1007
1008
1009
1010
1011
1012
1013
1014
1015
1016
1017
1018
1019
1020
1021
1022
1023
1024
1025
1026
1027
1028
1029
1030
1031
1032
1033
1034
1035
1036
1037
1038
1039
1040
1041
1042
1043
1044
1045
1046
1047
1048
1049
1050
1051
1052
1053
1054
1055
1056
1057
1058
1059
1060
1061
1062
1063
1064
1065
1066
1067
1068
1069
1070
1071
1072
1073
1074
1075
1076
1077
1078
1079
1080
1081
1082
1083
1084
1085
1086
1087
1088
1089
1090
1091
1092
1093
1094
1095
1096
1097
1098
1099
1100
1101
1102
1103
1104
1105
1106
1107
1108
1109
1110
1111
1112
1113
1114
1115
1116
1117
1118
1119
1120
1121
1122
1123
1124
1125
1126
1127
1128
1129
1130
1131
1132
1133
1134
1135
1136
1137
1138
1139
1140
1141
1142
1143
1144
1145
1146
1147
1148
1149
1150
1151
1152
1153
1154
1155
1156
1157
1158
1159
1160
1161
1162
1163
1164
1165
1166
1167
1168
1169
1170
1171
1172
1173
1174
1175
1176
1177
1178
1179
1180
1181
1182
1183
1184
1185
1186
1187
1188
1189
1190
1191
1192
1193
1194
1195
1196
1197
1198
1199
1200
1201
1202
1203
1204
1205
1206
1207
1208
1209
1210
1211
1212
1213
1214
1215
1216
1217
1218
1219
1220
1221
1222
1223
1224
1225
1226
1227
1228
1229
1230
1231
1232
1233
1234
1235
1236
1237
1238
1239
1240
1241
1242
1243
1244
1245
1246
1247
1248
1249
1250
1251
1252
1253
1254
1255
1256
1257
1258
1259
1260
1261
1262
1263
1264
1265
1266
1267
1268
1269
1270
1271
1272
1273
1274
1275
1276
1277
1278
1279
1280
1281
1282
1283
1284
34.20494640163393 79.14703610296219 0
16.14381913456396 82.55837479299467 0
18.7466965185682 73.25353623217255 0
23.27331535931603 70.92345817617075 0
20.17876986316114 87.85703398676159 0
17.75376039295458 85.55460493819936 0
31.30244912492935 86.71400147310646 0
23.36644046350492 88.93051718300313 0
33.92401614100436 82.63528612315453 0
28.40966191921061 88.57678144631025 0
31.15780327038405 73.12479362500332 0
16.61770618620137 75.90629890991278 0
33.21687818157345 76.1782711381544 0
15.77318998662818 78.93054262908186 0
28.3939991244508 71.49276711379824 0
18.97936098058501 66.66154508522004 0
27.05889193028173 94.5428870696162 0
37.10086116573023 88.17479061872388 0
26.965407355967 65.47249603983205 0
39.57238212562031 80.60701096611746 0
14.65719753891401 90.46904779420214 0
19.06112763451304 93.45026369055384 0
10.65227533993071 81.93342169847458 0
12.15508277336086 87.15457194804586 0
13.01306124985733 71.74046564066816 0
32.15457194804577 67.15508277336082 0
37.09026294424017 71.68768970824934 0
39.3125123250019 76.63372768991519 0
10.75017007751174 76.64306693591872 0
33.1776734240796 92.17415340045761 0
23.05489738127858 65.49252208307149 0
38.88125569478822 84.71686913344796 0
15.7279008258631 68.71156394362868 0
22.8824164075517 94.56458019981673 0
11.05914275290999 84.67250441789344 0
10.3788275594963 79.49039288246934 0
38.47959094482694 74.03147126315724 0
16.65231702413558 91.93321291687226 0
30.9232094156124 93.4265983721629 0
34.37879966514041 68.71300638343673 0
11.57441881969822 73.98423099493453 0
29.64664090187607 66.07777252966575 0
35.27327302729776 90.33342096365988 0
21.74347930954411 71.39685549300745 0
22.12759049360753 69.90614742968765 0
23.55942059710662 69.48181970584058 0
20.67888154082155 70.30327038910983 0
22.4361104827654 68.46441948327458 0
23.8319007898354 67.9778101872822 0
24.96117344000089 69.00529645264639 0
25.23798629020411 67.4992250326608 0
26.34583791664781 68.49136356550153 0
26.05549950938038 69.93345384873997 0
27.41470098544211 69.41447832469717 0
27.73308028899612 68.00275665940089 0
28.78731019379694 68.89161365996287 0
27.03223307071632 89.11356530261068 0
28.1130986450294 90.07919419273532 0
26.8179098884593 90.61696173625278 0
29.57909644873786 89.52486673519608 0
27.87871320001217 91.48251551307207 0
26.51510727332787 92.04617571478798 0
25.35735259962492 90.88881019646546 0
25.1306477151207 92.58885253474166 0
23.9594291256505 91.65904255844237 0
15.74965111134013 81.17566509049786 0
14.68337842967223 82.17785883791393 0
15.12306307116273 83.62465952904591 0
14.36953572580688 80.84365438562989 0
13.65665211280816 83.23713493111904 0
14.06114313344688 84.65748830069752 0
15.4851536255368 85.01059203982749 0
14.47632131834784 86.06719040897369 0
15.84411561425935 86.48423625954005 0
14.87492330126398 87.49484718829964 0
16.26664244489328 87.83295224643848 0
32.30709028317114 85.58452892815198 0
32.75811375178654 87.0478317538861 0
33.76718229845476 85.92760793163552 0
34.17905775684186 87.44099187482435 0
33.1738360293899 88.40497952746182 0
35.22284440952691 86.38629822828288 0
34.85156667934859 84.95234099895228 0
36.27790336742319 85.35693881787172 0
35.99221315526597 83.99669545292342 0
18.811664306762 87.02986052879396 0
18.85903848097324 88.60500391925743 0
20.145424729116 89.34026148196588 0
18.80109408672644 90.04305449964707 0
20.05478177215247 90.81412486380977 0
21.3440705661698 90.11299757934262 0
21.33499034985451 91.49409952010896 0
32.25228799151294 74.11855312683682 0
32.63490166637092 72.72057999792054 0
31.48524034218016 71.65535072860973 0
33.69361266581862 73.64028566569016 0
33.99559110556845 72.30487663357133 0
35.1079701224965 73.27428912891742 0
34.80423560914997 74.61247168683852 0
36.15108979755627 74.25403495072359 0
35.85766436032327 75.56337574294335 0
17.48095263982813 74.49368895732073 0
17.2158896528554 72.95393595079366 0
18.2772674909809 71.824277568342 0
16.743797232311 71.54664328397818 0
15.83212024555957 72.65103781834765 0
17.6957675024528 70.41115028869984 0
15.358820540881 71.34510608257565 0
34.32555728417803 80.5526242926445 0
35.51090984313393 79.70670877324739 0
35.71370898122257 81.12825669681635 0
36.88736135433262 80.35392234466212 0
36.71280399604594 78.84991450179835 0
36.97169096334925 81.72158915242612 0
33.97282772093489 77.30722083286753 0
16.11029055018156 77.52437685553917 0
14.67777763766469 78.03922595560506 0
14.95970148551194 76.57582481168404 0
13.53650235417811 77.14994646424412 0
13.76220213299926 75.69256006910229 0
13.26617629895166 78.64433391786889 0
20.02857488398773 71.98259475847006 0
15.08084032132959 75.18797900688554 0
13.92333113897671 74.23042723219204 0
38.37336987946886 79.5896880374829 0
18.71392517908721 91.67328352921965 0
38.27070007560856 77.92330664795837 0
17.5697478212174 89.44473581898522 0
24.79642111278386 89.29666949255761 0
36.68374895570055 77.43779061684882 0
12.14780877487607 77.69451600081315 0
30.07265304716992 87.93537418939272 0
31.04596384993842 89.23606584627913 0
30.60155028073859 90.58990053219944 0
31.98948057009409 90.2446891866301 0
31.66599882869835 91.7046528590042 0
29.71616600596953 71.91315330410843 0
30.49946312899685 70.54724867477725 0
31.9741425386284 70.27442406971637 0
31.03145178370707 69.30447275892756 0
32.53936558952167 68.75665874524276 0
33.27523079331581 84.12057532196187 0
30.15279227679629 92.01256405881212 0
29.42430967332554 93.31827774643961 0
33.43195532301021 70.01985345639794 0
34.94997114889657 70.10303398849284 0
34.62903939119575 88.84503678027136 0
27.77500799861001 93.02543903092577 0
35.42151556034639 71.71183599703301 0
13.04712746693012 85.87680067651223 0
37.32409334337432 75.22421730505097 0
14.37418281650147 72.5501423892706 0
11.79995712923498 79.1290267530085 0
37.37956054451842 84.36336588842973 0
37.65910580491316 85.75685975929728 0
38.38011652649479 83.28999865301444 0
39.29936797425928 78.67424040766144 0
23.71741251456895 93.30517976020408 0
25.00336376642932 93.82052774124446 0
22.38888724599738 93.37770851052349 0
15.11453179629994 89.03289184936693 0
13.96095697394031 88.32709616846023 0
16.2021777855698 90.2886853640417 0
22.72626132322442 66.98319028651711 0
21.26585596410237 67.60426085044523 0
22.65285348378995 90.90755793835056 0
19.17821517502006 70.55465272286749 0
18.59183777780261 69.21934706172172 0
17.16223042098365 69.02331413131625 0
18.09411596458683 67.93411957689003 0
19.72268677013449 68.10813827103252 0
29.13531392771064 67.52800794989531 0
35.43230713149649 78.21549894927055 0
33.4913701588702 89.85928824638813 0
21.67104557430949 88.69687906880901 0
16.67804637619507 84.19122315711994 0
21.45495940919695 66.00290377321936 0
24.12014452977414 66.52156968205702 0
25.49385627113193 66.09652426881885 0
28.09075068079736 66.58798435648717 0
30.5740794257497 67.24374055272632 0
24.75258895624521 70.64168289412359 0
12.5265529701464 84.36374208170702 0
12.031772372768 82.87171260547234 0
20.10537186286564 92.30162280389563 0
20.36848480985317 93.81706957719318 0
38.20903943227314 81.04074914801231 0
17.61241633575655 90.87772239159419 0
13.26292220499917 81.85781377058376 0
12.90210767923476 80.3195069459741 0
11.302521165252 80.53152705284745 0
36.65281390581713 86.7913910902987 0
16.23087922113621 70.16352212460185 0
14.645329525704 69.93182543604078 0
35.63439132375404 87.79847298168028 0
12.30415792580803 76.21306878257769 0
26.64448646729075 67.02505832045021 0
39.32314130604301 82.11232766892044 0
37.84056848045385 76.5681168320792 0
17.23865301280887 86.82084085952357 0
21.01504234711798 68.95182446350279 0
32.92419417995659 71.33797887980577 0
29.21937995884377 90.96034461940336 0
23.7583868250596 90.24400485719765 0
36.20499720333203 89.26216763745806 0
10.56957452090937 78.09011942262198 0
27.02684611133073 70.92609709795212 0
16.35021270450625 73.76428514897682 0
13.52686867993637 87.17380211147999 0
26.24264623546422 93.4276872796092 0
36.46609557132367 72.90239927969181 0
28.56512513022571 94.39437175145729 0
36.29425247036377 70.39498805944619 0
34.22036583955762 91.32289784460829 0
38.00468824234764 87.10625643928205 0
16.72153092805041 67.70815098427124 0
32.26432199337054 93.0462982929959 0
33.42756119816272 67.65059961877652 0
11.16817737930918 75.24882117506336 0
17.77575898994991 92.88176809641574 0
37.95544854566833 72.78386251123862 0
38.87758850914864 75.38317643167579 0
11.59095627186612 85.82988324592962 0
10.66224280680478 83.41431741354602 0
11.98710732084072 72.66004049699814 0
15.41808157364129 91.45667287742612 0
12.68908341407192 74.81103483709688 0
35.55326322760227 82.56450070770123 0
14.41651105764858 79.42336875098086 0
31.78865675937055 88.06263440227386 0
13.45887459414524 70.52455565203115 0
20.09387512577973 65.89525767300404 0
21.62530168266194 94.45168682811189 0
34.44020271733635 75.87621132400211 0
34.63056365063277 83.65938299159038 0
24.43329565866314 65.16563251485141 0
10.08444903145687 80.68868978906531 0
15.2836477888047 73.89728757534783 0
13.0260867670421 73.27248851738105 0
12.00499044728883 81.59488535142307 0
37.03356542128708 83.07477470938937 0
30.13054381801902 68.43836395786961 0
22.61968930599315 92.21094604501387 0
19.85118564283002 69.36215067240133 0
34.14464546355565 71.09551579106018 0
28.89004062151756 92.15982819373059 0
28.47256844062413 70.1623926425828 0
12.62500869631748 88.29662644873994 0
25.83723727193458 94.87548915645687 0
28.43432456401585 65.39814723150083 0
39.57547952324103 83.46267334211002 0
35.52391755817038 76.79523310438242 0
32.9585939466851 90.97810614512977 0
20.2495592855376 66.98479713249344 0
37.2752636405499 73.83919706197244 0
24.1757850585374 94.84863598998086 0
13.64459617397664 89.60591766718888 0
31.37364909731372 68.10623635928499 0
17.59223556498631 88.11984616306506 0
29.75121012015356 69.6667415698669 0
38.80780688195131 86.09674312755607 0
17.65522115643981 66.81359598050199 0
31.09791027141107 66.18954978920654 0
21.25422716230098 92.79095521661702 0
16.41231886189104 88.99506461896272 0
25.6975647636487 64.91190428559946 0
29.36668136403898 70.75646066102672 0
25.94841270945817 89.57637602764936 0
33.32547113263156 74.89656329322175 0
34.65555619600985 81.7002663938888 0
32.29786147353262 89.1615314418066 0
38.06081909673665 82.19448995955605 0
16.5020433302191 85.48894016725598 0
22.41782416500342 89.78143177436678 0
39.92355865632346 79.5591464419295 0
39.775988426386 77.65701195415832 0
29.81394105291844 94.3628467760546 0
35.71134685668513 69.28865314331499 0
15.46177757628475 80.0746461712381 0
36.70024633893161 76.34397746643302 0
17.68860438223231 91.84149673352546 0
11.57338915775513 83.80339312650818 0
25.85869713773511 70.90702088710577 0
14.19863175117854 71.29353052929727 0
16.15653695036846 74.74989247303893 0
2 4 0 326
1285
1286
1287
1288
1289
1290
1291
1292
1293
1294
1295
1296
1297
1298
1299
1300
1301
1302
1303
1304
1305
1306
1307
1308
1309
1310
1311
1312
1313
1314
1315
1316
1317
1318
1319
1320
1321
1322
1323
1324
1325
1326
1327
1328
1329
1330
1331
1332
1333
1334
1335
1336
1337
1338
1339
1340
1341
1342
1343
1344
1345
1346
1347
1348
1349
1350
1351
1352
1353
1354
1355
1356
1357
1358
1359
1360
1361
1362
1363
1364
1365
1366
1367
1368
1369
1370
1371
1372
1373
1374
1375
1376
1377
1378
1379
1380
1381
1382
1383
1384
1385
1386
1387
1388
1389
1390
1391
1392
1393
1394
1395
1396
1397
1398
1399
1400
1401
1402
1403
1404
1405
1406
1407
1408
1409
1410
1411
1412
1413
1414
1415
1416
1417
1418
1419
1420
1421
1422
1423
1424
1425
1426
1427
1428
1429
1430
1431
1432
1433
1434
1435
1436
1437
1438
1439
1440
1441
1442
1443
1444
1445
1446
1447
1448
1449
1450
1451
1452
1453
1454
1455
1456
1457
1458
1459
1460
1461
1462
1463
1464
1465
1466
1467
1468
1469
1470
1471
1472
1473
1474
1475
1476
1477
1478
1479
1480
1481
1482
1483
1484
1485
1486
1487
1488
1489
1490
1491
1492
1493
1494
1495
1496
1497
1498
1499
1500
1501
1502
1503
1504
1505
1506
1507
1508
1509
1510
1511
1512
1513
1514
1515
1516
1517
1518
1519
1520
1521
1522
1523
1524
1525
1526
1527
1528
1529
1530
1531
1532
1533
1534
1535
1536
1537
1538
1539
1540
1541
1542
1543
1544
1545
1546
1547
1548
1549
1550
1551
1552
1553
1554
1555
1556
1557
1558
1559
1560
1561
1562
1563
1564
1565
1566
1567
1568
1569
1570
1571
1572
1573
1574
1575
1576
1577
1578
1579
1580
1581
1582
1583
1584
1585
1586
1587
1588
1589
1590
1591
1592
1593
1594
1595
1596
1597
1598
1599
1600
1601
1602
1603
1604
1605
1606
1607
1608
1609
1610
185.5234678320604 43.80013252234878 0
154.4769621752532 44.07914648921187 0
154.4765275964863 56.1998678813587 0
185.5612762408995 55.87142106452976 0
162.5994004841263 35.10346475304851 0
177.271026204185 65.02272319072381 0
162.5328843183457 64.95001697299939 0
177.3526706858437 35.23035941043171 0
171.9800627004191 33.44774248820018 0
168.0439057347053 33.4496041764056 0
172.0764826034139 66.57419687404143 0
167.9232701470241 66.58712710414167 0
161.2096395568258 43.05386889628637 0
178.756921160806 42.97142157706705 0
178.7112330839255 56.8841220256935 0
161.0617703000821 56.96586156374502 0
158.7651019814127 49.15806078683597 0
181.2348980185873 50.84193921316405 0
186.4798389474759 47.8494021754301 0
153.5201643645564 52.15059126437652 0
159.2131519416017 37.31517069265837 0
158.9057652851822 62.73003439534151 0
180.6575418785179 62.7174162797284 0
180.7868480584115 37.31517069266086 0
173.2544902970615 39.22461011126352 0
166.5237286605274 60.77190193603403 0
173.3208300392741 60.76586656878933 0
166.7146801734592 39.24553877695651 0
170.1233185795361 61.16094798700319 0
170.0105606289123 38.85821949730435 0
176.3598184342337 59.27386481161441 0
163.5124559794474 59.43071508681493 0
176.3465897563359 40.69126251355787 0
163.6534102436639 40.691262513558 0
180.956300690975 47.46793599471466 0
159.0436993090249 52.53206400528526 0
156.4089926479881 40.25331608694262 0
183.6821962610907 40.31769778445055 0
183.6253273785567 59.68266105180316 0
156.3824997999331 59.55724505638226 0
153.4723231607082 47.88589439180127 0
186.5266310526185 52.11592597536693 0
159.5652374052102 45.94383594873991 0
180.3866176273221 53.96959213851897 0
174.6556874692054 65.95412215815111 0
165.2359583584886 66.00213379431921 0
165.2220365379898 34.14605575719267 0
174.4457934078726 34.16325622077002 0
165.0840321945673 39.66303284616902 0
163.6595868889317 39.07190154760073 0
162.4157643446251 39.80690511063445 0
162.4623138445544 38.30403460529375 0
163.6396783127229 37.58500978527351 0
161.1669087141895 39.02759508948766 0
161.0910554431127 40.49357004871569 0
159.8489409443624 39.72140466522556 0
159.7323285159958 41.19571269983153 0
160.9572940769336 37.4585980668982 0
158.5592577955349 40.51717123831771 0
158.4279516176926 41.96283069256419 0
165.6682115582726 38.12250474284914 0
167.0502501447291 37.77625518125442 0
165.9806782117352 36.70055233143952 0
167.3597849318039 36.31558473955479 0
168.4355724969244 37.3376301854944 0
168.7704701187993 35.88479590345196 0
169.8407709793586 36.83240137604142 0
170.188805420249 35.43262925871337 0
171.1966597883798 36.38022225957106 0
174.9115635869356 39.6600430367842 0
176.3396790746521 39.07140324603643 0
177.5842356553747 39.80690511063436 0
177.5375638160428 38.30395155503303 0
176.3747444472891 37.59333402833218 0
178.8330708959099 39.02758124777751 0
178.9089445568871 40.4935700487157 0
180.1510556573207 39.72140235827401 0
180.2544623011766 41.13849419764027 0
179.0426855332936 37.45858422500051 0
181.4604542512432 40.23228492313039 0
181.635492466574 41.80478323090664 0
174.328718620064 38.1114025079472 0
172.9895032592627 37.77835577091692 0
173.9375243753294 36.61949877567939 0
175.0428382231944 60.24675298216075 0
174.5273902669746 61.75192347777064 0
173.2405897157691 62.28487661984664 0
176.5239748358379 60.78651008892506 0
177.718128633096 59.91473517593374 0
177.8176143355771 61.43637060033569 0
179.035104544928 60.60553508402474 0
174.3670059186638 63.16942286932361 0
173.0680356550351 63.76629694652247 0
171.8778277491419 62.89244352172229 0
176.712951248495 62.16134285293361 0
171.6952723198418 64.32280161233197 0
170.5291953391315 63.53065268047548 0
170.3353663542165 64.92127782022766 0
169.1886074378612 63.98305233758112 0
178.0596622820483 62.93650904836996 0
178.9244920631062 59.11796771668073 0
180.2729258094472 59.77330314674317 0
180.223747604905 58.37248225191533 0
181.444539509955 58.94836122835142 0
181.4087886442456 57.48012343362117 0
181.5529233963476 60.40155701195316 0
182.8491689479594 58.30994811521652 0
182.9294390786158 56.49384014122866 0
183.9750106785834 57.4131465363505 0
181.3601466054499 56.0750074804135 0
182.5334709676106 55.25878083606927 0
165.1061663949067 60.19193342954622 0
165.3632395856004 61.68110727231822 0
163.7972100751968 61.09050318283224 0
162.4885468579668 60.45704709762009 0
162.5047659132828 61.95909553593822 0
166.7225954596813 62.29291495641046 0
165.4954880195007 63.24200422113313 0
161.2286714009726 61.21218959682989 0
161.1142290153933 59.83275139086923 0
159.9145687661637 60.51378999064256 0
159.8256599940378 59.07708307131458 0
166.868383176394 63.77826823535858 0
161.2707373959973 62.71679596273675 0
158.5861768302 59.84292187601632 0
158.5557592808303 58.28672898318703 0
167.8791698326888 61.55692413374276 0
158.6192046202685 50.95068673653094 0
157.4063878433306 49.92096504332719 0
157.3804117040748 48.52840888385148 0
157.5756327351406 52.13224580357245 0
157.9508882981403 53.56236316036734 0
156.4981052007557 53.099240074835 0
156.1395281369263 49.25521776187213 0
156.0526221602001 47.8269306631828 0
156.826688613085 54.53595022113936 0
158.251912349052 54.97646224272059 0
157.1611671430985 55.97897963955758 0
157.3127577865223 47.0378439780398 0
155.9835452129589 46.34786407488278 0
157.2136833617983 45.54468452967849 0
156.0196448549321 51.56796581194632 0
155.3380386882359 54.06670913802823 0
158.578757993273 56.55761140670331 0
181.3807940727203 49.0493133649703 0
182.5935906807806 50.07903433734043 0
182.6195882959251 51.47159111614864 0
182.424365069069 47.8677544239831 0
182.0491112557611 46.43763642694891 0
183.5018950535444 46.90075963812842 0
183.8604020462615 50.74473756641763 0
183.9463766829411 52.17482983361804 0
183.173311720374 45.46404869939223 0
181.7712271961521 45.02409763021841 0
182.825075015805 44.05371153259699 0
183.9803280485447 48.43202227329155 0
184.6619619791373 45.93329047376687 0
182.6873393958563 52.90842318875363 0
184.0456280238722 53.58375819826597 0
160.2170284191079 44.46340533336739 0
179.7377953937009 43.99550139086895 0
162.3705964296707 58.12356768194415 0
163.8763424151445 62.8154280554373 0
164.542937688318 64.36972058245827 0
160.3531872149874 55.51660724826945 0
181.2786276674095 38.81168292298494 0
158.5947173508544 39.01798258126147 0
171.7216966622293 38.73390754112636 0
155.894074980798 44.84026501358871 0
157.1801919196913 44.05862527169556 0
154.6966477107393 45.6807781393415 0
181.0956118489548 52.47247036703293 0
171.7365228423864 61.25312484067819 0
162.270233356409 41.63725108075327 0
177.7263544719207 41.62883808899613 0
158.8903164128332 47.49571683448764 0
181.3635040291974 43.57837811739937 0
159.5981774707474 42.96764252973316 0
166.2607510625712 35.30320578701063 0
164.9065057109171 35.61844381155976 0
171.6159568942588 35.00271379937457 0
170.4821315841481 34.05222153301937 0
172.9781395403263 34.58317113435695 0
172.9389690581718 65.2901646129765 0
179.8976187070376 55.51862808535336 0
158.6216364954713 44.64129642505618 0
155.8761791337668 43.33861491387619 0
185.2065298765219 51.38871039866063 0
185.0570520243892 49.78561375317908 0
154.7920872059224 48.61370725133228 0
154.942714430739 50.21470290703334 0
158.7525709782035 61.31535124830663 0
169.3494346636522 62.34274009816669 0
180.666671984075 46.07054888449927 0
177.7691557610173 58.26696198326358 0
159.4581257050424 54.20080756400175 0
168.3736274425584 38.76481352264037 0
186.5906361443347 50.67307756103421 0
185.2593241189164 52.84614187347173 0
185.3007037720453 54.29599840788459 0
183.964765276552 55.11190629561158 0
153.408921978253 49.32767721670822 0
157.1414051755797 42.6251233045723 0
155.8006200530855 41.72535086534376 0
185.0108804134782 47.34025531202077 0
186.2481387342857 46.46869047461594 0
154.9891170094442 52.6597392523372 0
153.7518615001516 53.53130745669022 0
179.2058586853963 62.09547298569764 0
179.5557870877942 63.60083910586496 0
180.4090236623973 61.29790708882041 0
169.0775013974856 34.47139114007184 0
172.6149654225085 36.17179734265014 0
154.7492431085062 47.14918631321305 0
159.803763964934 57.56677573671415 0
162.4456177997835 36.7689489789724 0
161.2787280175228 35.96679342364648 0
177.5327525474278 36.78741045927157 0
176.1972302882417 36.11087485690876 0
178.7173642422314 35.95165699927804 0
167.6912466614602 34.89607984591963 0
168.8361844080264 65.48845293507281 0
170.4635444279167 66.47963331376022 0
174.3077715092535 64.56705055104595 0
175.6445522828229 64.0516996986909 0
180.1930755142754 42.56324690513151 0
155.6699792278799 55.47501698706871 0
156.0232662286884 56.8157168663895 0
157.4503569685534 57.40387620464983 0
184.3283780840049 44.5288740829844 0
183.9629478298632 42.96935545324082 0
162.5005791703546 63.41337386872898 0
161.3336577510456 64.27322727514063 0
175.9601381064346 34.6871134872511 0
174.9064204107403 35.65721960214548 0
166.6394164338565 33.7652062197286 0
163.759340402232 65.49331135716749 0
165.8798105386427 64.75886768101076 0
167.1492664396062 65.23054933240225 0
176.1109598108033 65.66104779037948 0
181.8393069978438 61.81884821120589 0
184.4537995236789 41.51522595015074 0
183.1214672066086 41.6732142605174 0
184.4416205848897 58.60533802845018 0
157.1575851778613 39.0173548910256 0
155.3515940238028 58.67782444702996 0
157.3179718152773 60.85122163606196 0
182.6425749010929 39.23950317118666 0
163.8643097152718 34.55752570195936 0
166.5065789914837 66.38093011491472 0
167.9968112471108 63.05064219607226 0
173.4105161048757 66.60443837866521 0
158.1938725358364 43.25110364472428 0
153.4190090483645 50.76623025960844 0
186.580879819434 49.23394495458862 0
186.4440868868888 53.58571742405183 0
153.5402452067549 46.44715055921727 0
182.8169488166278 60.79241723682041 0
180.1177560035729 57.06472753792169 0
180.0184575624691 38.46688428933956 0
159.9562026055883 38.50815021910626 0
161.0460568258052 58.45066040695723 0
169.4226222330978 33.14377051430957 0
185.2509325174221 42.49742864146393 0
154.9116443582616 57.5027293738252 0
154.5781299416072 51.47184589906036 0
185.4217958506644 48.52824769370202 0
157.4873717864601 58.81893092137505 0
163.6532647593781 36.06200121950314 0
157.2846740492419 41.2691379146499 0
176.9266253125355 63.65562388655879 0
160.1107913153324 63.60941126699232 0
182.5816973096096 42.81588851893224 0
154.1270819792057 54.92270511289408 0
185.8726436278346 45.07794305658289 0
154.7861545383196 42.63160844394916 0
185.1202234522517 57.3167706055572 0
160.0606597188115 61.86094566652978 0
170.7600667332331 62.25225776228169 0
158.3006293821524 46.24747809083429 0
160.7802868686181 41.869609051064 0
179.0994889750064 41.74429431273472 0
173.3570874084411 33.39809231903405 0
170.7370792670503 37.6618387976566 0
160.0979269032754 36.30895325639941 0
179.9015119353469 36.30678893265693 0
178.3708701345723 64.35253656032664 0
181.6095153684595 53.58106123001398 0
171.4643097063779 65.53119342085836 0
168.0078505417997 64.30619300729741 0
169.101386825133 66.89201570812492 0
175.2022188639464 37.0758800744635 0
164.7364328562646 37.03130237909095 0
182.078783779816 37.92121622018406 0
157.9212162201839 37.92121622018381 0
153.627794323725 45.12578318568653 0
186.3741541295959 54.87479689400011 0
156.3439816870167 50.40790057154799 0
183.6559453644222 49.59215151827603 0
175.6427624475359 62.71658879202908 0
182.4365755657673 59.6045400282829 0
181.4176554006427 54.79297682987009 0
182.8648865827181 54.11732851498198 0
184.3683516942371 56.3296113891958 0
170.708193794581 32.87745270665027 0
171.8519808798861 37.34522434238421 0
162.2175628944764 59.37141528504542 0
180.5097774564299 44.86593772636208 0
157.8876106302082 62.09942154921758 0
182.5504027868395 40.64053746523389 0
157.4766546579734 59.80312729240094 0
163.3514001931755 64.14993184930329 0
156.4053615653824 58.03316528144086 0
159.2158087613081 55.54263970078527 0
169.3768389293116 37.85736811110294 0
179.1165266589412 58.02761105938418 0
173.7765686313554 35.43898861512039 0
157.6010454042961 40.01499254243946 0
159.7251520208866 56.47104156008402 0
175.1797427680213 65.05848004956687 0
168.8758825600899 60.95638586250853 0
175.4686750420139 38.36295067576799 0
164.5313249579864 38.3629506757685 0
157.2021113216974 51.03743779265486 0
182.7978696471209 48.96256676442739 0
175.6780496557238 61.50951996689692 0
2 5 0 8807
1611
1612
1613
1614
1615
1616
1617
1618
1619
1620
1621
1622
1623
1624
1625
1626
1627
1628
1629
1630
1631
1632
1633
1634
1635
1636
1637
1638
1639
1640
1641
1642
1643
1644
1645
1646
1647
1648
1649
1650
1651
1652
1653
1654
1655
1656
1657
1658
1659
1660
1661
1662
1663
1664
1665
1666
1667
1668
1669
1670
1671
1672
1673
1674
1675
1676
1677
1678
1679
1680
1681
1682
1683
1684
1685
1686
1687
1688
1689
1690
1691
1692
1693
1694
1695
1696
1697
1698
1699
1700
1701
1702
1703
1704
1705
1706
1707
1708
1709
1710
1711
1712
1713
1714
1715
1716
1717
1718
1719
1720
1721
1722
1723
1724
1725
1726
1727
1728
1729
1730
1731
1732
1733
1734
1735
1736
1737
1738
1739
1740
1741
1742
1743
1744
1745
1746
1747
1748
1749
1750
1751
1752
1753
1754
1755
1756
1757
1758
1759
1760
1761
1762
1763
1764
1765
1766
1767
1768
1769
1770
1771
1772
1773
1774
1775
1776
1777
1778
1779
1780
1781
1782
1783
1784
1785
1786
1787
1788
1789
1790
1791
1792
1793
1794
1795
1796
1797
1798
1799
1800
1801
1802
1803
1804
1805
1806
1807
1808
1809
1810
1811
1812
1813
1814
1815
1816
1817
1818
1819
1820
1821
1822
1823
1824
1825
1826
1827
1828
1829
1830
1831
1832
1833
1834
1835
1836
1837
1838
1839
1840
1841
1842
1843
1844
1845
1846
1847
1848
1849
1850
1851
1852
1853
1854
1855
1856
1857
1858
1859
1860
1861
1862
1863
1864
1865
1866
1867
1868
1869
1870
1871
1872
1873
1874
1875
1876
1877
1878
1879
1880
1881
1882
1883
1884
1885
1886
1887
1888
1889
1890
1891
1892
1893
1894
1895
1896
1897
1898
1899
1900
1901
1902
1903
1904
1905
1906
1907
1908
1909
1910
1911
1912
1913
1914
1915
1916
1917
1918
1919
1920
1921
1922
1923
1924
1925
1926
1927
1928
1929
1930
1931
1932
1933
1934
1935
1936
1937
1938
1939
1940
1941
1942
1943
1944
1945
1946
1947
1948
1949
1950
1951
1952
1953
1954
1955
1956
1957
1958
1959
1960
1961
1962
1963
1964
1965
1966
1967
1968
1969
1970
1971
1972
1973
1974
1975
1976
1977
1978
1979
1980
1981
1982
1983
1984
1985
1986
1987
1988
1989
1990
1991
1992
1993
1994
1995
1996
1997
1998
1999
2000
2001
2002
2003
2004
2005
2006
2007
2008
2009
2010
2011
2012
2013
2014
2015
2016
2017
2018
2019
2020
2021
2022
2023
2024
2025
2026
2027
2028
2029
2030
2031
2032
2033
2034
2035
2036
2037
2038
2039
2040
2041
2042
2043
2044
2045
2046
2047
2048
2049
2050
2051
2052
2053
2054
2055
2056
2057
2058
2059
2060
2061
2062
2063
2064
2065
2066
2067
2068
2069
2070
2071
2072
2073
2074
2075
2076
2077
2078
2079
2080
2081
2082
2083
2084
2085
2086
2087
2088
2089
2090
2091
2092
2093
2094
2095
2096
2097
2098
2099
2100
2101
2102
2103
2104
2105
2106
2107
2108
2109
2110
2111
2112
2113
2114
2115
2116
2117
2118
2119
2120
2121
2122
2123
2124
2125
2126
2127
2128
2129
2130
2131
2132
2133
2134
2135
2136
2137
2138
2139
2140
2141
2142
2143
2144
2145
2146
2147
2148
2149
2150
2151
2152
2153
2154
2155
2156
2157
2158
2159
2160
2161
2162
2163
2164
2165
2166
2167
2168
2169
2170
2171
2172
2173
2174
2175
2176
2177
2178
2179
2180
2181
2182
2183
2184
2185
2186
2187
2188
2189
2190
2191
2192
2193
2194
2195
2196
2197
2198
2199
2200
2201
2202
2203
2204
2205
2206
2207
2208
2209
2210
2211
2212
2213
2214
2215
2216
2217
2218
2219
2220
2221
2222
2223
2224
2225
2226
2227
2228
2229
2230
2231
2232
2233
2234
2235
2236
2237
2238
2239
2240
2241
2242
2243
2244
2245
2246
2247
2248
2249
2250
2251
2252
2253
2254
2255
2256
2257
2258
2259
2260
2261
2262
2263
2264
2265
2266
2267
2268
2269
2270
2271
2272
2273
2274
2275
2276
2277
2278
2279
2280
2281
2282
2283
2284
2285
2286
2287
2288
2289
2290
2291
2292
2293
2294
2295
2296
2297
2298
2299
2300
2301
2302
2303
2304
2305
2306
2307
2308
2309
2310
2311
2312
2313
2314
2315
2316
2317
2318
2319
2320
2321
2322
2323
2324
2325
2326
2327
2328
2329
2330
2331
2332
2333
2334
2335
2336
2337
2338
2339
2340
2341
2342
2343
2344
2345
2346
2347
2348
2349
2350
2351
2352
2353
2354
2355
2356
2357
2358
2359
2360
2361
2362
2363
2364
2365
2366
2367
2368
2369
2370
2371
2372
2373
2374
2375
2376
2377
2378
2379
2380
2381
2382
2383
2384
2385
2386
2387
2388
2389
2390
2391
2392
2393
2394
2395
2396
2397
2398
2399
2400
2401
2402
2403
2404
2405
2406
2407
2408
2409
2410
2411
2412
2413
2414
2415
2416
2417
2418
2419
2420
2421
2422
2423
2424
2425
2426
2427
2428
2429
2430
2431
2432
2433
2434
2435
2436
2437
2438
2439
2440
2441
2442
2443
2444
2445
2446
2447
2448
2449
2450
2451
2452
2453
2454
2455
2456
2457
2458
2459
2460
2461
2462
2463
2464
2465
2466
2467
2468
2469
2470
2471
2472
2473
2474
2475
2476
2477
2478
2479
2480
2481
2482
2483
2484
2485
2486
2487
2488
2489
2490
2491
2492
2493
2494
2495
2496
2497
2498
2499
2500
2501
2502
2503
2504
2505
2506
2507
2508
2509
2510
2511
2512
2513
2514
2515
2516
2517
2518
2519
2520
2521
2522
2523
2524
2525
2526
2527
2528
2529
2530
2531
2532
2533
2534
2535
2536
2537
2538
2539
2540
2541
2542
2543
2544
2545
2546
2547
2548
2549
2550
2551
2552
2553
2554
2555
2556
2557
2558
2559
2560
2561
2562
2563
2564
2565
2566
2567
2568
2569
2570
2571
2572
2573
2574
2575
2576
2577
2578
2579
2580
2581
2582
2583
2584
2585
2586
2587
2588
2589
2590
2591
2592
2593
2594
2595
2596
2597
2598
2599
2600
2601
2602
2603
2604
2605
2606
2607
2608
2609
2610
2611
2612
2613
2614
2615
2616
2617
2618
2619
2620
2621
2622
2623
2624
2625
2626
2627
2628
2629
2630
2631
2632
2633
2634
2635
2636
2637
2638
2639
2640
2641
2642
2643
2644
2645
2646
2647
2648
2649
2650
2651
2652
2653
2654
2655
2656
2657
2658
2659
2660
2661
2662
2663
2664
2665
2666
2667
2668
2669
2670
2671
2672
2673
2674
2675
2676
2677
2678
2679
2680
2681
2682
2683
2684
2685
2686
2687
2688
2689
2690
2691
2692
2693
2694
2695
2696
2697
2698
2699
2700
2701
2702
2703
2704
2705
2706
2707
2708
2709
2710
2711
2712
2713
2714
2715
2716
2717
2718
2719
2720
2721
2722
2723
2724
2725
2726
2727
2728
2729
2730
2731
2732
2733
2734
2735
2736
2737
2738
2739
2740
2741
2742
2743
2744
2745
2746
2747
2748
2749
2750
2751
2752
2753
2754
2755
2756
2757
2758
2759
2760
2761
2762
2763
2764
2765
2766
2767
2768
2769
2770
2771
2772
2773
2774
2775
2776
2777
2778
2779
2780
2781
2782
2783
2784
2785
2786
2787
2788
2789
2790
2791
2792
2793
2794
2795
2796
2797
2798
2799
2800
2801
2802
2803
2804
2805
2806
2807
2808
2809
2810
2811
2812
2813
2814
2815
2816
2817
2818
2819
2820
2821
2822
2823
2824
2825
2826
2827
2828
2829
2830
2831
2832
2833
2834
2835
2836
2837
2838
2839
2840
2841
2842
2843
2844
2845
2846
2847
2848
2849
2850
2851
2852
2853
2854
2855
2856
2857
2858
2859
2860
2861
2862
2863
2864
2865
2866
2867
2868
2869
2870
2871
2872
2873
2874
2875
2876
2877
2878
2879
2880
2881
2882
2883
2884
2885
2886
2887
2888
2889
2890
2891
2892
2893
2894
2895
2896
2897
2898
2899
2900
2901
2902
2903
2904
2905
2906
2907
2908
2909
2910
2911
2912
2913
2914
2915
2916
2917
2918
2919
2920
2921
2922
2923
2924
2925
2926
2927
2928
2929
2930
2931
2932
2933
2934
2935
2936
2937
2938
2939
2940
2941
2942
2943
2944
2945
2946
2947
2948
2949
2950
2951
2952
2953
2954
2955
2956
2957
2958
2959
2960
2961
2962
2963
2964
2965
2966
2967
2968
2969
2970
2971
2972
2973
2974
2975
2976
2977
2978
2979
2980
2981
2982
2983
2984
2985
2986
2987
2988
2989
2990
2991
2992
2993
2994
2995
2996
2997
2998
2999
3000
3001
3002
3003
3004
3005
3006
3007
3008
3009
3010
3011
3012
3013
3014
3015
3016
3017
3018
3019
3020
3021
3022
3023
3024
3025
3026
3027
3028
3029
3030
3031
3032
3033
3034
3035
3036
3037
3038
3039
3040
3041
3042
3043
3044
3045
3046
3047
3048
3049
3050
3051
3052
3053
3054
3055
3056
3057
3058
3059
3060
3061
3062
3063
3064
3065
3066
3067
3068
3069
3070
3071
3072
3073
3074
3075
3076
3077
3078
3079
3080
3081
3082
3083
3084
3085
3086
3087
3088
3089
3090
3091
3092
3093
3094
3095
3096
3097
3098
3099
3100
3101
3102
3103
3104
3105
3106
3107
3108
3109
3110
3111
3112
3113
3114
3115
3116
3117
3118
3119
3120
3121
3122
3123
3124
3125
3126
3127
3128
3129
3130
3131
3132
3133
3134
3135
3136
3137
3138
3139
3140
3141
3142
3143
3144
3145
3146
3147
3148
3149
3150
3151
3152
3153
3154
3155
3156
3157
3158
3159
3160
3161
3162
3163
3164
3165
3166
3167
3168
3169
3170
3171
3172
3173
3174
3175
3176
3177
3178
3179
3180
3181
3182
3183
3184
3185
3186
3187
3188
3189
3190
3191
3192
3193
3194
3195
3196
3197
3198
3199
3200
3201
3202
3203
3204
3205
3206
3207
3208
3209
3210
3211
3212
3213
3214
3215
3216
3217
3218
3219
3220
3221
3222
3223
3224
3225
3226
3227
3228
3229
3230
3231
3232
3233
3234
3235
3236
3237
3238
3239
3240
3241
3242
3243
3244
3245
3246
3247
3248
3249
3250
3251
3252
3253
3254
3255
3256
3257
3258
3259
3260
3261
3262
3263
3264
3265
3266
3267
3268
3269
3270
3271
3272
3273
3274
3275
3276
3277
3278
3279
3280
3281
3282
3283
3284
3285
3286
3287
3288
3289
3290
3291
3292
3293
3294
3295
3296
3297
3298
3299
3300
3301
3302
3303
3304
3305
3306
3307
3308
3309
3310
3311
3312
3313
3314
3315
3316
3317
3318
3319
3320
3321
3322
3323
3324
3325
3326
3327
3328
3329
3330
3331
3332
3333
3334
3335
3336
3337
3338
3339
3340
3341
3342
3343
3344
3345
3346
3347
3348
3349
3350
3351
3352
3353
3354
3355
3356
3357
3358
3359
3360
3361
3362
3363
3364
3365
3366
3367
3368
3369
3370
3371
3372
3373
3374
3375
3376
3377
3378
3379
3380
3381
3382
3383
3384
3385
3386
3387
3388
3389
3390
3391
3392
3393
3394
3395
3396
3397
3398
3399
3400
3401
3402
3403
3404
3405
3406
3407
3408
3409
3410
3411
3412
3413
3414
3415
3416
3417
3418
3419
3420
3421
3422
3423
3424
3425
3426
3427
3428
3429
3430
3431
3432
3433
3434
3435
3436
3437
3438
3439
3440
3441
3442
3443
3444
3445
3446
3447
3448
3449
3450
3451
3452
3453
3454
3455
3456
3457
3458
3459
3460
3461
3462
3463
3464
3465
3466
3467
3468
3469
3470
3471
3472
3473
3474
3475
3476
3477
3478
3479
3480
3481
3482
3483
3484
3485
3486
3487
3488
3489
3490
3491
3492
3493
3494
3495
3496
3497
3498
3499
3500
3501
3502
3503
3504
3505
3506
3507
3508
3509
3510
3511
3512
3513
3514
3515
3516
3517
3518
3519
3520
3521
3522
3523
3524
3525
3526
3527
3528
3529
3530
3531
3532
3533
3534
3535
3536
3537
3538
3539
3540
3541
3542
3543
3544
3545
3546
3547
3548
3549
3550
3551
3552
3553
3554
3555
3556
3557
3558
3559
3560
3561
3562
3563
3564
3565
3566
3567
3568
3569
3570
3571
3572
3573
3574
3575
3576
3577
3578
3579
3580
3581
3582
3583
3584
3585
3586
3587
3588
3589
3590
3591
3592
3593
3594
3595
3596
3597
3598
3599
3600
3601
3602
3603
3604
3605
3606
3607
3608
3609
3610
3611
3612
3613
3614
3615
3616
3617
3618
3619
3620
3621
3622
3623
3624
3625
3626
3627
3628
3629
3630
3631
3632
3633
3634
3635
3636
3637
3638
3639
3640
3641
3642
3643
3644
3645
3646
3647
3648
3649
3650
3651
3652
3653
3654
3655
3656
3657
3658
3659
3660
3661
3662
3663
3664
3665
3666
3667
3668
3669
3670
3671
3672
3673
3674
3675
3676
3677
3678
3679
3680
3681
3682
3683
3684
3685
3686
3687
3688
3689
3690
3691
3692
3693
3694
3695
3696
3697
3698
3699
3700
3701
3702
3703
3704
3705
3706
3707
3708
3709
3710
3711
3712
3713
3714
3715
3716
3717
3718
3719
3720
3721
3722
3723
3724
3725
3726
3727
3728
3729
3730
3731
3732
3733
3734
3735
3736
3737
3738
3739
3740
3741
3742
3743
3744
3745
3746
3747
3748
3749
3750
3751
3752
3753
3754
3755
3756
3757
3758
3759
3760
3761
3762
3763
3764
3765
3766
3767
3768
3769
3770
3771
3772
3773
3774
3775
3776
3777
3778
3779
3780
3781
3782
3783
3784
3785
3786
3787
3788
3789
3790
3791
3792
3793
3794
3795
3796
3797
3798
3799
3800
3801
3802
3803
3804
3805
3806
3807
3808
3809
3810
3811
3812
3813
3814
3815
3816
3817
3818
3819
3820
3821
3822
3823
3824
3825
3826
3827
3828
3829
3830
3831
3832
3833
3834
3835
3836
3837
3838
3839
3840
3841
3842
3843
3844
3845
3846
3847
3848
3849
3850
3851
3852
3853
3854
3855
3856
3857
3858
3859
3860
3861
3862
3863
3864
3865
3866
3867
3868
3869
3870
3871
3872
3873
3874
3875
3876
3877
3878
3879
3880
3881
3882
3883
3884
3885
3886
3887
3888
3889
3890
3891
3892
3893
3894
3895
3896
3897
3898
3899
3900
3901
3902
3903
3904
3905
3906
3907
3908
3909
3910
3911
3912
3913
3914
3915
3916
3917
3918
3919
3920
3921
3922
3923
3924
3925
3926
3927
3928
3929
3930
3931
3932
3933
3934
3935
3936
3937
3938
3939
3940
3941
3942
3943
3944
3945
3946
3947
3948
3949
3950
3951
3952
3953
3954
3955
3956
3957
3958
3959
3960
3961
3962
3963
3964
3965
3966
3967
3968
3969
3970
3971
3972
3973
3974
3975
3976
3977
3978
3979
3980
3981
3982
3983
3984
3985
3986
3987
3988
3989
3990
3991
3992
3993
3994
3995
3996
3997
3998
3999
4000
4001
4002
4003
4004
4005
4006
4007
4008
4009
4010
4011
4012
4013
4014
4015
4016
4017
4018
4019
4020
4021
4022
4023
4024
4025
4026
4027
4028
4029
4030
4031
4032
4033
4034
4035
4036
4037
4038
4039
4040
4041
4042
4043
4044
4045
4046
4047
4048
4049
4050
4051
4052
4053
4054
4055
4056
4057
4058
4059
4060
4061
4062
4063
4064
4065
4066
4067
4068
4069
4070
4071
4072
4073
4074
4075
4076
4077
4078
4079
4080
4081
4082
4083
4084
4085
4086
4087
4088
4089
4090
4091
4092
4093
4094
4095
4096
4097
4098
4099
4100
4101
4102
4103
4104
4105
4106
4107
4108
4109
4110
4111
4112
4113
4114
4115
4116
4117
4118
4119
4120
4121
4122
4123
4124
4125
4126
4127
4128
4129
4130
4131
4132
4133
4134
4135
4136
4137
4138
4139
4140
4141
4142
4143
4144
4145
4146
4147
4148
4149
4150
4151
4152
4153
4154
4155
4156
4157
4158
4159
4160
4161
4162
4163
4164
4165
4166
4167
4168
4169
4170
4171
4172
4173
4174
4175
4176
4177
4178
4179
4180
4181
4182
4183
4184
4185
4186
4187
4188
4189
4190
4191
4192
4193
4194
4195
4196
4197
4198
4199
4200
4201
4202
4203
4204
4205
4206
4207
4208
4209
4210
4211
4212
4213
4214
4215
4216
4217
4218
4219
4220
4221
4222
4223
4224
4225
4226
4227
4228
4229
4230
4231
4232
4233
4234
4235
4236
4237
4238
4239
4240
4241
4242
4243
4244
4245
4246
4247
4248
4249
4250
4251
4252
4253
4254
4255
4256
4257
4258
4259
4260
4261
4262
4263
4264
4265
4266
4267
4268
4269
4270
4271
4272
4273
4274
4275
4276
4277
4278
4279
4280
4281
4282
4283
4284
4285
4286
4287
4288
4289
4290
4291
4292
4293
4294
4295
4296
4297
4298
4299
4300
4301
4302
4303
4304
4305
4306
4307
4308
4309
4310
4311
4312
4313
4314
4315
4316
4317
4318
4319
4320
4321
4322
4323
4324
4325
4326
4327
4328
4329
4330
4331
4332
4333
4334
4335
4336
4337
4338
4339
4340
4341
4342
4343
4344
4345
4346
4347
4348
4349
4350
4351
4352
4353
4354
4355
4356
4357
4358
4359
4360
4361
4362
4363
4364
4365
4366
4367
4368
4369
4370
4371
4372
4373
4374
4375
4376
4377
4378
4379
4380
4381
4382
4383
4384
4385
4386
4387
4388
4389
4390
4391
4392
4393
4394
4395
4396
4397
4398
4399
4400
4401
4402
4403
4404
4405
4406
4407
4408
4409
4410
4411
4412
4413
4414
4415
4416
4417
4418
4419
4420
4421
4422
4423
4424
4425
4426
4427
4428
4429
4430
4431
4432
4433
4434
4435
4436
4437
4438
4439
4440
4441
4442
4443
4444
4445
4446
4447
4448
4449
4450
4451
4452
4453
4454
4455
4456
4457
4458
4459
4460
4461
4462
4463
4464
4465
4466
4467
4468
4469
4470
4471
4472
4473
4474
4475
4476
4477
4478
4479
4480
4481
4482
4483
4484
4485
4486
4487
4488
4489
4490
4491
4492
4493
4494
4495
4496
4497
4498
4499
4500
4501
4502
4503
4504
4505
4506
4507
4508
4509
4510
4511
4512
4513
4514
4515
4516
4517
4518
4519
4520
4521
4522
4523
4524
4525
4526
4527
4528
4529
4530
4531
4532
4533
4534
4535
4536
4537
4538
4539
4540
4541
4542
4543
4544
4545
4546
4547
4548
4549
4550
4551
4552
4553
4554
4555
4556
4557
4558
4559
4560
4561
4562
4563
4564
4565
4566
4567
4568
4569
4570
4571
4572
4573
4574
4575
4576
4577
4578
4579
4580
4581
4582
4583
4584
4585
4586
4587
4588
4589
4590
4591
4592
4593
4594
4595
4596
4597
4598
4599
4600
4601
4602
4603
4604
4605
4606
4607
4608
4609
4610
4611
4612
4613
4614
4615
4616
4617
4618
4619
4620
4621
4622
4623
4624
4625
4626
4627
4628
4629
4630
4631
4632
4633
4634
4635
4636
4637
4638
4639
4640
4641
4642
4643
4644
4645
4646
4647
4648
4649
4650
4651
4652
4653
4654
4655
4656
4657
4658
4659
4660
4661
4662
4663
4664
4665
4666
4667
4668
4669
4670
4671
4672
4673
4674
4675
4676
4677
4678
4679
4680
4681
4682
4683
4684
4685
4686
4687
4688
4689
4690
4691
4692
4693
4694
4695
4696
4697
4698
4699
4700
4701
4702
4703
4704
4705
4706
4707
4708
4709
4710
4711
4712
4713
4714
4715
4716
4717
4718
4719
4720
4721
4722
4723
4724
4725
4726
4727
4728
4729
4730
4731
4732
4733
4734
4735
4736
4737
4738
4739
4740
4741
4742
4743
4744
4745
4746
4747
4748
4749
4750
4751
4752
4753
4754
4755
4756
4757
4758
4759
4760
4761
4762
4763
4764
4765
4766
4767
4768
4769
4770
4771
4772
4773
4774
4775
4776
4777
4778
4779
4780
4781
4782
4783
4784
4785
4786
4787
4788
4789
4790
4791
4792
4793
4794
4795
4796
4797
4798
4799
4800
4801
4802
4803
4804
4805
4806
4807
4808
4809
4810
4811
4812
4813
4814
4815
4816
4817
4818
4819
4820
4821
4822
4823
4824
4825
4826
4827
4828
4829
4830
4831
4832
4833
4834
4835
4836
4837
4838
4839
4840
4841
4842
4843
4844
4845
4846
4847
4848
4849
4850
4851
4852
4853
4854
4855
4856
4857
4858
4859
4860
4861
4862
4863
4864
4865
4866
4867
4868
4869
4870
4871
4872
4873
4874
4875
4876
4877
4878
4879
4880
4881
4882
4883
4884
4885
4886
4887
4888
4889
4890
4891
4892
4893
4894
4895
4896
4897
4898
4899
4900
4901
4902
4903
4904
4905
4906
4907
4908
4909
4910
4911
4912
4913
4914
4915
4916
4917
4918
4919
4920
4921
4922
4923
4924
4925
4926
4927
4928
4929
4930
4931
4932
4933
4934
4935
4936
4937
4938
4939
4940
4941
4942
4943
4944
4945
4946
4947
4948
4949
4950
4951
4952
4953
4954
4955
4956
4957
4958
4959
4960
4961
4962
4963
4964
4965
4966
4967
4968
4969
4970
4971
4972
4973
4974
4975
4976
4977
4978
4979
4980
4981
4982
4983
4984
4985
4986
4987
4988
4989
4990
4991
4992
4993
4994
4995
4996
4997
4998
4999
5000
5001
5002
5003
5004
5005
5006
5007
5008
5009
5010
5011
5012
5013
5014
5015
5016
5017
5018
5019
5020
5021
5022
5023
5024
5025
5026
5027
5028
5029
5030
5031
5032
5033
5034
5035
5036
5037
5038
5039
5040
5041
5042
5043
5044
5045
5046
5047
5048
5049
5050
5051
5052
5053
5054
5055
5056
5057
5058
5059
5060
5061
5062
5063
5064
5065
5066
5067
5068
5069
5070
5071
5072
5073
5074
5075
5076
5077
5078
5079
5080
5081
5082
5083
5084
5085
5086
5087
5088
5089
5090
5091
5092
5093
5094
5095
5096
5097
5098
5099
5100
5101
5102
5103
5104
5105
5106
5107
5108
5109
5110
5111
5112
5113
5114
5115
5116
5117
5118
5119
5120
5121
5122
5123
5124
5125
5126
5127
5128
5129
5130
5131
5132
5133
5134
5135
5136
5137
5138
5139
5140
5141
5142
5143
5144
5145
5146
5147
5148
5149
5150
5151
5152
5153
5154
5155
5156
5157
5158
5159
5160
5161
5162
5163
5164
5165
5166
5167
5168
5169
5170
5171
5172
5173
5174
5175
5176
5177
5178
5179
5180
5181
5182
5183
5184
5185
5186
5187
5188
5189
5190
5191
5192
5193
5194
5195
5196
5197
5198
5199
5200
5201
5202
5203
5204
5205
5206
5207
5208
5209
5210
5211
5212
5213
5214
5215
5216
5217
5218
5219
5220
5221
5222
5223
5224
5225
5226
5227
5228
5229
5230
5231
5232
5233
5234
5235
5236
5237
5238
5239
5240
5241
5242
5243
5244
5245
5246
5247
5248
5249
5250
5251
5252
5253
5254
5255
5256
5257
5258
5259
5260
5261
5262
5263
5264
5265
5266
5267
5268
5269
5270
5271
5272
5273
5274
5275
5276
5277
5278
5279
5280
5281
5282
5283
5284
5285
5286
5287
5288
5289
5290
5291
5292
5293
5294
5295
5296
5297
5298
5299
5300
5301
5302
5303
5304
5305
5306
5307
5308
5309
5310
5311
5312
5313
5314
5315
5316
5317
5318
5319
5320
5321
5322
5323
5324
5325
5326
5327
5328
5329
5330
5331
5332
5333
5334
5335
5336
5337
5338
5339
5340
5341
5342
5343
5344
5345
5346
5347
5348
5349
5350
5351
5352
5353
5354
5355
5356
5357
5358
5359
5360
5361
5362
5363
5364
5365
5366
5367
5368
5369
5370
5371
5372
5373
5374
5375
5376
5377
5378
5379
5380
5381
5382
5383
5384
5385
5386
5387
5388
5389
5390
5391
5392
5393
5394
5395
5396
5397
5398
5399
5400
5401
5402
5403
5404
5405
5406
5407
5408
5409
5410
5411
5412
5413
5414
5415
5416
5417
5418
5419
5420
5421
5422
5423
5424
5425
5426
5427
5428
5429
5430
5431
5432
5433
5434
5435
5436
5437
5438
5439
5440
5441
5442
5443
5444
5445
5446
5447
5448
5449
5450
5451
5452
5453
5454
5455
5456
5457
5458
5459
5460
5461
5462
5463
5464
5465
5466
5467
5468
5469
5470
5471
5472
5473
5474
5475
5476
5477
5478
5479
5480
5481
5482
5483
5484
5485
5486
5487
5488
5489
5490
5491
5492
5493
5494
5495
5496
5497
5498
5499
5500
5501
5502
5503
5504
5505
5506
5507
5508
5509
5510
5511
5512
5513
5514
5515
5516
5517
5518
5519
5520
5521
5522
5523
5524
5525
5526
5527
5528
5529
5530
5531
5532
5533
5534
5535
5536
5537
5538
5539
5540
5541
5542
5543
5544
5545
5546
5547
5548
5549
5550
5551
5552
5553
5554
5555
5556
5557
5558
5559
5560
5561
5562
5563
5564
5565
5566
5567
5568
5569
5570
5571
5572
5573
5574
5575
5576
5577
5578
5579
5580
5581
5582
5583
5584
5585
5586
5587
5588
5589
5590
5591
5592
5593
5594
5595
5596
5597
5598
5599
5600
5601
5602
5603
5604
5605
5606
5607
5608
5609
5610
5611
5612
5613
5614
5615
5616
5617
5618
5619
5620
5621
5622
5623
5624
5625
5626
5627
5628
5629
5630
5631
5632
5633
5634
5635
5636
5637
5638
5639
5640
5641
5642
5643
5644
5645
5646
5647
5648
5649
5650
5651
5652
5653
5654
5655
5656
5657
5658
5659
5660
5661
5662
5663
5664
5665
5666
5667
5668
5669
5670
5671
5672
5673
5674
5675
5676
5677
5678
5679
5680
5681
5682
5683
5684
5685
5686
5687
5688
5689
5690
5691
5692
5693
5694
5695
5696
5697
5698
5699
5700
5701
5702
5703
5704
5705
5706
5707
5708
5709
5710
5711
5712
5713
5714
5715
5716
5717
5718
5719
5720
5721
5722
5723
5724
5725
5726
5727
5728
5729
5730
5731
5732
5733
5734
5735
5736
5737
5738
5739
5740
5741
5742
5743
5744
5745
5746
5747
5748
5749
5750
5751
5752
5753
5754
5755
5756
5757
5758
5759
5760
5761
5762
5763
5764
5765
5766
5767
5768
5769
5770
5771
5772
5773
5774
5775
5776
5777
5778
5779
5780
5781
5782
5783
5784
5785
5786
5787
5788
5789
5790
5791
5792
5793
5794
5795
5796
5797
5798
5799
5800
5801
5802
5803
5804
5805
5806
5807
5808
5809
5810
5811
5812
5813
5814
5815
5816
5817
5818
5819
5820
5821
5822
5823
5824
5825
5826
5827
5828
5829
5830
5831
5832
5833
5834
5835
5836
5837
5838
5839
5840
5841
5842
5843
5844
5845
5846
5847
5848
5849
5850
5851
5852
5853
5854
5855
5856
5857
5858
5859
5860
5861
5862
5863
5864
5865
5866
5867
5868
5869
5870
5871
5872
5873
5874
5875
5876
5877
5878
5879
5880
5881
5882
5883
5884
5885
5886
5887
5888
5889
5890
5891
5892
5893
5894
5895
5896
5897
5898
5899
5900
5901
5902
5903
5904
5905
5906
5907
5908
5909
5910
5911
5912
5913
5914
5915
5916
5917
5918
5919
5920
5921
5922
5923
5924
5925
5926
5927
5928
5929
5930
5931
5932
5933
5934
5935
5936
5937
5938
5939
5940
5941
5942
5943
5944
5945
5946
5947
5948
5949
5950
5951
5952
5953
5954
5955
5956
5957
5958
5959
5960
5961
5962
5963
5964
5965
5966
5967
5968
5969
5970
5971
5972
5973
5974
5975
5976
5977
5978
5979
5980
5981
5982
5983
5984
5985
5986
5987
5988
5989
5990
5991
5992
5993
5994
5995
5996
5997
5998
5999
6000
6001
6002
6003
6004
6005
6006
6007
6008
6009
6010
6011
6012
6013
6014
6015
6016
6017
6018
6019
6020
6021
6022
6023
6024
6025
6026
6027
6028
6029
6030
6031
6032
6033
6034
6035
6036
6037
6038
6039
6040
6041
6042
6043
6044
6045
6046
6047
6048
6049
6050
6051
6052
6053
6054
6055
6056
6057
6058
6059
6060
6061
6062
6063
6064
6065
6066
6067
6068
6069
6070
6071
6072
6073
6074
6075
6076
6077
6078
6079
6080
6081
6082
6083
6084
6085
6086
6087
6088
6089
6090
6091
6092
6093
6094
6095
6096
6097
6098
6099
6100
6101
6102
6103
6104
6105
6106
6107
6108
6109
6110
6111
6112
6113
6114
6115
6116
6117
6118
6119
6120
6121
6122
6123
6124
6125
6126
6127
6128
6129
6130
6131
6132
6133
6134
6135
6136
6137
6138
6139
6140
6141
6142
6143
6144
6145
6146
6147
6148
6149
6150
6151
6152
6153
6154
6155
6156
6157
6158
6159
6160
6161
6162
6163
6164
6165
6166
6167
6168
6169
6170
6171
6172
6173
6174
6175
6176
6177
6178
6179
6180
6181
6182
6183
6184
6185
6186
6187
6188
6189
6190
6191
6192
6193
6194
6195
6196
6197
6198
6199
6200
6201
6202
6203
6204
6205
6206
6207
6208
6209
6210
6211
6212
6213
6214
6215
6216
6217
6218
6219
6220
6221
6222
6223
6224
6225
6226
6227
6228
6229
6230
6231
6232
6233
6234
6235
6236
6237
6238
6239
6240
6241
6242
6243
6244
6245
6246
6247
6248
6249
6250
6251
6252
6253
6254
6255
6256
6257
6258
6259
6260
6261
6262
6263
6264
6265
6266
6267
6268
6269
6270
6271
6272
6273
6274
6275
6276
6277
6278
6279
6280
6281
6282
6283
6284
6285
6286
6287
6288
6289
6290
6291
6292
6293
6294
6295
6296
6297
6298
6299
6300
6301
6302
6303
6304
6305
6306
6307
6308
6309
6310
6311
6312
6313
6314
6315
6316
6317
6318
6319
6320
6321
6322
6323
6324
6325
6326
6327
6328
6329
6330
6331
6332
6333
6334
6335
6336
6337
6338
6339
6340
6341
6342
6343
6344
6345
6346
6347
6348
6349
6350
6351
6352
6353
6354
6355
6356
6357
6358
6359
6360
6361
6362
6363
6364
6365
6366
6367
6368
6369
6370
6371
6372
6373
6374
6375
6376
6377
6378
6379
6380
6381
6382
6383
6384
6385
6386
6387
6388
6389
6390
6391
6392
6393
6394
6395
6396
6397
6398
6399
6400
6401
6402
6403
6404
6405
6406
6407
6408
6409
6410
6411
6412
6413
6414
6415
6416
6417
6418
6419
6420
6421
6422
6423
6424
6425
6426
6427
6428
6429
6430
6431
6432
6433
6434
6435
6436
6437
6438
6439
6440
6441
6442
6443
6444
6445
6446
6447
6448
6449
6450
6451
6452
6453
6454
6455
6456
6457
6458
6459
6460
6461
6462
6463
6464
6465
6466
6467
6468
6469
6470
6471
6472
6473
6474
6475
6476
6477
6478
6479
6480
6481
6482
6483
6484
6485
6486
6487
6488
6489
6490
6491
6492
6493
6494
6495
6496
6497
6498
6499
6500
6501
6502
6503
6504
6505
6506
6507
6508
6509
6510
6511
6512
6513
6514
6515
6516
6517
6518
6519
6520
6521
6522
6523
6524
6525
6526
6527
6528
6529
6530
6531
6532
6533
6534
6535
6536
6537
6538
6539
6540
6541
6542
6543
6544
6545
6546
6547
6548
6549
6550
6551
6552
6553
6554
6555
6556
6557
6558
6559
6560
6561
6562
6563
6564
6565
6566
6567
6568
6569
6570
6571
6572
6573
6574
6575
6576
6577
6578
6579
6580
6581
6582
6583
6584
6585
6586
6587
6588
6589
6590
6591
6592
6593
6594
6595
6596
6597
6598
6599
6600
6601
6602
6603
6604
6605
6606
6607
6608
6609
6610
6611
6612
6613
6614
6615
6616
6617
6618
6619
6620
6621
6622
6623
6624
6625
6626
6627
6628
6629
6630
6631
6632
6633
6634
6635
6636
6637
6638
6639
6640
6641
6642
6643
6644
6645
6646
6647
6648
6649
6650
6651
6652
6653
6654
6655
6656
6657
6658
6659
6660
6661
6662
6663
6664
6665
6666
6667
6668
6669
6670
6671
6672
6673
6674
6675
6676
6677
6678
6679
6680
6681
6682
6683
6684
6685
6686
6687
6688
6689
6690
6691
6692
6693
6694
6695
6696
6697
6698
6699
6700
6701
6702
6703
6704
6705
6706
6707
6708
6709
6710
6711
6712
6713
6714
6715
6716
6717
6718
6719
6720
6721
6722
6723
6724
6725
6726
6727
6728
6729
6730
6731
6732
6733
6734
6735
6736
6737
6738
6739
6740
6741
6742
6743
6744
6745
6746
6747
6748
6749
6750
6751
6752
6753
6754
6755
6756
6757
6758
6759
6760
6761
6762
6763
6764
6765
6766
6767
6768
6769
6770
6771
6772
6773
6774
6775
6776
6777
6778
6779
6780
6781
6782
6783
6784
6785
6786
6787
6788
6789
6790
6791
6792
6793
6794
6795
6796
6797
6798
6799
6800
6801
6802
6803
6804
6805
6806
6807
6808
6809
6810
6811
6812
6813
6814
6815
6816
6817
6818
6819
6820
6821
6822
6823
6824
6825
6826
6827
6828
6829
6830
6831
6832
6833
6834
6835
6836
6837
6838
6839
6840
6841
6842
6843
6844
6845
6846
6847
6848
6849
6850
6851
6852
6853
6854
6855
6856
6857
6858
6859
6860
6861
6862
6863
6864
6865
6866
6867
6868
6869
6870
6871
6872
6873
6874
6875
6876
6877
6878
6879
6880
6881
6882
6883
6884
6885
6886
6887
6888
6889
6890
6891
6892
6893
6894
6895
6896
6897
6898
6899
6900
6901
6902
6903
6904
6905
6906
6907
6908
6909
6910
6911
6912
6913
6914
6915
6916
6917
6918
6919
6920
6921
6922
6923
6924
6925
6926
6927
6928
6929
6930
6931
6932
6933
6934
6935
6936
6937
6938
6939
6940
6941
6942
6943
6944
6945
6946
6947
6948
6949
6950
6951
6952
6953
6954
6955
6956
6957
6958
6959
6960
6961
6962
6963
6964
6965
6966
6967
6968
6969
6970
6971
6972
6973
6974
6975
6976
6977
6978
6979
6980
6981
6982
6983
6984
6985
6986
6987
6988
6989
6990
6991
6992
6993
6994
6995
6996
6997
6998
6999
7000
7001
7002
7003
7004
7005
7006
7007
7008
7009
7010
7011
7012
7013
7014
7015
7016
7017
7018
7019
7020
7021
7022
7023
7024
7025
7026
7027
7028
7029
7030
7031
7032
7033
7034
7035
7036
7037
7038
7039
7040
7041
7042
7043
7044
7045
7046
7047
7048
7049
7050
7051
7052
7053
7054
7055
7056
7057
7058
7059
7060
7061
7062
7063
7064
7065
7066
7067
7068
7069
7070
7071
7072
7073
7074
7075
7076
7077
7078
7079
7080
7081
7082
7083
7084
7085
7086
7087
7088
7089
7090
7091
7092
7093
7094
7095
7096
7097
7098
7099
7100
7101
7102
7103
7104
7105
7106
7107
7108
7109
7110
7111
7112
7113
7114
7115
7116
7117
7118
7119
7120
7121
7122
7123
7124
7125
7126
7127
7128
7129
7130
7131
7132
7133
7134
7135
7136
7137
7138
7139
7140
7141
7142
7143
7144
7145
7146
7147
7148
7149
7150
7151
7152
7153
7154
7155
7156
7157
7158
7159
7160
7161
7162
7163
7164
7165
7166
7167
7168
7169
7170
7171
7172
7173
7174
7175
7176
7177
7178
7179
7180
7181
7182
7183
7184
7185
7186
7187
7188
7189
7190
7191
7192
7193
7194
7195
7196
7197
7198
7199
7200
7201
7202
7203
7204
7205
7206
7207
7208
7209
7210
7211
7212
7213
7214
7215
7216
7217
7218
7219
7220
7221
7222
7223
7224
7225
7226
7227
7228
7229
7230
7231
7232
7233
7234
7235
7236
7237
7238
7239
7240
7241
7242
7243
7244
7245
7246
7247
7248
7249
7250
7251
7252
7253
7254
7255
7256
7257
7258
7259
7260
7261
7262
7263
7264
7265
7266
7267
7268
7269
7270
7271
7272
7273
7274
7275
7276
7277
7278
7279
7280
7281
7282
7283
7284
7285
7286
7287
7288
7289
7290
7291
7292
7293
7294
7295
7296
7297
7298
7299
7300
7301
7302
7303
7304
7305
7306
7307
7308
7309
7310
7311
7312
7313
7314
7315
7316
7317
7318
7319
7320
7321
7322
7323
7324
7325
7326
7327
7328
7329
7330
7331
7332
7333
7334
7335
7336
7337
7338
7339
7340
7341
7342
7343
7344
7345
7346
7347
7348
7349
7350
7351
7352
7353
7354
7355
7356
7357
7358
7359
7360
7361
7362
7363
7364
7365
7366
7367
7368
7369
7370
7371
7372
7373
7374
7375
7376
7377
7378
7379
7380
7381
7382
7383
7384
7385
7386
7387
7388
7389
7390
7391
7392
7393
7394
7395
7396
7397
7398
7399
7400
7401
7402
7403
7404
7405
7406
7407
7408
7409
7410
7411
7412
7413
7414
7415
7416
7417
7418
7419
7420
7421
7422
7423
7424
7425
7426
7427
7428
7429
7430
7431
7432
7433
7434
7435
7436
7437
7438
7439
7440
7441
7442
7443
7444
7445
7446
7447
7448
7449
7450
7451
7452
7453
7454
7455
7456
7457
7458
7459
7460
7461
7462
7463
7464
7465
7466
7467
7468
7469
7470
7471
7472
7473
7474
7475
7476
7477
7478
7479
7480
7481
7482
7483
7484
7485
7486
7487
7488
7489
7490
7491
7492
7493
7494
7495
7496
7497
7498
7499
7500
7501
7502
7503
7504
7505
7506
7507
7508
7509
7510
7511
7512
7513
7514
7515
7516
7517
7518
7519
7520
7521
7522
7523
7524
7525
7526
7527
7528
7529
7530
7531
7532
7533
7534
7535
7536
7537
7538
7539
7540
7541
7542
7543
7544
7545
7546
7547
7548
7549
7550
7551
7552
7553
7554
7555
7556
7557
7558
7559
7560
7561
7562
7563
7564
7565
7566
7567
7568
7569
7570
7571
7572
7573
7574
7575
7576
7577
7578
7579
7580
7581
7582
7583
7584
7585
7586
7587
7588
7589
7590
7591
7592
7593
7594
7595
7596
7597
7598
7599
7600
7601
7602
7603
7604
7605
7606
7607
7608
7609
7610
7611
7612
7613
7614
7615
7616
7617
7618
7619
7620
7621
7622
7623
7624
7625
7626
7627
7628
7629
7630
7631
7632
7633
7634
7635
7636
7637
7638
7639
7640
7641
7642
7643
7644
7645
7646
7647
7648
7649
7650
7651
7652
7653
7654
7655
7656
7657
7658
7659
7660
7661
7662
7663
7664
7665
7666
7667
7668
7669
7670
7671
7672
7673
7674
7675
7676
7677
7678
7679
7680
7681
7682
7683
7684
7685
7686
7687
7688
7689
7690
7691
7692
7693
7694
7695
7696
7697
7698
7699
7700
7701
7702
7703
7704
7705
7706
7707
7708
7709
7710
7711
7712
7713
7714
7715
7716
7717
7718
7719
7720
7721
7722
7723
7724
7725
7726
7727
7728
7729
7730
7731
7732
7733
7734
7735
7736
7737
7738
7739
7740
7741
7742
7743
7744
7745
7746
7747
7748
7749
7750
7751
7752
7753
7754
7755
7756
7757
7758
7759
7760
7761
7762
7763
7764
7765
7766
7767
7768
7769
7770
7771
7772
7773
7774
7775
7776
7777
7778
7779
7780
7781
7782
7783
7784
7785
7786
7787
7788
7789
7790
7791
7792
7793
7794
7795
7796
7797
7798
7799
7800
7801
7802
7803
7804
7805
7806
7807
7808
7809
7810
7811
7812
7813
7814
7815
7816
7817
7818
7819
7820
7821
7822
7823
7824
7825
7826
7827
7828
7829
7830
7831
7832
7833
7834
7835
7836
7837
7838
7839
7840
7841
7842
7843
7844
7845
7846
7847
7848
7849
7850
7851
7852
7853
7854
7855
7856
7857
7858
7859
7860
7861
7862
7863
7864
7865
7866
7867
7868
7869
7870
7871
7872
7873
7874
7875
7876
7877
7878
7879
7880
7881
7882
7883
7884
7885
7886
7887
7888
7889
7890
7891
7892
7893
7894
7895
7896
7897
7898
7899
7900
7901
7902
7903
7904
7905
7906
7907
7908
7909
7910
7911
7912
7913
7914
7915
7916
7917
7918
7919
7920
7921
7922
7923
7924
7925
7926
7927
7928
7929
7930
7931
7932
7933
7934
7935
7936
7937
7938
7939
7940
7941
7942
7943
7944
7945
7946
7947
7948
7949
7950
7951
7952
7953
7954
7955
7956
7957
7958
7959
7960
7961
7962
7963
7964
7965
7966
7967
7968
7969
7970
7971
7972
7973
7974
7975
7976
7977
7978
7979
7980
7981
7982
7983
7984
7985
7986
7987
7988
7989
7990
7991
7992
7993
7994
7995
7996
7997
7998
7999
8000
8001
8002
8003
8004
8005
8006
8007
8008
8009
8010
8011
8012
8013
8014
8015
8016
8017
8018
8019
8020
8021
8022
8023
8024
8025
8026
8027
8028
8029
8030
8031
8032
8033
8034
8035
8036
8037
8038
8039
8040
8041
8042
8043
8044
8045
8046
8047
8048
8049
8050
8051
8052
8053
8054
8055
8056
8057
8058
8059
8060
8061
8062
8063
8064
8065
8066
8067
8068
8069
8070
8071
8072
8073
8074
8075
8076
8077
8078
8079
8080
8081
8082
8083
8084
8085
8086
8087
8088
8089
8090
8091
8092
8093
8094
8095
8096
8097
8098
8099
8100
8101
8102
8103
8104
8105
8106
8107
8108
8109
8110
8111
8112
8113
8114
8115
8116
8117
8118
8119
8120
8121
8122
8123
8124
8125
8126
8127
8128
8129
8130
8131
8132
8133
8134
8135
8136
8137
8138
8139
8140
8141
8142
8143
8144
8145
8146
8147
8148
8149
8150
8151
8152
8153
8154
8155
8156
8157
8158
8159
8160
8161
8162
8163
8164
8165
8166
8167
8168
8169
8170
8171
8172
8173
8174
8175
8176
8177
8178
8179
8180
8181
8182
8183
8184
8185
8186
8187
8188
8189
8190
8191
8192
8193
8194
8195
8196
8197
8198
8199
8200
8201
8202
8203
8204
8205
8206
8207
8208
8209
8210
8211
8212
8213
8214
8215
8216
8217
8218
8219
8220
8221
8222
8223
8224
8225
8226
8227
8228
8229
8230
8231
8232
8233
8234
8235
8236
8237
8238
8239
8240
8241
8242
8243
8244
8245
8246
8247
8248
8249
8250
8251
8252
8253
8254
8255
8256
8257
8258
8259
8260
8261
8262
8263
8264
8265
8266
8267
8268
8269
8270
8271
8272
8273
8274
8275
8276
8277
8278
8279
8280
8281
8282
8283
8284
8285
8286
8287
8288
8289
8290
8291
8292
8293
8294
8295
8296
8297
8298
8299
8300
8301
8302
8303
8304
8305
8306
8307
8308
8309
8310
8311
8312
8313
8314
8315
8316
8317
8318
8319
8320
8321
8322
8323
8324
8325
8326
8327
8328
8329
8330
8331
8332
8333
8334
8335
8336
8337
8338
8339
8340
8341
8342
8343
8344
8345
8346
8347
8348
8349
8350
8351
8352
8353
8354
8355
8356
8357
8358
8359
8360
8361
8362
8363
8364
8365
8366
8367
8368
8369
8370
8371
8372
8373
8374
8375
8376
8377
8378
8379
8380
8381
8382
8383
8384
8385
8386
8387
8388
8389
8390
8391
8392
8393
8394
8395
8396
8397
8398
8399
8400
8401
8402
8403
8404
8405
8406
8407
8408
8409
8410
8411
8412
8413
8414
8415
8416
8417
8418
8419
8420
8421
8422
8423
8424
8425
8426
8427
8428
8429
8430
8431
8432
8433
8434
8435
8436
8437
8438
8439
8440
8441
8442
8443
8444
8445
8446
8447
8448
8449
8450
8451
8452
8453
8454
8455
8456
8457
8458
8459
8460
8461
8462
8463
8464
8465
8466
8467
8468
8469
8470
8471
8472
8473
8474
8475
8476
8477
8478
8479
8480
8481
8482
8483
8484
8485
8486
8487
8488
8489
8490
8491
8492
8493
8494
8495
8496
8497
8498
8499
8500
8501
8502
8503
8504
8505
8506
8507
8508
8509
8510
8511
8512
8513
8514
8515
8516
8517
8518
8519
8520
8521
8522
8523
8524
8525
8526
8527
8528
8529
8530
8531
8532
8533
8534
8535
8536
8537
8538
8539
8540
8541
8542
8543
8544
8545
8546
8547
8548
8549
8550
8551
8552
8553
8554
8555
8556
8557
8558
8559
8560
8561
8562
8563
8564
8565
8566
8567
8568
8569
8570
8571
8572
8573
8574
8575
8576
8577
8578
8579
8580
8581
8582
8583
8584
8585
8586
8587
8588
8589
8590
8591
8592
8593
8594
8595
8596
8597
8598
8599
8600
8601
8602
8603
8604
8605
8606
8607
8608
8609
8610
8611
8612
8613
8614
8615
8616
8617
8618
8619
8620
8621
8622
8623
8624
8625
8626
8627
8628
8629
8630
8631
8632
8633
8634
8635
8636
8637
8638
8639
8640
8641
8642
8643
8644
8645
8646
8647
8648
8649
8650
8651
8652
8653
8654
8655
8656
8657
8658
8659
8660
8661
8662
8663
8664
8665
8666
8667
8668
8669
8670
8671
8672
8673
8674
8675
8676
8677
8678
8679
8680
8681
8682
8683
8684
8685
8686
8687
8688
8689
8690
8691
8692
8693
8694
8695
8696
8697
8698
8699
8700
8701
8702
8703
8704
8705
8706
8707
8708
8709
8710
8711
8712
8713
8714
8715
8716
8717
8718
8719
8720
8721
8722
8723
8724
8725
8726
8727
8728
8729
8730
8731
8732
8733
8734
8735
8736
8737
8738
8739
8740
8741
8742
8743
8744
8745
8746
8747
8748
8749
8750
8751
8752
8753
8754
8755
8756
8757
8758
8759
8760
8761
8762
8763
8764
8765
8766
8767
8768
8769
8770
8771
8772
8773
8774
8775
8776
8777
8778
8779
8780
8781
8782
8783
8784
8785
8786
8787
8788
8789
8790
8791
8792
8793
8794
8795
8796
8797
8798
8799
8800
8801
8802
8803
8804
8805
8806
8807
8808
8809
8810
8811
8812
8813
8814
8815
8816
8817
8818
8819
8820
8821
8822
8823
8824
8825
8826
8827
8828
8829
8830
8831
8832
8833
8834
8835
8836
8837
8838
8839
8840
8841
8842
8843
8844
8845
8846
8847
8848
8849
8850
8851
8852
8853
8854
8855
8856
8857
8858
8859
8860
8861
8862
8863
8864
8865
8866
8867
8868
8869
8870
8871
8872
8873
8874
8875
8876
8877
8878
8879
8880
8881
8882
8883
8884
8885
8886
8887
8888
8889
8890
8891
8892
8893
8894
8895
8896
8897
8898
8899
8900
8901
8902
8903
8904
8905
8906
8907
8908
8909
8910
8911
8912
8913
8914
8915
8916
8917
8918
8919
8920
8921
8922
8923
8924
8925
8926
8927
8928
8929
8930
8931
8932
8933
8934
8935
8936
8937
8938
8939
8940
8941
8942
8943
8944
8945
8946
8947
8948
8949
8950
8951
8952
8953
8954
8955
8956
8957
8958
8959
8960
8961
8962
8963
8964
8965
8966
8967
8968
8969
8970
8971
8972
8973
8974
8975
8976
8977
8978
8979
8980
8981
8982
8983
8984
8985
8986
8987
8988
8989
8990
8991
8992
8993
8994
8995
8996
8997
8998
8999
9000
9001
9002
9003
9004
9005
9006
9007
9008
9009
9010
9011
9012
9013
9014
9015
9016
9017
9018
9019
9020
9021
9022
9023
9024
9025
9026
9027
9028
9029
9030
9031
9032
9033
9034
9035
9036
9037
9038
9039
9040
9041
9042
9043
9044
9045
9046
9047
9048
9049
9050
9051
9052
9053
9054
9055
9056
9057
9058
9059
9060
9061
9062
9063
9064
9065
9066
9067
9068
9069
9070
9071
9072
9073
9074
9075
9076
9077
9078
9079
9080
9081
9082
9083
9084
9085
9086
9087
9088
9089
9090
9091
9092
9093
9094
9095
9096
9097
9098
9099
9100
9101
9102
9103
9104
9105
9106
9107
9108
9109
9110
9111
9112
9113
9114
9115
9116
9117
9118
9119
9120
9121
9122
9123
9124
9125
9126
9127
9128
9129
9130
9131
9132
9133
9134
9135
9136
9137
9138
9139
9140
9141
9142
9143
9144
9145
9146
9147
9148
9149
9150
9151
9152
9153
9154
9155
9156
9157
9158
9159
9160
9161
9162
9163
9164
9165
9166
9167
9168
9169
9170
9171
9172
9173
9174
9175
9176
9177
9178
9179
9180
9181
9182
9183
9184
9185
9186
9187
9188
9189
9190
9191
9192
9193
9194
9195
9196
9197
9198
9199
9200
9201
9202
9203
9204
9205
9206
9207
9208
9209
9210
9211
9212
9213
9214
9215
9216
9217
9218
9219
9220
9221
9222
9223
9224
9225
9226
9227
9228
9229
9230
9231
9232
9233
9234
9235
9236
9237
9238
9239
9240
9241
9242
9243
9244
9245
9246
9247
9248
9249
9250
9251
9252
9253
9254
9255
9256
9257
9258
9259
9260
9261
9262
9263
9264
9265
9266
9267
9268
9269
9270
9271
9272
9273
9274
9275
9276
9277
9278
9279
9280
9281
9282
9283
9284
9285
9286
9287
9288
9289
9290
9291
9292
9293
9294
9295
9296
9297
9298
9299
9300
9301
9302
9303
9304
9305
9306
9307
9308
9309
9310
9311
9312
9313
9314
9315
9316
9317
9318
9319
9320
9321
9322
9323
9324
9325
9326
9327
9328
9329
9330
9331
9332
9333
9334
9335
9336
9337
9338
9339
9340
9341
9342
9343
9344
9345
9346
9347
9348
9349
9350
9351
9352
9353
9354
9355
9356
9357
9358
9359
9360
9361
9362
9363
9364
9365
9366
9367
9368
9369
9370
9371
9372
9373
9374
9375
9376
9377
9378
9379
9380
9381
9382
9383
9384
9385
9386
9387
9388
9389
9390
9391
9392
9393
9394
9395
9396
9397
9398
9399
9400
9401
9402
9403
9404
9405
9406
9407
9408
9409
9410
9411
9412
9413
9414
9415
9416
9417
9418
9419
9420
9421
9422
9423
9424
9425
9426
9427
9428
9429
9430
9431
9432
9433
9434
9435
9436
9437
9438
9439
9440
9441
9442
9443
9444
9445
9446
9447
9448
9449
9450
9451
9452
9453
9454
9455
9456
9457
9458
9459
9460
9461
9462
9463
9464
9465
9466
9467
9468
9469
9470
9471
9472
9473
9474
9475
9476
9477
9478
9479
9480
9481
9482
9483
9484
9485
9486
9487
9488
9489
9490
9491
9492
9493
9494
9495
9496
9497
9498
9499
9500
9501
9502
9503
9504
9505
9506
9507
9508
9509
9510
9511
9512
9513
9514
9515
9516
9517
9518
9519
9520
9521
9522
9523
9524
9525
9526
9527
9528
9529
9530
9531
9532
9533
9534
9535
9536
9537
9538
9539
9540
9541
9542
9543
9544
9545
9546
9547
9548
9549
9550
9551
9552
9553
9554
9555
9556
9557
9558
9559
9560
9561
9562
9563
9564
9565
9566
9567
9568
9569
9570
9571
9572
9573
9574
9575
9576
9577
9578
9579
9580
9581
9582
9583
9584
9585
9586
9587
9588
9589
9590
9591
9592
9593
9594
9595
9596
9597
9598
9599
9600
9601
9602
9603
9604
9605
9606
9607
9608
9609
9610
9611
9612
9613
9614
9615
9616
9617
9618
9619
9620
9621
9622
9623
9624
9625
9626
9627
9628
9629
9630
9631
9632
9633
9634
9635
9636
9637
9638
9639
9640
9641
9642
9643
9644
9645
9646
9647
9648
9649
9650
9651
9652
9653
9654
9655
9656
9657
9658
9659
9660
9661
9662
9663
9664
9665
9666
9667
9668
9669
9670
9671
9672
9673
9674
9675
9676
9677
9678
9679
9680
9681
9682
9683
9684
9685
9686
9687
9688
9689
9690
9691
9692
9693
9694
9695
9696
9697
9698
9699
9700
9701
9702
9703
9704
9705
9706
9707
9708
9709
9710
9711
9712
9713
9714
9715
9716
9717
9718
9719
9720
9721
9722
9723
9724
9725
9726
9727
9728
9729
9730
9731
9732
9733
9734
9735
9736
9737
9738
9739
9740
9741
9742
9743
9744
9745
9746
9747
9748
9749
9750
9751
9752
9753
9754
9755
9756
9757
9758
9759
9760
9761
9762
9763
9764
9765
9766
9767
9768
9769
9770
9771
9772
9773
9774
9775
9776
9777
9778
9779
9780
9781
9782
9783
9784
9785
9786
9787
9788
9789
9790
9791
9792
9793
9794
9795
9796
9797
9798
9799
9800
9801
9802
9803
9804
9805
9806
9807
9808
9809
9810
9811
9812
9813
9814
9815
9816
9817
9818
9819
9820
9821
9822
9823
9824
9825
9826
9827
9828
9829
9830
9831
9832
9833
9834
9835
9836
9837
9838
9839
9840
9841
9842
9843
9844
9845
9846
9847
9848
9849
9850
9851
9852
9853
9854
9855
9856
9857
9858
9859
9860
9861
9862
9863
9864
9865
9866
9867
9868
9869
9870
9871
9872
9873
9874
9875
9876
9877
9878
9879
9880
9881
9882
9883
9884
9885
9886
9887
9888
9889
9890
9891
9892
9893
9894
9895
9896
9897
9898
9899
9900
9901
9902
9903
9904
9905
9906
9907
9908
9909
9910
9911
9912
9913
9914
9915
9916
9917
9918
9919
9920
9921
9922
9923
9924
9925
9926
9927
9928
9929
9930
9931
9932
9933
9934
9935
9936
9937
9938
9939
9940
9941
9942
9943
9944
9945
9946
9947
9948
9949
9950
9951
9952
9953
9954
9955
9956
9957
9958
9959
9960
9961
9962
9963
9964
9965
9966
9967
9968
9969
9970
9971
9972
9973
9974
9975
9976
9977
9978
9979
9980
9981
9982
9983
9984
9985
9986
9987
9988
9989
9990
9991
9992
9993
9994
9995
9996
9997
9998
9999
10000
10001
10002
10003
10004
10005
10006
10007
10008
10009
10010
10011
10012
10013
10014
10015
10016
10017
10018
10019
10020
10021
10022
10023
10024
10025
10026
10027
10028
10029
10030
10031
10032
10033
10034
10035
10036
10037
10038
10039
10040
10041
10042
10043
10044
10045
10046
10047
10048
10049
10050
10051
10052
10053
10054
10055
10056
10057
10058
10059
10060
10061
10062
10063
10064
10065
10066
10067
10068
10069
10070
10071
10072
10073
10074
10075
10076
10077
10078
10079
10080
10081
10082
10083
10084
10085
10086
10087
10088
10089
10090
10091
10092
10093
10094
10095
10096
10097
10098
10099
10100
10101
10102
10103
10104
10105
10106
10107
10108
10109
10110
10111
10112
10113
10114
10115
10116
10117
10118
10119
10120
10121
10122
10123
10124
10125
10126
10127
10128
10129
10130
10131
10132
10133
10134
10135
10136
10137
10138
10139
10140
10141
10142
10143
10144
10145
10146
10147
10148
10149
10150
10151
10152
10153
10154
10155
10156
10157
10158
10159
10160
10161
10162
10163
10164
10165
10166
10167
10168
10169
10170
10171
10172
10173
10174
10175
10176
10177
10178
10179
10180
10181
10182
10183
10184
10185
10186
10187
10188
10189
10190
10191
10192
10193
10194
10195
10196
10197
10198
10199
10200
10201
10202
10203
10204
10205
10206
10207
10208
10209
10210
10211
10212
10213
10214
10215
10216
10217
10218
10219
10220
10221
10222
10223
10224
10225
10226
10227
10228
10229
10230
10231
10232
10233
10234
10235
10236
10237
10238
10239
10240
10241
10242
10243
10244
10245
10246
10247
10248
10249
10250
10251
10252
10253
10254
10255
10256
10257
10258
10259
10260
10261
10262
10263
10264
10265
10266
10267
10268
10269
10270
10271
10272
10273
10274
10275
10276
10277
10278
10279
10280
10281
10282
10283
10284
10285
10286
10287
10288
10289
10290
10291
10292
10293
10294
10295
10296
10297
10298
10299
10300
10301
10302
10303
10304
10305
10306
10307
10308
10309
10310
10311
10312
10313
10314
10315
10316
10317
10318
10319
10320
10321
10322
10323
10324
10325
10326
10327
10328
10329
10330
10331
10332
10333
10334
10335
10336
10337
10338
10339
10340
10341
10342
10343
10344
10345
10346
10347
10348
10349
10350
10351
10352
10353
10354
10355
10356
10357
10358
10359
10360
10361
10362
10363
10364
10365
10366
10367
10368
10369
10370
10371
10372
10373
10374
10375
10376
10377
10378
10379
10380
10381
10382
10383
10384
10385
10386
10387
10388
10389
10390
10391
10392
10393
10394
10395
10396
10397
10398
10399
10400
10401
10402
10403
10404
10405
10406
10407
10408
10409
10410
10411
10412
10413
10414
10415
10416
10417
84.2499117829046 98.70095655986725 0
96.25523174423969 98.637374936387 0
90.33026999088503 1.467981884569156 0
102.2500107314931 1.243209567429801 0
150.7478300312024 50.83252534797013 0
40.08477514646427 28.29925147921617 0
40.00619267672114 71.62072280426919 0
108.2501490889895 98.70106445976563 0
79.74959096911199 1.298957767448144 0
112.6266098586755 1.284655357647786 0
118.7510128633048 98.69829759514583 0
151.5547211151381 44.78637159602835 0
73.70635839707683 98.80271214744324 0
121.7501658941756 1.299881641195086 0
152.0902457570499 57.04273834820247 0
70.73948632383944 1.292897077797683 0
127.7504947720576 98.70064376672075 0
130.750263846423 1.299071174962776 0
42.02950607418875 77.67783422799474 0
42.05360332040538 22.32085117383428 0
154.2864617088613 38.88467246620324 0
136.7127244358326 98.80777748662744 0
35.96760520975691 33.1450552808524 0
64.75 98.70096189432334 0
155.2841040766837 62.41872329222048 0
35.97276031081427 66.78260276354203 0
139.6399229340393 1.3340039254959 0
63.3776032546042 1.205597370794422 0
144.21198234698 98.59688080196929 0
147.3282951815651 1.285573344973173 0
158.8009013992614 34.31468647653912 0
160.2410304939937 66.48251937467649 0
151.7497184680305 98.70099706742661 0
154.7500341938104 1.212192027268841 0
177.0126620035417 67.87614077560588 0
177.0385176522031 32.06142150754594 0
31.8628156992971 35.73260954541757 0
198.7967194626191 16.56267037626842 0
198.7169994018008 83.33333333333331 0
159.1569525446437 98.75391076459871 0
164.5561069964438 31.5690902699881 0
182.0175325819177 1.166767305391637 0
181.8258520868519 98.74863743751446 0
57.31192711309807 98.73693647466789 0
32.00966022909337 64.05637616631817 0
167.6346691626516 69.11644018907083 0
174.2502776774348 1.298850305684404 0
174.25 98.70096189432334 0
169.123639000479 30.82858931191369 0
162.25 1.299038105676658 0
42.0835387724871 17.64973107700473 0
172.3782952774772 69.15233504926647 0
166.6565770623362 98.59785071343856 0
19.63749187599446 36.39278572019491 0
19.51402991774553 63.63209128585525 0
42.33133813348109 82.2853423102305 0
27.39948968844394 37.09327603703036 0
57.21710096139518 1.342296324863469 0
168.2503173790869 1.299000329806212 0
96.25 1.299038105676658 0
102.2500986655949 98.70102302157709 0
90.25791598744662 98.67104996322659 0
1.282830626507661 50.74009772349102 0
24.20190718043168 62.75281557397758 0
198.7708698530033 22.60158654831125 0
198.7315960126777 77.4400255344533 0
187.8876627001504 98.75534770165697 0
187.8086811082795 1.23055462788097 0
181.1990986007386 65.68531352346088 0
181.129754953123 34.36663733465217 0
1.283000598199166 44.81481481481493 0
51.28685846638628 98.83035314552853 0
51.2509452151697 1.29892999157822 0
1.285038023087367 56.66470034121846 0
198.8105098014201 71.51993970636215 0
198.6860648158523 28.63079477705341 0
198.689369003444 89.24601463758276 0
198.6487647443096 10.54093889969108 0
15.22596074307687 34.2038800058042 0
15.11941624920881 65.5684293231831 0
40.79190464159688 86.97280798593204 0
40.79190464159688 13.02719201406795 0
184.5958177988743 37.63717098131735 0
184.7069259930998 62.45613092544455 0
1.28299551837344 38.88910763363112 0
77.99829451389736 98.5793438863389 0
69.19087472062823 98.74394081556628 0
75.24925578487655 1.298541862466436 0
84.30490400358399 1.319404893284542 0
132.3118877211206 98.65260542037501 0
135.2546805542737 1.338564310412337 0
126.2505962090747 1.299175728765533 0
123.2507943818754 98.69946725027421 0
114.2498477874884 98.701066877231 0
108.2500376153407 1.271971812188895 0
117.2040408046894 1.329701286864832 0
1.261394688509696 61.06370928214179 0
198.739446901903 66.99504498306641 0
198.8539987550895 32.87916116980361 0
195.2487335164717 2.961785124718979 0
195.2370217553529 96.99584204294516 0
46.8403213839118 98.94295137123726 0
46.75115241847053 1.299107886641806 0
198.5812961277312 37.39813132466595 0
198.71178021187 62.56950491990928 0
11.75862762869895 31.04509862488188 0
11.45312625642461 68.90406421960095 0
187.2960193445259 41.56243952411501 0
187.3035238189699 58.18617013245944 0
198.7710073353578 56.55779167099177 0
198.7169994018008 43.33333333333327 0
1.283167662249497 34.44501819531198 0
1.173897779993354 65.54647229654312 0
3.159103032887032 95.2425039624957 0
2.894000384175015 4.837383013750973 0
42.25020318187661 1.277352584861113 0
42.29069452208839 98.85795243122629 0
189.0667779095104 47.53935110687938 0
189.1179719965302 52.39299815173634 0
1.220830699346976 30.00280599488223 0
1.321701110005918 70.04471832620021 0
9.918830393284324 11.59984364958354 0
9.918830393284424 88.40015635041664 0
6.936729438895128 1.714949262390384 0
6.908082813810054 98.09226732175179 0
198.6551327042953 49.37362065332762 0
24.24312670148701 37.24254086920482 0
29.04226775797842 63.18224546711281 0
38.28085935619907 68.97171463105772 0
41.29715896040392 74.49111244552645 0
38.28085935619909 31.02828536894226 0
41.37749160400781 25.44666318175789 0
39.24176735022052 89.75583754273099 0
39.37109852807048 10.13935862728556 0
1.274621036996265 9.361244361589897 0
1.073839896503713 90.59640728648513 0
9.974817935711513 28.36750828324647 0
9.918830393284324 71.59984364958353 0
188.522655492774 55.4353837965272 0
188.5596044284022 44.60715328632686 0
174.0350344019697 31.12263687279461 0
152.5997740362254 41.36193923975806 0
151.0651306439254 47.66654147705406 0
151.1834230990197 53.94803084206286 0
153.475906605645 59.88619470729905 0
156.4056343938655 36.32282120316897 0
157.8061480223869 64.80880903735465 0
162.9684294597171 67.92599151717756 0
161.5552233496055 32.79865263622595 0
11.71458399812798 9.006350660865685 0
11.74538651487489 91.02960621668211 0
8.66154143127055 85.54984508167497 0
8.722418689501836 14.636583208663 0
8.679880481986999 25.46929614190877 0
8.659937053028074 74.63084404909399 0
37.20664375284967 7.793356247150371 0
37.20664375284967 92.20664375284963 0
7.90274167854362 22.38496568263719 0
7.983569945623771 77.5979115869317 0
8.107405386632067 82.32146512564582 0
7.696470375433051 17.73270413232627 0
10.75 1.267334502196 0
10.65676549155192 98.6219527796986 0
198.1879008140925 93.05392911090979 0
198.1879008140925 6.946070889090223 0
1.430091678583551 86.51475848797537 0
1.254937576366089 13.75223880507306 0
1.272490349478559 25.57350163551348 0
1.245460604605611 74.46246937559036 0
191.8575847358075 98.53917921730033 0
192.1307831651276 1.350129440600881 0
1.254988655811246 80.321991923645 0
1.255507445105692 19.62963197794909 0
39.24982198422569 1.271806881037882 0
39.24982000781858 98.71826323543081 0
54.22310901775193 1.292389788937733 0
60.38767740341198 98.53198913046239 0
54.25 98.70096189432334 0
60.25 1.299038105676658 0
66.37053287721756 1.221496692849954 0
171.2504558231618 1.298942750564784 0
177.2309832166144 1.288025559704664 0
184.7229097499301 1.283181364635624 0
184.7884722422498 98.74998013136172 0
178.8762565703339 98.71025091829551 0
171.280105286615 98.46899063300728 0
163.6832063825954 98.78805574773149 0
159.25 1.299038105676658 0
165.25 1.299038105676658 0
1.455478220661888 22.62288928993236 0
1.228632581041936 77.40741128062299 0
1.180609427514327 16.6666611234163 0
1.222168638582971 83.36703228748905 0
156.2160305702004 98.75489659551482 0
148.7219283002942 98.69590443739824 0
151.75 1.299038105676658 0
144.25 1.299038105676658 0
141.1910192899552 98.52901919081005 0
111.2499385328696 98.70107002456447 0
105.2502148327749 98.70100352673498 0
1.282799892155694 53.70337834640481 0
1.282983419601919 47.77792692408929 0
1.28289217780744 41.8517691283706 0
87.36274607705175 1.483673195599266 0
93.25 1.299038105676658 0
99.25 1.265083175290414 0
105.2500000189212 1.277359219263744 0
99.25090153357206 98.68514414128578 0
93.25544689956239 98.65822121249697 0
87.25747332333152 98.69236366115477 0
81.25 98.70096189432334 0
198.6819521379206 74.64441041384525 0
198.7266573483418 25.44236586345968 0
198.6218768561275 80.22506066821687 0
198.6742153911349 13.64386266093372 0
198.7712417606506 86.24569770503979 0
198.7864192245132 19.68235663829348 0
198.7143158509668 59.74558863805618 0
198.7824992657626 40.41076894627323 0
198.6085872357437 46.12726426927433 0
198.8451878274134 53.78264267895666 0
13.9836335134556 6.801220457250203 0
13.94260710878547 93.34680896454181 0
36.31297323705863 98.7762894917545 0
36.26012018690706 1.211463967700922 0
13.7607849367248 1.564389331029673 0
13.64991525962722 98.72771303538713 0
34.72158750925669 94.26128454317278 0
34.69633432110248 5.839787968608448 0
16.68944614353622 94.90872339887446 0
16.51025711147915 4.929784520862462 0
33.44898714377943 98.73861467663365 0
33.39730561141414 1.281245704817877 0
4.764000402516416 2.93919242865632 0
4.762978244646831 96.99584204294501 0
2.041298525198158 93.17868903906833 0
1.681631893149785 6.768085171353086 0
197.2608748370271 95.29921107501853 0
196.9958420429451 4.762978244646995 0
17.98567644750058 1.259855135496842 0
18.37563638250172 98.64529720240736 0
30.56679561059286 96.35616184588 0
30.48597008225433 3.632091285855196 0
21.02967523986852 3.288027720306246 0
21.1048129830498 96.71060609936737 0
29.09114786345857 1.312043808053751 0
28.93882942188215 98.88837501377211 0
24.2027441371486 97.24438130253202 0
25.79725586285139 2.755618697467987 0
22.73761182300368 1.479792817873495 0
25.71957356823614 98.718169654646 0
27.38496568263727 97.09725832145638 0
22.77824990033679 98.55459050678985 0
10.78663290409071 10.1791056531555 0
9.290857989936939 10.17438926399883 0
8.465924766909097 11.50625642503088 0
7.784766023209812 10.15206160699201 0
8.607418332008805 8.867067855043302 0
6.976349139508613 11.38507359862655 0
7.113231067419008 8.843668080775359 0
7.888369650880804 7.625128239962507 0
6.436146213881159 7.559606576992131 0
7.218116811892273 6.336870533400102 0
8.663870052395509 6.399404668845733 0
5.653195405821791 8.780872827618076 0
7.99738244296168 5.114388522287335 0
9.448104749093659 5.179250899588197 0
4.987185722515733 7.495205875782538 0
8.781276597647775 3.892975747783488 0
10.23071811951925 3.953734448894934 0
10.90447479988656 5.246663627148244 0
11.68957848347418 4.013553882072479 0
4.204635990386734 8.713690951726178 0
4.866746595622743 10.00063853100106 0
6.557324453794962 5.056193920312197 0
3.465914620536381 9.962643838882236 0
4.091595219201366 11.229637010513 0
2.60662296484864 11.11854873723057 0
3.185792275154512 12.35110462543643 0
4.736701808530754 12.50856226694345 0
3.779999713085132 13.80730575281795 0
5.418994868334948 13.83252454068076 0
4.652320412450152 15.0701474074226 0
6.07069890687778 15.12623204312226 0
5.31229533690481 16.38593635474832 0
3.881120669073596 16.30795052024779 0
4.539340864136818 17.62714144041384 0
3.180594689447474 17.50526625142763 0
3.722364813976299 18.91969497043188 0
5.217704783676879 18.94724428060257 0
4.357966457032234 20.23711406616097 0
5.811558900135196 20.22849801455189 0
5.066169995572736 21.51178501084965 0
3.609356996398049 21.47697118119747 0
4.302404596131566 22.7559483575523 0
5.791588508958284 22.95622589246159 0
4.914743638463534 24.12623619247589 0
3.524301407373144 23.92345893693112 0
3.965227828851042 25.42773045688038 0
5.678767616366898 25.37186450352029 0
4.883553956198725 26.61964153536506 0
6.353177013942798 26.6046403305341 0
5.558731592369256 27.91473232493381 0
4.133766343409519 27.89432992383129 0
4.771501289201041 29.18001989462476 0
6.223122341775692 29.24740928049419 0
5.454776267266396 30.49248058497628 0
6.909626449146501 30.56730485984104 0
6.137291944911254 31.73311462314448 0
7.589326750782902 31.84463583457986 0
6.603722446542207 33.13654390519363 0
8.265149305385975 33.12102748685047 0
7.504350319929188 34.42941908814804 0
8.9923991206322 34.41432069435496 0
8.222324476766289 35.71112113255791 0
9.672739523782283 35.78791604692204 0
8.910804761264146 37.02848682971497 0
10.35629628711897 37.11122392714622 0
9.561733958384295 38.36068026119788 0
11.02527456756135 38.43322383714066 0
10.23714780482906 39.67783295047197 0
11.70473022623455 39.74787115944711 0
10.91837130635676 40.99122501551117 0
12.38677200490548 41.06069999549314 0
11.60099641949955 42.30366480302536 0
13.07563157583112 42.36985785390461 0
12.28496856064237 43.61532841523056 0
13.7537089659981 43.68454803901188 0
12.96737659994703 44.92773992288349 0
14.43570122898498 44.99712797358026 0
13.6501633957696 46.23986459906173 0
15.11846089770464 46.30920662051459 0
14.33311071512654 47.55179600465582 0
15.8073823173082 47.61796895704781 0
15.0170857278728 48.8630830117117 0
16.49144015979456 48.92915538934137 0
15.69954405421407 50.19361249991757 0
17.1768545502313 50.26114980765404 0
17.96269500870926 48.98531525742332 0
18.65310526166155 50.3246209774051 0
19.44199345441174 49.04661606151347 0
20.13043702842316 50.38834364017526 0
20.92725204824222 49.08592915323105 0
21.60829116324572 50.46173569128001 0
22.40573258400539 49.14773082366634 0
23.08561692431157 50.52720685709058 0
23.88059680221369 49.26576942089718 0
24.56533300641807 50.58290912333693 0
25.35755534436919 49.33772708991096 0
26.04327780849036 50.66825506152425 0
26.83482859955515 49.40011792280783 0
27.51857102648378 50.7214651508074 0
28.31138655442703 49.46237205856853 0
28.99198706952409 50.7586180773854 0
29.78861613730933 49.49609103635565 0
30.45948875221464 50.82904650699395 0
31.2638355745255 49.55642084770403 0
31.93762760949772 50.89587610446068 0
32.74048579020197 49.63673869437463 0
33.41678842279805 50.94603509360915 0
34.20839334396946 49.69162590244802 0
34.87819042347941 51.03154676504449 0
35.68382050540311 49.75577057073045 0
36.3577522934465 51.10313241746828 0
37.16678219296531 49.83243090553363 0
37.85166128071627 51.16253870345933 0
38.64752296897434 49.90827813497481 0
39.33255073702701 51.26136105389993 0
40.12663504768369 49.97999086344585 0
40.81049288411372 51.31659883247465 0
41.60586729895262 50.02225992607731 0
42.28911102046307 51.35768109342672 0
43.08590584774631 50.07862326673781 0
43.76893271503794 51.41733056117639 0
44.56573836300347 50.15212205373546 0
45.2488933846535 51.49566096443107 0
46.04658574298381 50.22018439039731 0
46.73014377733187 51.56351866057044 0
47.52770553820108 50.29884166817486 0
48.21292221932446 51.61462504890382 0
49.01028542129717 50.36328617190837 0
49.69597007173805 51.67737279978257 0
50.49429021137209 50.40815731298603 0
51.17919856181665 51.75206260858184 0
51.97854018763839 50.47375821516673 0
52.66355849122513 51.81894698121324 0
53.46326983631296 50.5403277457364 0
54.149681217116 51.86105681266586 0
54.94888740126102 50.60139043460704 0
55.63563719405052 51.92177244854626 0
56.43480793964913 50.66897654192628 0
57.1217270443335 51.99354397332326 0
57.92147461860262 50.73089444524881 0
58.60867143581055 52.05935928850561 0
59.40874995834839 50.79966937587157 0
60.09654317072368 52.11847190904561 0
60.8966697682669 50.86437601195428 0
61.58474379612784 52.18265142508231 0
62.38512071336837 50.92894778162474 0
63.07295448503712 52.24730420337813 0
63.87398444799783 50.99396245697923 0
64.56248575336052 52.31191753636811 0
65.36350046639228 51.05660588874005 0
66.05117999741302 52.37738356983132 0
66.85322593315937 51.12338859132997 0
67.54218863522827 52.44203633062719 0
68.34368200598253 51.18877726298859 0
69.03282978092219 52.50762551157317 0
69.83453626326708 51.25142759711695 0
70.52389487111601 52.57205750969415 0
71.32568048510728 51.31831632626172 0
72.01526816033245 52.63715992783945 0
72.8172132742948 51.38383310358355 0
73.50685662390458 52.70341291290143 0
74.30915156642874 51.44645249047893 0
74.99902828195142 52.76741438648961 0
75.80134490052562 51.51352727433771 0
76.49143387627272 52.83255131869315 0
77.29388093264706 51.57908085885552 0
77.9839928447291 52.89925132030393 0
78.78678191102044 51.64164884931157 0
79.47709327105284 52.96290929930462 0
80.27985562472335 51.70887499348119 0
80.97036524013622 53.02804893118606 0
81.77323174464391 51.77446516039369 0
82.46379998277509 53.09405126046855 0
83.26693847499379 51.83694658349939 0
83.95762045888318 53.1583211891327 0
84.76074680193737 51.90429911974789 0
85.45160437607611 53.22368900814709 0
86.2550449167484 51.96494317836078 0
86.94573104570325 53.28963962662574 0
87.74932945428351 52.02956009356516 0
88.44004026750764 53.35342047378975 0
89.24356108819426 52.09448061479913 0
89.93420271196919 53.4183340656944 0
90.73760283830845 52.1596267773944 0
91.42816349315662 53.48515784344853 0
92.23150891256363 52.22513188854557 0
92.92207278140171 53.54894143256589 0
93.72532498682689 52.29025791783156 0
94.41581402177141 53.61394874747272 0
95.21880719973903 52.36018925477413 0
95.9093637776373 53.68093968326683 0
96.71229444899161 52.4265509345835 0
97.40283091660763 53.74552717182014 0
98.20588230898389 52.48725964625238 0
98.89618596320017 53.8099488303867 0
99.69897756007937 52.55614763460426 0
100.3893393505678 53.87651366937813 0
101.1921961022983 52.61966278566798 0
101.8824051984125 53.94067534598955 0
102.6850306677695 52.68702966513112 0
103.3701631105141 54.00515235008042 0
104.1771622724175 52.74800595643546 0
104.8468396414816 54.06921892930289 0
103.4687613672295 51.42555983217033 0
104.9774878163426 51.48814792299296 0
94.51868112804284 51.0402916142661 0
85.54501108382438 50.6426005663898 0
76.56503891194581 50.2505610788488 0
104.2909661065978 50.16234589070525 0
105.7830863258261 50.22758747782893 0
67.61513957351711 49.85876078119808 0
105.0778211519775 48.88964952249792 0
106.5837259385 48.96529120188957 0
105.8782690224048 47.62671337697952 0
107.3858184897196 47.70431332998796 0
106.6963995908878 46.37848094295194 0
108.1919170665901 46.44680117307792 0
66.7407091872071 53.70040787644018 0
75.68856699280984 54.09388569299254 0
84.64791026694969 54.48700184070509 0
107.501726149761 45.12101370436741 0
108.9949338766966 45.18676452926109 0
109.6848316107807 46.51214343596612 0
110.4875321720847 45.25530560353271 0
93.61240556293897 54.87809302510743 0
111.1774046194766 46.57786324676973 0
111.9799740964398 45.32125924238992 0
102.5501132470671 55.26769597002423 0
109.7720767030719 43.92828224619602 0
112.6697533170863 46.64320318364555 0
113.4720084063268 45.39134839341737 0
114.1589275284512 46.70711058559622 0
114.9633834716947 45.46008262420654 0
60.20879446044486 49.53915276464465 0
115.653924010976 46.77277658837505 0
116.4559414852841 45.51828156188439 0
117.1488049074168 46.83695309756412 0
117.9478869889658 45.5787101742236 0
117.2482977594064 44.25750403903636 0
118.7484476004031 44.32011038276684 0
118.0487758338233 42.99536133297052 0
119.5502067691908 43.06055406276377 0
118.8499018326095 41.72907652081565 0
120.3523402836533 41.80007392225478 0
119.6520179901464 40.46840979791072 0
121.1547004991555 40.54035787373315 0
120.4522474438924 39.20447507104414 0
121.9568143818875 39.28019101994403 0
121.2552469415238 37.94366529374176 0
122.7593778017887 38.02040592957944 0
122.0708445970327 36.69510771769593 0
123.5662692422498 36.76141860410431 0
118.6376552284679 46.90283675727429 0
59.28187159114513 53.39014760425768 0
122.8642800204543 35.43090537502892 0
124.3700519930818 35.50108089342599 0
121.3412667770219 35.35355184603658 0
123.6655364953156 34.17036333840569 0
125.1705585631988 34.2424482035613 0
124.4785902115209 32.91909135365989 0
125.9727429164794 32.98438263854528 0
122.6482717617735 40.606436877879 0
125.2686969186455 31.65534336343567 0
126.7733578566949 31.72418843342916 0
126.0690132557218 30.39330490409274 0
127.5755299940389 30.46386973783864 0
52.77665581250327 49.21877658642488 0
126.8855675920306 29.13848921999427 0
128.3816409010181 29.2051156347044 0
125.3834873443344 29.0704496311081 0
126.6663599644521 34.30917255735396 0
117.8388254995882 48.16019161100584 0
119.3271012723704 48.22685105592922 0
118.5185317216111 49.48920907933642 0
120.0147967077705 49.55177861180919 0
119.2059433163394 50.81427678594936 0
120.7034935872994 50.87618918761205 0
119.8931815524992 52.14115845814049 0
121.3923674270232 52.20085074744216 0
120.5826870405997 53.46627513087286 0
122.0816557987189 53.52527585220336 0
121.2801120446393 54.78478230949186 0
122.7724930019194 54.84840774725573 0
121.970452518847 56.10641859747196 0
123.4651619541138 56.17069197930125 0
122.6518013292424 57.43216113893999 0
124.1538019458652 57.49495851312642 0
123.3396367355777 58.75794260020194 0
124.8398290322459 58.82114741205065 0
124.0363740224305 60.08177231306654 0
125.5301720277439 60.14578169575849 0
124.7265186984773 61.40698502195933 0
126.2198236595342 61.47064034091294 0
125.4177634770512 62.72985981808585 0
126.9097755649551 62.79489092889624 0
126.1073122818971 64.05452907251231 0
124.6156449801085 63.98970213312977 0
127.5993601865303 64.11960110831875 0
125.3048906029458 65.31438714351778 0
123.8126463989502 65.24935460495881 0
124.5025100933635 66.56797436075674 0
123.0095142032595 66.5081685367532 0
123.697518278231 67.82812661347049 0
122.2060779468482 67.76821265011621 0
122.8939252897443 69.09502445650556 0
121.402747826301 69.02971989941985 0
122.0932368583126 70.34862525966284 0
120.5998445079942 70.2893864833878 0
123.5871856817104 70.39881567291063 0
124.266873913554 54.90650000605095 0
121.2875696099697 71.60968787713006 0
119.796650823905 71.55144414100364 0
53.32115732514563 53.17645057998944 0
127.6912757433083 27.87939573466798 0
129.1847172963099 27.94496005108012 0
129.8745429777198 29.27040548501349 0
130.6775029315412 28.01040808980377 0
120.4836273075064 72.8781364294362 0
118.9918600809591 72.81216192238398 0
127.0225134751597 60.20873144012185 0
128.4948383739259 26.61932088424891 0
131.3671848374183 29.33571391389412 0
132.170065547345 28.07588214430646 0
119.6828286807851 74.13898759532057 0
118.1891973564007 74.0736782444429 0
117.48408661795 72.74942022530257 0
116.6858873474799 74.00832758877316 0
117.3842879120272 75.33515117267525 0
115.8915698533155 75.26985154432636 0
115.1889850787407 73.94405484195337 0
114.3951032772667 75.20468726927164 0
113.7049907699049 73.87796223412806 0
112.9025841128403 75.13909371309244 0
112.2116571324136 73.81210763305438 0
111.4079228649422 75.07289851965015 0
110.7171842599848 73.74643809778421 0
109.9132239428738 75.00738025953197 0
109.2224557676265 73.68090979693972 0
108.4184177429919 74.94195182375819 0
107.7276059814911 73.61541672344046 0
106.9235118416454 74.87658220165464 0
106.2326597731496 73.54993559693413 0
105.4285138835868 74.81118023170308 0
104.7376203830144 73.48444832509711 0
103.9334230965467 74.74580684691904 0
103.2426638502825 73.41507096754179 0
102.4382750046563 74.6797460491873 0
101.7474824499415 73.34882329596391 0
100.9430249342761 74.61412882585998 0
100.2521244202016 73.28481421468226 0
99.44768155235084 74.54891138424036 0
98.75674585439161 73.2196035616641 0
97.95227301255976 74.48362346175861 0
97.26055817721532 73.15406183032968 0
96.45668582615986 74.4181924080161 0
95.76463724824607 73.08627047167083 0
94.96105722660978 74.35297085106093 0
94.26968018928643 73.02281562077314 0
93.46558715792277 74.28788514983063 0
92.77407368947993 72.958399862417 0
91.97002654428664 74.22265723738067 0
91.27830441777684 72.89165089892785 0
90.47443145160511 74.15700353980031 0
89.7831593255825 72.82757892545396 0
88.97895867308537 74.09171115072897 0
88.28767944445444 72.76294145094599 0
87.48349328834128 74.02638333774351 0
86.79213671642073 72.6968803243343 0
85.98806973047266 73.96080978929245 0
85.29698065205918 72.63228700874453 0
84.49277038356735 73.8954406421087 0
83.80180812502846 72.56747236010912 0
82.99754873709523 73.83006486231061 0
82.30657133757926 72.5021148821848 0
81.50239909645637 73.76459776875792 0
80.81148401801511 72.4370794204611 0
80.00736509482941 73.69915921616982 0
79.31647960942412 72.37183051727857 0
78.51245214221298 73.63371853790034 0
77.82153663008572 72.30651936655892 0
77.01757821069583 73.56827390625156 0
77.70835513700084 74.89550521061649 0
76.21395826878209 74.82057752036195 0
75.52293129179591 73.50124760203801 0
74.71906488517608 74.75906764869609 0
74.02836168094638 73.43622080734306 0
73.22481880490707 74.68835770608685 0
72.53416649426873 73.36996953925774 0
71.73035460159583 74.63080723393055 0
71.04028289277663 73.30592576152247 0
70.23677057942027 74.5665506879577 0
69.54709170789184 73.24050374596843 0
68.743989901932 74.50118195621387 0
68.05467969621307 73.1753958336725 0
67.25199950393484 74.4353508270262 0
66.5629403427742 73.11123659940705 0
65.76076572545674 74.36960917760938 0
65.07201635369478 73.04626037671215 0
64.27011651715367 74.30421814804802 0
63.58172821366375 72.9815036085914 0
83.68845204802751 75.15771273406497 0
132.8596504376186 29.40105573306197 0
133.6624546902104 28.14135875616697 0
89.67008515531745 75.41985291799232 0
64.95864676705349 75.62747189099321 0
95.65347513270183 75.67982579276369 0
72.41305921474164 75.93424876780477 0
63.46849273459696 75.56205580421829 0
101.6363574225116 75.94087130046316 0
106.0093808534101 45.05568037772997 0
107.6175994094271 76.20260754858271 0
46.82310683432947 48.95017993108756 0
113.5941586203585 76.46388402052406 0
134.3518938966122 29.46631720693315 0
135.1550973499113 28.20702397702921 0
134.4654940251589 26.88190070604756 0
135.958081249384 26.94752631394346 0
135.2683568053979 25.62222081865337 0
136.7607296946986 25.68761511779936 0
136.0710603324734 24.3621959790557 0
137.5637911363304 24.42768572257652 0
136.8740528343886 23.10205764738075 0
138.3669460799492 23.16763501011962 0
64.15664692817188 76.88503202982648 0
62.66689273430374 76.81942192432741 0
120.6977490144377 67.70591600663946 0
139.0566673333388 24.49320733099263 0
139.8598087390637 23.23327284760983 0
135.8444256650762 29.53212570884003 0
63.3549290602576 78.1424408704388 0
61.86527531962646 78.07681823389609 0
47.39391752568892 52.91116383871912 0
137.6772008043796 21.84178522383418 0
110.013488418552 72.41915997381274 0
140.5494172382576 24.5587245864397 0
141.3524567970331 23.29895333710748 0
62.55315886652392 79.39974398827013 0
61.06359247586618 79.33393020644071 0
60.37601470812214 78.01153129273557 0
70.35019815607876 71.97960857734029 0
142.0418360138262 24.62426250917038 0
142.8449262757723 23.36463311989417 0
59.57467934292099 79.26825919333533 0
58.88724663847701 77.94634043618315 0
120.4615920103452 56.04561309459712 0
64.38329161295943 71.7235715930761 0
62.89348450707718 71.65871288826196 0
60.26193991370548 80.5904876902421 0
58.77322705986556 80.5249141071161 0
143.5341914408398 24.68976986390656 0
144.3375800804309 23.43039319042947 0
143.6479852408213 22.10494155579753 0
145.1408706697473 22.17078594287261 0
144.4511592671515 20.84507478214631 0
145.9438813210479 20.91081276790115 0
145.2543926956168 19.58492135281857 0
146.7474567858837 19.6507230928202 0
147.4369420541493 20.97656833863635 0
148.2404983243797 19.71659863734855 0
80.12065945490436 71.10994468240978 0
98.06309174454157 71.88400894949001 0
89.09162760560324 71.4992447462424 0
148.9298927332285 21.04240397620381 0
149.7334241490577 19.78246581517003 0
149.0440611115937 18.456594517248 0
150.5371008835592 18.52255634837268 0
151.2264270679782 19.84854098131251 0
152.0300646973334 18.58864682347099 0
40.88285508700457 48.69800905858914 0
63.69507122006753 70.40053121708958 0
62.20393932226619 70.3368577236302 0
104.0344946528337 72.15080044496926 0
59.46055515550093 81.84691613424131 0
57.97179068773681 81.7813293334317 0
135.0414966860464 30.79095980760619 0
136.5331280222452 30.85648713892905 0
135.7308485901405 32.1152071390206 0
137.2221122986455 32.1804439857506 0
136.4200242330585 33.43909782829137 0
137.9109331811266 33.50436662384118 0
137.1090738388283 34.76278979206683 0
136.1839892919552 21.77623660655004 0
136.9873304486829 20.51563844468402 0
135.493733356086 20.45012221710064 0
136.297240868175 19.18988454417177 0
134.8032998653169 19.12373691761156 0
152.7193042722853 19.91446165482252 0
153.523056231137 18.65472407179713 0
135.6061965425079 17.86370301438335 0
134.1126174205422 17.79709089651925 0
152.8337475851047 17.32867742930236 0
154.3267896571882 17.39490887882087 0
155.0159710657098 18.72093420309481 0
155.8197337453512 17.46120232351905 0
156.5087507318951 18.78712325152181 0
157.3124754095772 17.52761332944877 0
63.00633544291554 69.07831319930752 0
61.51557373242763 69.01482156080377 0
158.0009274670811 18.86001235802274 0
158.8049725759875 17.59509841883226 0
41.47358797070397 52.66413717861746 0
159.4933381151101 18.92748931063428 0
160.2973701743637 17.66167406939334 0
138.599622719725 34.82809199335337 0
137.7979483651771 36.08625754867795 0
58.65907744439741 83.10319452137115 0
57.17038514580636 83.03716864772058 0
160.9860502036189 18.98712898145839 0
161.7897929509507 17.72641752496607 0
134.915760411023 16.53601304594198 0
133.4217994152164 16.47005282657028 0
156.6235656370966 16.2016056173407 0
76.89856723985002 76.14952723078011 0
62.3176028806027 67.75703368665724 0
60.82911148230971 67.6922786483847 0
56.48339865776629 81.71559199646305 0
55.68186613599939 82.97139789684783 0
90.04711356116064 50.8336414333039 0
122.1990471668254 50.93881488209267 0
84.60578124947369 71.30460753726393 0
93.57741776715162 71.6922062288866 0
98.09301185081195 55.07323914537302 0
81.04431960105349 50.44649167986429 0
72.08851838872778 50.05462581597664 0
80.16705171021358 54.29048260908283 0
71.21294432366574 53.89719529913602 0
89.10427627156972 54.68194322586533 0
121.1776744574381 74.20413584314042 0
118.932212158253 39.13030147587168 0
161.1010100548313 16.40092054523885 0
162.5936166310345 16.46705076914903 0
163.2832407664687 17.79226306762985 0
164.0863184806276 16.53342319026484 0
164.7759615903695 17.85863260797079 0
165.5788117510413 16.59990896792883 0
166.267448355053 17.92548459897752 0
167.070960987374 16.66713847108029 0
167.7618032942876 17.99094167650489 0
168.5634946042077 16.73359040792165 0
169.2543741493518 18.05717912770565 0
170.0552723829076 16.79952230251281 0
170.743761194398 18.12492340642829 0
171.5472385282347 16.86675079007193 0
172.2353589268454 18.19116783271698 0
173.039052604509 16.93360067967911 0
173.7278161196278 18.25869212593074 0
174.5309408658959 17.00032304151887 0
175.219851930575 18.32579673490123 0
176.0227097817229 17.06696575415585 0
176.7112243639792 18.39136968143933 0
177.5142540374898 17.13338842884531 0
178.2024025497682 18.45707638334336 0
179.0062332515851 17.19933922056974 0
179.6934912303888 18.52304990730075 0
180.4970657699864 17.26603280347172 0
181.1838897387631 18.5891266748749 0
181.986381610226 17.33200576253081 0
182.6733891370286 18.65506032601479 0
183.4755827481189 17.39845886279767 0
184.1623234463111 18.72100340844932 0
60.14789382330565 83.16966445762215 0
182.7885389492234 16.07563917935559 0
184.2777675538852 16.14211243992561 0
178.3175773928849 15.87362252530757 0
139.2883092856395 36.15145506474228 0
138.4866633736259 37.40954282767009 0
183.360843781625 19.97719049894996 0
184.8490920653628 20.04317211090782 0
36.44261044545907 48.45356505534402 0
56.3688457575425 84.29284914453953 0
54.88076349473573 84.22670880523145 0
172.3549159062212 15.60627554918821 0
118.3851700642309 52.07940258946791 0
166.388398827937 15.34046424386602 0
157.1946344281667 20.11634156219175 0
54.99568444639166 81.64971970790538 0
134.2257490350414 15.21390297784255 0
132.7309576182087 15.14918058100477 0
135.7176485030222 15.28243107631735 0
136.9963520389982 37.34438610496814 0
137.6850422717784 38.66760787727782 0
136.1948628756923 38.60252119267299 0
136.8835818835021 39.92563210430949 0
138.3737122510286 39.99076445841942 0
137.5722689467704 41.2486269937601 0
136.0821145920141 41.18362426154179 0
136.7708829956362 42.50661330890352 0
135.2806662931619 42.44167738679859 0
135.9695169670496 43.76472093692859 0
137.4598459189075 43.82921017909836 0
136.6585441702629 45.08740097126905 0
135.1683028518418 45.02321023411142 0
135.8572134303534 46.34583344521281 0
137.3476468240567 46.40989947127654 0
136.5459384524565 47.66861625459423 0
140.0899586521104 34.89350433340213 0
131.9270018841398 16.40565828888576 0
131.2361959849016 15.0803618694128 0
130.4320895399586 16.33983830891988 0
129.7409651025415 15.01789958290586 0
128.9369243316487 16.27488612449057 0
128.2457585976345 14.95293818640819 0
127.4416879352524 16.20964998869811 0
126.7504759531088 14.88783670974194 0
125.9463833771235 16.14434114476906 0
125.2553743907146 14.8168483026266 0
124.4510367806199 16.07804059327987 0
123.7597616875471 14.75557965041976 0
122.9555542484157 16.01319121526647 0
122.2641793563872 14.69155061677555 0
121.450388932614 15.94691259106414 0
120.7671798034856 14.62062989168081 0
119.9492430599574 15.8758457549658 0
119.2749533723798 14.55560912868725 0
118.4626751305714 15.81081431799239 0
117.7883700803789 14.49723611162821 0
116.9732582323463 15.75675492936405 0
117.6552409107223 17.06985938599303 0
116.1680753013152 17.01336375894259 0
115.4809273344776 15.7001549403787 0
114.6726168032818 16.95606728685973 0
115.3599032221621 18.27280785738674 0
113.8676965513458 18.2109254515782 0
113.1804556957124 16.8981577117925 0
112.3722459830902 18.15382678932583 0
113.0598038837413 19.47030540954826 0
111.5674315851233 19.40863352630386 0
110.8801528153463 18.09604222115011 0
110.071975766673 19.35170272271705 0
110.7631214391935 20.67295945617101 0
109.2672990750291 20.60815054886089 0
108.573937001142 19.28643465505925 0
107.7709458979962 20.54321182282024 0
107.0777299490809 19.21579095728061 0
106.2747465781926 20.47732265718338 0
105.5829652553933 19.14892091342524 0
104.7788512738578 20.41185836004225 0
105.4706439321671 21.73999519859397 0
103.974628621973 21.67492061643835 0
103.2827655197118 20.34673022222285 0
102.4784336468554 21.61000225992574 0
101.7865504625135 20.28175978038392 0
100.9823726026051 21.5450046466624 0
100.2903043695995 20.2167972508885 0
99.48610686155453 21.48007642815465 0
98.79396271877751 20.15188561089422 0
97.98963907801557 21.41527534375616 0
98.68288906443134 22.7434614074291 0
97.18613207923826 22.67873782376019 0
96.49336148734827 21.35047702963689 0
95.68914577443475 22.61381512255372 0
96.38245617694395 23.94193312092709 0
94.88519125283104 23.87705617176307 0
94.1930627589925 22.54905882952581 0
93.38898176060921 23.8122803122307 0
92.69699978273255 22.4843311331874 0
91.89294085952963 23.74750801355551 0
91.20100412494823 22.4196085717791 0
90.3969635268634 23.68271149038614 0
89.70507822451737 22.35489218862279 0
88.9010697067722 23.61794593812799 0
88.2092141078721 22.29017835075089 0
87.40528327452984 23.55318030307356 0
86.71345579400402 22.22547400479304 0
85.90962642027461 23.48846160005686 0
85.21779880064831 22.16078300474526 0
84.41399638746771 23.42367444383283 0
83.72222094651602 22.09610633079341 0
82.9184005545589 23.35886395909723 0
82.2267341637438 22.03139927665339 0
81.42300288154482 23.29405587731065 0
80.73031501373106 21.96599579630566 0
79.92780749759831 23.22245191842126 0
79.23439515625037 21.90038316834822 0
78.42699272282742 23.15281991748119 0
77.73933912569893 21.83546788903118 0
76.93078902073312 23.09383815998164 0
76.24468366155216 21.7712319027589 0
75.44140706372694 23.03347143802566 0
74.75115529506397 21.70781501771278 0
73.94810856079768 22.9701463571061 0
73.25708626049288 21.64369462150768 0
72.45400367787562 22.90483304302447 0
71.76354915217945 21.57917457366322 0
70.96111161198823 22.8401972620551 0
71.65115761080276 24.16532158587899 0
70.15862211118858 24.10041866952166 0
69.46882229775136 22.77486118794345 0
68.66626176341673 24.03577083930891 0
67.97681190217904 22.71037806491469 0
67.17471237078905 23.97079646133353 0
66.48536349666301 22.64700241967588 0
65.68414196179342 23.90571008126624 0
80.60827408750376 24.53485875899461 0
94.08085730157897 25.14022228452156 0
88.0970827857271 24.88086371646642 0
64.99490468970268 22.58287464365259 0
64.19218999349876 23.83923164768282 0
64.88261125154663 25.16315171840474 0
70.84863757166113 25.42535265918936 0
63.39009856022849 25.0951473545076 0
64.0812850061333 26.41986621782983 0
62.59282729283046 26.35571331261911 0
63.50156696422587 22.51599696826511 0
63.28115591922094 27.67729560837037 0
61.79278408854332 27.61268909873932 0
104.6663556438714 23.00301119384406 0
62.48082226103413 28.93393855462314 0
60.99271077857735 28.86930657233479 0
64.30480254324266 21.26029860925921 0
62.8140052385736 21.19517517035441 0
90.50871332942165 21.09151143758124 0
81.53197632194441 20.70193228982079 0
61.68067259475388 30.19026150667871 0
60.19282225581442 30.12536683571102 0
72.56609153087233 20.31774450156346 0
59.50519080871201 28.80499358892283 0
58.7039200198751 30.05951575590271 0
63.61581571702291 19.93826432540216 0
62.12652854024563 19.87391452306835 0
59.39287602767703 31.3808009011218 0
57.90423352858252 31.31461841979177 0
99.59836752326153 18.88843393457617 0
58.01267436176644 28.73199669884278 0
62.92724624438173 18.61602614844222 0
61.43758786043301 18.55180641250094 0
58.59299206543534 32.63545281892063 0
57.10668402111203 32.5705555998809 0
63.16882892538344 30.25524444192838 0
57.79393361640209 33.89039613367615 0
56.30796007606099 33.82543556421859 0
62.23824746274341 17.29362251376885 0
60.7483860251632 17.22942086549981 0
56.99479531355223 35.14481892020591 0
55.50911688913715 35.07976063873629 0
58.48091396308013 35.20979491854389 0
54.82241180566591 33.76101626270557 0
54.02398937774393 35.01471763895147 0
59.9480575802199 18.48739243488333 0
59.25885197610591 17.16561523595911 0
58.45871229536943 18.42300442423036 0
57.76995295114049 17.10188106655028 0
56.97044846884594 18.35851395662538 0
56.28170868337364 17.03771340491881 0
106.3865627056992 17.88589831590177 0
86.0216351420125 20.89777566730228 0
77.04715102514949 20.50874102484119 0
61.54902865899784 15.97101179285773 0
63.03958103469446 16.03522702575458 0
53.33778858814617 33.69671401559433 0
52.53962899604206 34.94973542430076 0
57.08116827877796 15.78118417133004 0
55.59289605763674 15.71711104066652 0
55.48270702814286 18.29390835909247 0
161.9047980368319 15.14095469539696 0
14.22446993039208 50.11105067130522 0
14.897536092211 51.44819677829462 0
60.0263502310146 68.94919766835376 0
59.34086131051117 67.62746315080514 0
58.54025567868115 68.88292848009958 0
57.85371690831386 67.56130637014729 0
57.05395990347008 68.81634517650545 0
56.36717986335702 67.4961933212975 0
55.56680375399628 68.75007653863173 0
54.88100735334807 67.43270362451146 0
54.08106202544089 68.68597342289769 0
53.39578462907603 67.36861114338629 0
64.0433506065004 79.46566345820233 0
37.03762435938192 52.42959853976273 0
138.0361842692604 47.73288314816948 0
137.2347305388395 48.99125322798405 0
57.68157271464558 36.46442557442749 0
59.16795069475322 36.52946484721868 0
55.67988289669844 66.17892769677729 0
183.5908764598712 14.8193460896596 0
185.0798578841174 14.88595959816799 0
61.62991674179066 66.43538744633959 0
63.11852928606606 66.50014535605143 0
184.0479692653876 21.29857812860402 0
185.5352817521558 21.36486293623029 0
62.3499545361168 14.71181261336739 0
63.84136498009258 14.77623504944871 0
55.56757983874191 85.54842244353401 0
54.07948079036923 85.48248160507475 0
56.39230598250685 14.46061613195027 0
54.90415499340628 14.39688357374713 0
140.7785099053857 36.21660304556211 0
141.5800564150799 34.95895808704743 0
135.056308473907 47.60419386200988 0
138.7258837247475 49.05432498289196 0
137.9236608011829 50.31341360544467 0
51.85363704807034 33.63211839368037 0
51.05585065813366 34.88461710593597 0
51.74146334752848 36.20203046808604 0
50.25825370079065 36.13676969216716 0
13.43053303748337 51.36346775005212 0
14.09729384371599 52.67528548101019 0
52.59733593442927 68.62208139524387 0
51.91147732546387 67.30411480650059 0
122.1302087436459 17.26639409491318 0
62.43038117598897 65.17824868166318 0
63.9194953318957 65.24317914602211 0
133.5554005961606 13.90034646744495 0
32.0183716404882 48.25552506540183 0
139.4159273764437 50.37400956741433 0
138.6131345756626 51.63503982466938 0
137.1226663712857 51.57106540467731 0
137.8112990064422 52.89355683125147 0
139.3012161589018 52.95817251187671 0
138.4999085172563 54.2159945322167 0
139.9893219680245 54.28078815016399 0
139.1884905068356 55.53825251786431 0
184.7346265347435 22.61955224809298 0
186.2215870470281 22.68533176244586 0
129.0686065441075 13.7042756254228 0
140.6777435579486 55.6030191676189 0
139.8770430493483 56.86037904312127 0
139.5288384095865 47.79238419160117 0
187.0220460508364 21.4312417706679 0
165.4721677463003 19.18602147042827 0
124.5689693478429 13.50272616214335 0
184.3931589064981 13.56286500842386 0
185.8820605462709 13.62931734366983 0
177.4002102595773 19.71592029108532 0
12.67180668794811 52.58605637480658 0
13.31595714564918 53.91099296762275 0
141.3717552404798 56.92725965941007 0
140.5671486649241 58.18253782512087 0
139.0771666812865 58.12004101675605 0
139.7654922763584 59.4403549719283 0
141.2552362995559 59.50441340439045 0
140.4544835863497 60.7618369815264 0
141.9433441467589 60.82678005905932 0
141.143133081165 62.08402943498555 0
142.6320274055805 62.14909518659722 0
141.8311280847234 63.40679224305547 0
143.3206704981804 63.47143382143334 0
142.5197797732515 64.72934857383676 0
141.0298145235211 64.66472642615754 0
141.7187792858713 65.98758432715819 0
143.2089545708047 66.05218088933381 0
142.4079248860337 67.31056021005065 0
143.8997079162802 67.37453926060476 0
143.0973339879661 68.63364315429399 0
144.5893602442133 68.69757816113544 0
143.7866875272758 69.95692742064651 0
145.2806540559598 70.0199537448182 0
144.476368396422 71.28025882735407 0
145.972355565324 71.34226380849474 0
145.1662341102357 72.60372029372219 0
146.6584668114633 72.66779704610092 0
145.8552667831032 73.92787156240269 0
147.3472279544197 73.99231365039049 0
144.3632726605118 73.86342297595326 0
146.5446683129111 75.25210719837189 0
148.0369187542291 75.31653372110614 0
147.2343671999648 76.57633572550927 0
148.7258502462966 76.64139455660681 0
147.9240699725552 77.90103522284208 0
149.4158444243694 77.96608602483786 0
148.6140195216397 79.2260250639214 0
147.1203534452517 79.15980504743337 0
150.1065419770108 79.29069067393452 0
141.6054278195004 68.56771881901489 0
147.8115117877495 80.48620773679372 0
146.3172731483605 80.42007815900598 0
147.0088689796937 81.74688371543864 0
145.5153782429101 81.6820085078442 0
150.9088063056876 78.03056789178068 0
151.5991255737149 79.35521398076285 0
146.2062722240974 83.00811305916415 0
144.712471489967 82.94326656596077 0
152.4016957140681 78.0953705167128 0
153.0915745425488 79.41975099820087 0
153.8935972331358 78.15963341016577 0
154.583927526253 79.48426070081922 0
153.7816773303643 80.74445839133884 0
155.2744535779085 80.80893874234029 0
154.4719720211246 82.06947747839139 0
155.964947977516 82.13388516069932 0
156.7672051916531 80.8733327224419 0
157.4577656674794 82.19821778770167 0
158.2597795526413 80.93770252513703 0
158.9505584978605 82.25938286289775 0
159.7523795771536 81.00157878504123 0
160.4431212053973 82.32305900942431 0
161.2447745705375 81.06567279557376 0
161.9355298563618 82.38722325113193 0
162.7368079549921 81.12974474190821 0
163.427784554051 82.45349690609287 0
164.2291649978002 81.19451683422491 0
164.9200268673729 82.51612373199241 0
165.7216882549304 81.25889659529805 0
166.412222163059 82.58071050430888 0
167.2140247248846 81.32335563780597 0
167.9042902631708 82.64672270367794 0
168.7061245266084 81.38800879736002 0
169.396404787199 82.70970886269376 0
170.1979236748013 81.4521257889203 0
170.8883450990639 82.77383117469375 0
171.6899647872036 81.51649023355255 0
172.3802264702217 82.8380752892533 0
173.1818701547291 81.58087161788484 0
173.8718866137685 82.90478316747091 0
174.6733784547759 81.64564441398944 0
175.3634939885786 82.96952758485253 0
176.1648926531108 81.71009097746287 0
176.8551338807169 83.03101604270384 0
177.6563364502441 81.77538220414678 0
178.3470686154665 83.09444445781762 0
179.1475096122064 81.83991359843145 0
179.8379045592042 83.16126590660035 0
180.6381222778909 81.90374366515505 0
181.3275353095048 83.22589033850613 0
182.1279323195041 81.96824543718054 0
182.817029777565 83.28988131163746 0
183.6170138203537 82.03244622578799 0
184.3059448122088 83.35387467705398 0
155.1626434086236 83.39474539338508 0
182.928337736455 80.71110078340095 0
161.1176111584846 83.64311590845621 0
184.4168994941957 80.77564777799657 0
165.5971021759137 83.83570591437433 0
170.0795153658441 84.0272761119987 0
176.0528408447958 84.28553852582941 0
145.40338966072 84.26951539775865 0
143.9094190798114 84.20465444648873 0
143.2185448322325 82.87829149288957 0
142.4153491361582 84.13929063620992 0
141.724524397244 82.81316989136423 0
140.9211911550478 84.07446915709983 0
140.2302399844051 82.74806467046886 0
139.4268372105204 84.00922046844377 0
138.7358392112953 82.68293245047346 0
137.9323896044868 83.94480309742164 0
137.2413228297864 82.61793088850668 0
136.4377752201127 83.8798129191465 0
135.7466913399837 82.55286092375968 0
134.943129045418 83.81482004836123 0
134.2521419173527 82.48783135350186 0
133.4482551248487 83.74971065510888 0
135.0556857023528 81.22599238620103 0
180.5283862692404 84.48067817363571 0
183.7215651151562 79.4502145815282 0
185.215215304699 79.51843157171933 0
133.5612430094346 81.16091924616323 0
134.3648310951646 79.89930296007859 0
134.1394202793181 85.07701238956889 0
132.644235453034 85.01188678648069 0
138.6222051592522 85.2703740093867 0
184.519968783682 78.19340147165346 0
186.0158447568026 78.2653304258766 0
143.1051411040721 85.46511645689004 0
132.8705510265941 79.83422408780879 0
133.6739970559473 78.57279615856515 0
186.7044992185158 79.58451532145057 0
185.3164570301803 76.9375947986579 0
148.1522569557197 72.7328977012769 0
186.8149743823619 77.01469368612388 0
176.9620205837188 80.44840017918554 0
186.1049789634222 75.67901252279077 0
133.3355887100752 86.33942172873064 0
131.8402619628082 86.27436774565774 0
160.5542382940201 79.74179827576452 0
20.79355987933739 51.75859418045373 0
50.94350817174058 37.45394703001115 0
49.46061244140044 37.38888737024389 0
63.15116255801441 13.45187922552444 0
64.64351969120577 13.51638392383624 0
58.36833341894552 37.78456908565146 0
59.85513020906359 37.84946084744436 0
120.0849654085857 13.29950292518328 0
32.58536305140413 52.25687057377208 0
136.321478046071 52.82895246387051 0
138.9673708198416 60.69885162133825 0
55.70350044994102 13.13993560862367 0
54.21522221513911 13.07610780528573 0
53.41609797917029 14.33272320208819 0
52.7273945506099 13.01275523485363 0
132.1799081492768 78.50770179311846 0
132.9832401261729 77.24643223930376 0
54.76618552822596 86.80403733368166 0
53.27804623442576 86.73764462777729 0
187.7077545765388 22.75139798835655 0
186.9078301616222 24.00522558227277 0
187.6105965736533 75.75533913238976 0
186.9154462927886 74.42980679382079 0
183.8208958654465 76.86915858126233 0
48.77556101306406 36.07220148113596 0
47.97828224538639 37.3237572540023 0
172.9230713537154 19.51707794771603 0
142.2684701613753 36.28177714343724 0
143.0699187351106 35.02435181077874 0
53.28111632778807 69.93787428566084 0
76.13072200691381 24.3594624403587 0
107.2658394241476 50.29949173547467 0
99.00909207015076 51.22622317699025 0
131.1489661850881 84.94673074166276 0
130.3449073505803 86.20786527951218 0
129.6534929680921 84.88128578924488 0
128.8494021159442 86.14329801736658 0
128.1579883833226 84.81618561931316 0
127.3538384698729 86.07736194684239 0
126.6623794500584 84.75086234696624 0
125.8581216796237 86.0135254105561 0
125.1666824297291 84.68585537565987 0
124.3623887158746 85.94860888725631 0
123.6709423727398 84.62072525659765 0
122.8666255734738 85.88351951680784 0
109.9588511734071 21.93472918793898 0
145.0267299424775 24.75563115259835 0
56.25443955656201 86.87093434840659 0
20.21320163363816 47.72985964037556 0
11.97369360738098 51.37559336080306 0
122.1751889625582 84.55555688850532 0
121.3707324751419 85.81836951401714 0
122.0622627375242 87.14652182644329 0
120.5662239247914 87.08133263090724 0
119.8746569592632 85.75304562532182 0
119.0702045351579 87.01401071343055 0
118.3785481967527 85.68735550516263 0
117.5740757283768 86.94833916551664 0
116.882425497661 85.62195949129196 0
116.0779035139999 86.88284823381892 0
115.386227905021 85.55659390196064 0
114.5816272753701 86.81893352131631 0
113.8900142703876 85.49150790436572 0
113.0853969609897 86.75246799750417 0
112.393776546582 85.42602298153355 0
111.5890922388623 86.68682097903645 0
110.8974136910812 85.3605972320326 0
110.0926469690936 86.62298331257162 0
109.4009301782734 85.29548966643881 0
108.5962579215084 86.55640079313511 0
107.9044656795647 85.22997657959367 0
107.0997815886427 86.490719359293 0
106.4079521893974 85.16454409569164 0
105.6031792917542 86.42700778397074 0
104.9113725154282 85.09945238691131 0
104.1066299283984 86.36031652347253 0
103.4147547629732 85.03392144907961 0
102.6099942627519 86.29460740203812 0
101.9180845469462 84.96847970013474 0
101.1132311007317 86.23100752579913 0
100.4213538236195 84.90340555608694 0
99.61654384468392 86.16420214814961 0
98.92460025553591 84.83785968437084 0
98.11978041550478 86.09846181807993 0
97.42780662548593 84.77241706138395 0
96.62289803166762 86.03496901402079 0
95.93097378815925 84.70736677291603 0
95.12612916424088 85.96805147541986 0
94.43414021909629 84.64181405447033 0
93.62916306919027 85.90539090868994 0
92.93726825149631 84.57689031476278 0
92.13228455716914 85.84056299967988 0
91.44576744122699 84.51861367921759 0
90.63632086715027 85.77652006410472 0
89.96408023441764 84.45710042369471 0
89.14205573381149 85.7120062729722 0
89.83115967927745 87.03962855208852 0
88.33419122708301 86.9741467612059 0
87.64225978334439 85.64507375266638 0
86.83655518598778 86.90832480445334 0
86.144839217422 85.57939603237692 0
85.33973559026266 86.84285464429223 0
84.64798149834738 85.51397109626723 0
83.8429728514769 86.77740036017849 0
83.15128139661266 85.44859042960513 0
82.34631255820895 86.71193392681113 0
81.65466734269184 85.3832338558514 0
80.84975158883947 86.64649215310999 0
80.15815759810367 85.31788948744406 0
79.35318173085712 86.58109919210303 0
78.66174409361511 85.25257431884273 0
77.85679198224159 86.51562572627147 0
77.1654394185089 85.1872254445274 0
76.36071572349407 86.45020964471618 0
75.66939136790486 85.12199749975939 0
74.86481731825174 86.3846397290835 0
74.17353509314792 85.05671992872711 0
73.36913156651421 86.3191481177299 0
51.11354158235233 68.55666367989485 0
50.42799397153129 67.2394028388474 0
51.22570563333977 65.98724383806473 0
49.74245443580583 65.92252101095416 0
50.53984293830241 64.67058036969965 0
49.05696814094979 64.60597235672745 0
126.5463659066145 87.3385545004233 0
94.31764481168626 87.22901896528857 0
28.15493307189961 52.05261748831641 0
169.5077381229787 80.12854446485724 0
52.59180443899368 85.41656062567263 0
51.7894504593735 86.6717175909227 0
131.0329144648101 87.53307334748104 0
165.0309235487519 79.93485314998581 0
188.3933494884033 24.07115757719697 0
187.5937433385719 25.32455892486574 0
98.79728307337339 87.42289430016325 0
146.08245311212 68.76156405344244 0
11.65087316448148 53.75274660761407 0
12.49117815309124 55.14675744352611 0
63.23106859396181 63.92097131622349 0
64.72047056567862 63.98592034111564 0
49.85418339011004 63.35412078166405 0
48.37147709855008 63.28937644735588 0
26.14962375315596 48.16318832651235 0
75.55641775422758 87.71349916143262 0
50.14571153517659 38.70572569121087 0
103.288318581109 87.61923841139586 0
185.1953266704622 12.30626166860785 0
186.6839090563289 12.37314491059455 0
187.3699495266031 13.69571315514114 0
183.7082521412904 12.241132733057 0
188.1716423304013 12.4404483168566 0
188.4117404097548 74.50242864022087 0
187.7225242907176 73.17983048359368 0
63.95294244955441 12.19146766738073 0
65.44596013124701 12.25599176113407 0
80.04410551800422 87.9100729618859 0
14.00069444959902 55.22837618459266 0
11.36820814808027 44.92975487105917 0
107.778952325665 87.81550614146975 0
116.7587992438315 88.20802913648411 0
52.47634948194406 87.99247003586193 0
50.98698884234452 87.92671376804465 0
188.5079595650146 21.49758686689619 0
112.2691214302592 88.0118197108896 0
121.2577923102753 88.40969357203568 0
86.03105649017388 88.17194582467307 0
188.857151927547 13.7616159800331 0
125.9705971923082 83.43141634748889 0
122.5304095958208 60.02079580540759 0
59.05533204034092 39.10484294827459 0
60.54258898010054 39.16990234729926 0
61.34245503928825 37.91417253125559 0
62.03006939182018 39.23908792741429 0
62.8304859995135 37.97939546197449 0
63.51821962887959 39.30504337189605 0
64.31906495295125 38.04431919226713 0
65.0072335555974 39.36630183003735 0
65.80584916805003 38.10975254812857 0
66.49631669044169 39.43101583241724 0
67.29499154756951 38.17816212858762 0
67.98609265832718 39.49947795654742 0
68.78752591177125 38.24280364516494 0
69.47696757981134 39.56526015652078 0
70.27711799935847 38.30633585715047 0
70.9677482527951 39.62966404590753 0
71.76797218364484 38.37509541790243 0
72.45880353428774 39.69696425655795 0
73.26135578606818 38.43880048484007 0
73.95143006964301 39.75842328200633 0
74.75390863440674 38.49883537131937 0
75.44406970155862 39.82309370980611 0
76.24618895399858 38.56237600362158 0
76.93700685535443 39.88963521041828 0
77.73917965083989 38.62723636330226 0
78.42976104132214 39.95437539268302 0
79.23262353256446 38.69276136195737 0
79.92291853032037 40.01874482860735 0
80.72600498060454 38.75769056924315 0
81.41643126064538 40.08386817116802 0
82.21967304395271 38.82269125545534 0
82.91015377360793 40.14902617056336 0
83.71361242546709 38.88789117091535 0
83.02300056291529 37.56141234494122 0
84.51710445964034 37.62661871364899 0
85.2076924636583 38.95315205325056 0
86.01127730808433 37.69180066608238 0
86.70191429783826 39.01845741847701 0
87.50549850410935 37.75701605793464 0
88.19619067682709 39.0837223385962 0
88.99980701118584 37.82252367937298 0
89.69059186238641 39.14903691526488 0
90.49422989928654 37.88776617660488 0
91.18502356520726 39.21428355227899 0
91.98864549240466 37.95268609623912 0
92.67938039167488 39.27942824343612 0
93.48301275133633 38.01793953953775 0
94.17369909177229 39.34461149795953 0
94.97732778698389 38.08314225341302 0
78.54157790726273 37.36565072086007 0
74.06279890838138 37.18059018665298 0
83.82647730785725 36.30011134471407 0
91.29808982718191 36.62672801871458 0
95.66799172039752 39.40982083238734 0
96.47160972867674 38.14835861805907 0
95.78096067843087 36.82160787610453 0
97.27532745342312 36.88685383290027 0
69.58632077146407 36.99486538504931 0
96.58463466528826 35.56036574415343 0
98.07909791929166 35.62571737338553 0
98.79254337632993 36.93878179456263 0
99.57358337703211 35.69061754585626 0
98.88336171179719 34.36475376260755 0
100.3775189589121 34.42954789217985 0
101.0684432439061 35.74848293440606 0
101.8697232520917 34.49444013329318 0
102.5625106169807 35.81402433983415 0
103.3633595491388 34.56731184058765 0
101.1852501643247 33.1745654729331 0
55.01465006756984 11.81860765918973 0
93.37022625500059 40.606027177439 0
88.8869421431845 40.41032142195188 0
134.4770930009976 77.31145494757277 0
133.7864340633729 75.98539561731744 0
51.9286796824424 14.26870843797663 0
51.24028430776345 12.94952145125069 0
131.4892422473643 77.18129876191176 0
189.0787876102357 25.39048026407377 0
188.2793672231116 26.64369892195313 0
104.0564193719793 35.88665900895918 0
104.8597699153905 34.63400045566854 0
189.1022455538114 75.83628231707333 0
186.7943196107904 26.57792949850521 0
47.29347001058193 36.00831904351118 0
46.49665728220724 37.2587745834451 0
11.0451671273117 55.09955556630448 0
11.72297557685346 56.40909380409072 0
47.5746213929211 64.54141867968404 0
46.88931393686079 63.22516988842278 0
143.7580946953883 36.34705720925987 0
144.5594375320443 35.08975427869643 0
64.20644448915763 40.62563407823006 0
187.4799240972165 27.89850501071631 0
188.9648655770347 27.96282071036786 0
72.67805911749359 84.99158813898693 0
71.87387557270119 86.25373700564478 0
49.63042434961615 68.49146904756526 0
189.2124590291216 73.25528150621605 0
188.522641263899 71.92796095001844 0
105.5689115661028 35.9527465055302 0
106.3578808966337 34.68856675510153 0
105.6704166852197 33.38388486203127 0
107.1598344618472 33.43971783534769 0
107.84992003352 34.75373194387898 0
108.653117331826 33.49617804236519 0
109.3431443058429 34.82144878949821 0
110.1467980590909 33.56059149920787 0
107.9682163836439 32.18861228804677 0
141.4833918093196 54.34836151771758 0
146.8973528453089 84.3343072612961 0
186.0117102364117 11.05409560770732 0
64.75530522448449 10.93087327984381 0
66.24866662154909 10.99557354746787 0
66.93933868906284 12.32091958227133 0
67.74234810300534 11.05997079742747 0
63.26204933475994 10.86641381114462 0
68.43318421635783 12.38592667454333 0
69.2363008289212 11.12448330208062 0
69.92744815531238 12.45091410959039 0
70.73050151835135 11.18918204654978 0
71.42193717891311 12.51580345937123 0
72.2252881893867 11.253749997548 0
72.91682715378721 12.58076840596254 0
73.7204444727209 11.31848431646529 0
74.41195957198923 12.6457079202652 0
75.21577154847552 11.3832588668357 0
75.90359065544777 12.70826146471664 0
76.71072308649103 11.44762989363851 0
77.40034381837324 12.77182028627557 0
78.2066764697761 11.51224176278163 0
78.90022163283516 12.83897047341718 0
79.70306926341595 11.57721224586883 0
80.39115026423569 12.90269109762154 0
81.19850042416067 11.64177215006853 0
81.88834290716761 12.96641662672468 0
82.69538601689351 11.70694582197166 0
83.38902096118534 13.03380884763413 0
84.19222987938134 11.77172760411435 0
84.880206597328 13.09747343938047 0
85.68804867029242 11.83630306338492 0
86.37782536114622 13.16115995686991 0
87.18497525546979 11.90111073252183 0
87.87900011209618 13.22857752432175 0
88.68240952286533 11.96616405101558 0
89.37473646998339 13.29498223952579 0
90.17923818698736 12.03130271022972 0
90.8671055562769 13.3574520411829 0
91.67550332983387 12.09587582098811 0
51.10234871416011 85.3518825779752 0
10.27586426450378 56.36361776010835 0
10.93686770175975 57.66182140960533 0
15.1909976785573 43.69578361160365 0
49.16845853682471 62.03727422778567 0
50.6515977228858 62.10224950253425 0
186.2387307858421 73.11510654394384 0
64.0318966145353 62.66367026125216 0
62.5426168854133 62.59858866195476 0
65.52149854667016 62.72847646071117 0
66.21024478221742 64.05115892169168 0
67.01172595758909 62.79313224884028 0
67.70059335450702 64.11648268384101 0
68.50239399813677 62.85791780141828 0
69.19153505320585 64.18170596252102 0
69.99300399574514 62.92308317000602 0
70.68282667625826 64.24694742209164 0
71.48451765206755 62.98865713934669 0
72.17469138636102 64.31226922198628 0
72.97711339782703 63.05336132916915 0
189.6578576328906 12.50780075230343 0
56.17061350654879 19.61409973790203 0
54.68413775810353 19.54967437726163 0
135.2799320764276 76.05034646974408 0
134.5895585948348 74.72465510788075 0
144.1213776508907 62.21388221046908 0
126.6375075160405 17.4705429040097 0
73.66703489468205 64.37765494976432 0
74.46890976822142 63.11811343809876 0
90.98375996789083 10.76725095254017 0
92.4808789540097 10.83218179596818 0
70.16620992923936 40.89031231760114 0
80.99286599973384 84.05880722037486 0
74.64201507701063 41.08744924095074 0
79.12054558385412 41.28174149251215 0
188.1663090492467 29.21788899432135 0
189.6503673944605 29.28149193040057 0
93.17320472879337 12.1612680688684 0
93.97819855326603 10.89726983419714 0
51.67462360343914 89.24782719809991 0
50.18599933825 89.18136350264673 0
82.00260974936056 10.37839037637523 0
85.45250183859626 84.26028611880237 0
190.008109683846 71.99833195914233 0
189.3204348679245 70.67423761242922 0
77.51455761539992 10.18451345047076 0
86.49247979271875 10.57262509956401 0
110.8369798947149 34.88681787658486 0
111.6405387226527 33.62592647939172 0
59.74256419722003 40.42523091884184 0
58.25551253732469 40.36014464993075 0
143.8721414972509 33.76757070807146 0
145.3609116814 33.83244743777935 0
146.0489377892759 35.15509706142864 0
146.8502659557786 33.89792010919055 0
52.65145105200627 32.37944325723328 0
51.16778059413814 32.31496779851948 0
51.96519876499185 31.06280084816314 0
50.48212371473647 30.99849892740581 0
51.27858332377613 29.7467641952603 0
49.79646000765639 29.68213152120178 0
50.5927165272436 28.43065518920184 0
153.2039091229206 76.83565787664668 0
154.6952012903681 76.90004975029441 0
154.005563259701 75.57624941559718 0
155.4963984664536 75.64060893125097 0
154.8068953393372 74.31708126729549 0
156.2974392673129 74.38166913678268 0
183.2472628168461 22.55384905869738 0
113.3578819174775 47.96248427560523 0
50.44250180730995 14.20512970042904 0
49.75435007984636 12.88649369466705 0
50.55171856060737 11.63096250169087 0
49.06455044490433 11.56788296127255 0
49.86306093896629 10.31191990063114 0
48.37535789045068 10.24880134709212 0
46.09289163233585 64.47649779416726 0
45.40797546908421 63.16121538802835 0
73.02688742994528 9.990272572857421 0
190.3431732788089 13.82798519896438 0
45.81217233900502 35.94397996005651 0
45.015572412713 37.19411387702183 0
45.6997936604514 38.50873442153043 0
44.21908639496345 38.44405801327851 0
44.90311219817423 39.7583008432173 0
43.42289912038313 39.6935033067769 0
117.6869758643964 84.35930880989872 0
9.677258003237512 55.14116506281498 0
71.18297357177219 84.92649883165718 0
70.37899947377105 86.18840518213722 0
71.06975076327839 87.51569478811255 0
69.57488165405161 87.45023525580449 0
70.26558585714446 88.77761386790993 0
68.77075939581152 88.7119777200116 0
68.08004881561682 87.38481373789321 0
67.27536466233229 88.64659983814265 0
9.455481670440605 57.5949481817043 0
10.1392625521228 58.90756505147047 0
188.8515646986225 30.53403681976922 0
190.3354493782814 30.59928876756252 0
67.96651030030687 89.97355622725345 0
66.47146749161368 89.90801681987179 0
68.54376750436886 9.797343425291736 0
189.5368059183587 31.85185774744879 0
63.34332198710045 61.34152362906416 0
61.85431647630366 61.2765157692294 0
103.253197830691 37.1480693370405 0
190.8045699381268 70.73829078160117 0
190.1180024884407 69.41973055652002 0
44.10672190592646 41.00771306905951 0
42.62679470372117 40.94252860784427 0
41.94317341451968 39.6289170197204 0
41.14729583886107 40.87733041688075 0
49.96573631118952 60.7853219324759 0
51.44928022568917 60.85011073671059 0
55.37142706757277 20.86888927921375 0
53.88459467629332 20.81287373924952 0
134.9291257346703 33.373887177303 0
185.9947174594776 27.83328517899648 0
141.0330218273671 81.48554398019773 0
136.0827929274199 74.78962158086344 0
135.3925108647053 73.46415374501223 0
133.899512859102 73.39909368156648 0
134.7023179474544 72.1388399612444 0
133.2096607715519 72.07373613626891 0
134.0123037941641 70.81362535576972 0
133.9997054031364 20.38483019777992 0
75.15964622827094 64.44277281057731 0
75.96159976985805 63.18389272490707 0
9.442053371111498 40.92601682937438 0
155.6083469504367 73.05879025618532 0
94.67048675773877 12.22635054862032 0
95.47546235383764 10.96224231360279 0
132.5197036857699 70.74849064359512 0
133.3223902690741 69.48857524009586 0
110.2057100322965 84.03259943615882 0
104.2196620040488 83.77106215599972 0
98.23279189504323 83.50955066047884 0
92.27412110009499 83.2640756790635 0
11.61727722667364 58.97215824196262 0
10.82209940580682 60.2194150139936 0
9.344067483924505 60.15501828531033 0
94.78309921838425 9.63300410150525 0
96.28047668570788 9.69813797830313 0
96.97284181076895 11.02731606595027 0
97.77789683599516 9.763152437464171 0
98.47049617328108 11.08697914195477 0
99.27534970320717 9.827389657354928 0
99.96780897103535 11.15438207026252 0
100.7727364293214 9.892754836052006 0
101.4653204680619 11.21649266845802 0
102.2701283337979 9.957389470830634 0
49.11096626466008 28.36578147668465 0
64.06271947862737 9.60629282673149 0
62.57188273394556 9.541727152451372 0
191.0205425237148 31.91722574075379 0
190.2220484476202 33.16964693695815 0
188.6337160237289 69.35523536730513 0
189.4316668251766 68.10200622231099 0
49.90701621073187 27.11477794799204 0
190.9156359498781 68.16615076782928 0
190.2295203037046 66.8489536103628 0
48.3129342482866 29.61969616186855 0
141.2392319755083 25.88384851398457 0
54.57248119590724 22.12743749676663 0
137.7906639039624 19.25528462421638 0
50.87314559902654 90.50328923770675 0
49.38487959451736 90.43639210403302 0
52.36127584023109 90.57057521721077 0
48.69840038376962 89.11480922271136 0
47.8969383430303 90.36933045993622 0
69.11945016765769 13.70971829165478 0
76.65266275847078 64.50805874908895 0
77.45558274770215 63.24855607643767 0
78.14604665475076 64.57355423559244 0
78.94823288598738 63.3132698330182 0
79.63955499198613 64.63880624880524 0
80.44180326929572 63.37926578114929 0
81.13338402467409 64.70423033162646 0
81.93679226885506 63.44397354657456 0
40.46402488803817 39.5643161196661 0
39.66846495436041 40.81223547048196 0
82.62761459164379 64.76944386312209 0
83.430033665586 63.50864629099564 0
84.12187653063391 64.83091131782652 0
84.92360262527403 63.57407337486855 0
85.61626626822101 64.89757861964634 0
86.41994313526307 63.63805471058848 0
87.11089661866956 64.96069105482046 0
87.91443742680191 63.70322531255017 0
88.60545701582205 65.02528533355613 0
89.40784939024554 63.76915095886838 0
90.10362012091544 65.08853519151315 0
90.90402789328965 63.83352761422103 0
91.59887460132978 65.15743002407893 0
92.39776153024461 63.89891170496716 0
93.08981856456703 65.22073240756964 0
93.89127668637069 63.96464099260893 0
94.58768611920051 65.28354615793721 0
95.38737183871763 64.02894779575485 0
96.08280620083367 65.35270662689159 0
96.88134636066634 64.09447129866987 0
97.57317123707028 65.42073530941235 0
98.37429327002457 64.16081917942738 0
99.06663506573064 65.48656993035436 0
99.86970850090242 64.22552762439861 0
100.5609751540468 65.55175805013425 0
101.3645466169673 64.29031261120481 0
102.0553559786146 65.61682810133669 0
102.8589306356115 64.35540031737261 0
103.5495376335302 65.68143994721902 0
104.3530745494354 64.42061164568879 0
105.0433822084146 65.74564075074186 0
105.8469768581815 64.48511227542645 0
105.1565250897013 63.15949420004925 0
106.650355449623 63.22471568269009 0
107.3408288854315 64.55056952089414 0
108.1440808968273 63.28988584645893 0
108.8345107160123 64.61554977734203 0
109.6375899727749 63.35496038768819 0
110.3280758570711 64.68072549666419 0
111.1312571066239 63.42021359594867 0
110.4408612776244 62.09428120835831 0
111.9342022423097 62.15942536409275 0
111.2437464174251 60.83359664596254 0
111.8213957557533 64.74541588129406 0
112.7370938764362 60.89881706387912 0
112.0466974389797 59.57314509021693 0
102.9624478506366 11.28640088432157 0
103.7674402992818 10.02311493365539 0
104.4597317554425 11.35236347092746 0
105.2647502843308 10.08845522938723 0
105.9570019356306 11.41759776993906 0
106.7619910961837 10.15352873468277 0
49.17471054201098 8.992066437546718 0
47.68745598782182 8.928878294205298 0
58.94253524791841 41.6802637770768 0
57.45584546530939 41.61507329750381 0
191.7057086726992 33.23513389511906 0
190.9072271412602 34.48730551282993 0
191.1344999863044 29.34484163096354 0
69.30364955870907 61.59956865491815 0
73.77786905075237 61.79562065891302 0
78.25634589934396 61.9905727225182 0
82.73845697952058 62.18440980916543 0
100.67409474224 62.96357121523923 0
96.18962406290274 62.76890416723018 0
87.21966757567816 62.38077951706984 0
91.70628275710718 62.57329500404643 0
191.1436873732474 12.57519906609443 0
190.4592581920247 11.25631778052983 0
57.74086865480334 70.13815277299133 0
157.0983486911229 73.12327770098571 0
67.16126212906363 91.23467416258727 0
65.66726980492962 91.16939883762839 0
64.97678055735376 89.84231432708737 0
64.17276404343937 91.1036177858565 0
146.1639580617183 32.57506658472943 0
147.6529740050842 32.6415872218159 0
105.9598581910817 61.89851867085231 0
74.97698694649465 83.79429679077614 0
10.02731723458803 61.46692614935066 0
8.610175258890465 61.44153993762204 0
48.26820394985406 12.82304569834744 0
107.4542256334406 11.48265707756517 0
108.2591869246597 10.21861684333538 0
44.61187771269396 64.41091223802084 0
43.92742305328802 63.09659902463173 0
44.72322559560904 61.8469723316971 0
43.24300627388608 61.78245923494801 0
44.03862874604908 60.53302039134677 0
42.55866040514474 60.46916072200027 0
63.48247649038365 89.77658211641835 0
62.67815146848048 91.03772140685916 0
44.33207790058929 35.87922978734187 0
112.3314322213703 34.95258831848367 0
113.135084927821 33.69185406727896 0
112.4442166784495 32.3651204842439 0
113.9379341945921 32.43063348271461 0
113.2476957319508 31.10417801327678 0
114.7414479305436 31.16967357163534 0
114.0512658102952 29.8431858305433 0
115.5451718848426 29.90866851552865 0
114.8549224857677 28.5821237420116 0
116.3489153117179 28.64764850406018 0
115.6585923305175 27.32098673185079 0
117.1528009738873 27.3864674069923 0
113.3608839468019 28.51662341401333 0
111.5273760419623 36.21300677569843 0
116.4623385217089 26.05971969548731 0
117.9566944915608 26.12522190557852 0
117.8434583067268 28.71292921979743 0
41.76307843893785 61.71833769160126 0
41.0790390995603 60.40503867082073 0
191.4924648102324 72.06787867735275 0
113.5398329330058 59.63837091968227 0
112.8497490632575 58.31295599839937 0
114.2300362279272 60.96381529658149 0
62.65480071845559 60.01966305489739 0
61.16599136065608 59.95511384801378 0
56.05845472926933 22.18857315866133 0
38.98552121927867 39.49950832671186 0
38.19030546049338 40.74728050522577 0
148.3395266914638 33.9635320824786 0
149.1410813970543 32.70674642766581 0
148.4544123232453 31.38482108147116 0
149.9424678628568 31.44983198710262 0
149.2561367479568 30.12799200282334 0
150.744168472786 30.19286465975324 0
150.062198262775 28.86985528668365 0
151.5466687645167 28.93592239731208 0
152.2331192988748 30.25906345309598 0
153.0356134164575 29.00163875283367 0
152.3486880082423 27.67902710849647 0
153.8377116028535 27.7445206309703 0
74.35684421460249 65.70152643141257 0
111.3567853215059 58.24750500284467 0
112.1598691298923 56.98760756782355 0
191.7131916127907 66.91317064807686 0
191.0271126584008 65.59609825705979 0
45.29575948509568 65.72602143970441 0
142.9568719328013 37.60432013447505 0
131.7169803791207 72.00864491393699 0
131.0269977070112 70.68329267398515 0
130.2241874476144 71.94334293752765 0
103.5471512385394 48.82191037260983 0
45.58709910780559 41.07279280929279 0
50.6606419305751 9.054889442055725 0
48.42576077807264 27.05004837634709 0
49.22151357271314 25.79924009753038 0
106.0694566600547 8.824439926403542 0
191.8276023930886 13.89449132971347 0
39.78068223133734 38.25167916436001 0
188.0512927888038 31.7901792211959 0
48.58277721409225 91.69114142317729 0
47.09444607530322 91.62408383823275 0
100.0814526634258 8.563916341746975 0
44.79050091568293 42.32238766232128 0
46.27116885032003 42.38757806818442 0
50.76319736273223 59.53309003986769 0
52.24699662203498 59.59733877748523 0
191.9416697945628 11.32394000047316 0
191.2602428596566 10.0084653525368 0
13.14282040896653 39.75967328580099 0
58.14280975976637 42.9353175157973 0
56.65627726914558 42.86998667734214 0
59.6294721257583 43.0004946339697 0
9.242737785161381 62.72123758412911 0
156.4092607864225 71.8009527998278 0
154.9196100485443 71.73625451513921 0
43.35411669363424 59.21953632440783 0
38.872985936117 42.05983527110164 0
37.39509835107983 41.99482210679733 0
114.6284480166341 33.75679361830557 0
7.827221694161807 62.69691034505988 0
113.6525032635832 57.05276740600087 0
112.9626519667137 55.72759600625229 0
134.8146691391883 69.55366437957328 0
134.1249508287304 68.22893572175789 0
191.0282432460922 15.14730523478695 0
60.36570635484593 61.21155080217407 0
59.67767208235981 59.89340081349657 0
136.7731316483011 76.11515232152082 0
137.5759030047441 74.85450092700034 0
130.6858554456626 78.44260698632354 0
129.9952422801705 77.1161297380193 0
153.6692657292727 83.33022110375393 0
154.3602203034016 84.65270521185293 0
68.38940936442719 65.44041740523407 0
65.11602038647911 36.78899354200767 0
102.1449818850389 12.53572368539852 0
95.58850724620133 8.368900049061267 0
75.09105993450333 13.9658748302347 0
79.57961947659271 14.15959940869506 0
84.0680192391418 14.35452870277874 0
88.56261743678945 14.55267165818906 0
108.9513950931339 11.54769486031471 0
109.7563484337341 10.28367749221619 0
111.4700793227195 55.66240497926593 0
40.2839108303155 61.65363623323188 0
39.60018621021497 60.34118662732734 0
192.3906794774565 34.55279872566064 0
191.5923258387657 35.80481867120916 0
117.2662426635055 24.79835490347107 0
118.7605667764212 24.86394118939891 0
154.5246001778175 29.06811109332332 0
155.3271817700318 27.81070543600715 0
154.6397343994734 26.48744563084089 0
156.1294839051934 26.55372922041991 0
187.9472980515998 68.03769073513902 0
36.71246604565456 40.68249916874959 0
35.91744766707157 41.92977732456656 0
63.37169513481759 8.280452076897106 0
61.88205229623723 8.218336259613253 0
192.5146141590939 65.66661340097949 0
191.8251961218226 64.34408108810302 0
47.21216876029887 89.04797148873286 0
8.451572367975857 63.97165078873765 0
156.816860703142 27.87679663266907 0
157.619089243538 26.6200614822738 0
12.29981580552187 60.28368277587924 0
48.4861039772216 7.671364779073819 0
46.99750478850865 7.608381952085367 0
46.198928315783 8.865645479004371 0
45.50896720940402 7.545726513661904 0
149.8284391839853 34.02900650721496 0
192.5122484149377 15.21343646586357 0
38.80547674565341 61.58926941599317 0
38.12195833781092 60.27700448677959 0
38.91640068922106 59.02901008013257 0
37.43841020447648 58.96522178657182 0
47.74065447789453 25.7342820558828 0
48.53711688429834 24.48347230398586 0
63.36846609597721 92.36487974757452 0
61.87392149073187 92.29890385651203 0
51.39053338586312 27.1783503301641 0
57.34282683780195 44.19564605043829 0
55.85673380659031 44.12545825218377 0
191.713086992952 16.46590332555616 0
112.2728088550461 54.40244435777313 0
58.87787626730372 61.14719210139935 0
51.12995468554361 15.52362424378602 0
45.12775109977754 34.62967928730397 0
58.18999391470813 59.827648468455 0
135.6210633299382 68.29679735360554 0
134.927849576229 66.9700012895909 0
55.1701978280323 42.80527564847125 0
54.36893977778075 44.05533402245374 0
157.7875307852669 74.44591261870555 0
158.5882965771566 73.18781681115824 0
138.2661643967454 76.17989163249526 0
46.94417725528757 26.98690960139096 0
61.10013270007135 26.28453986003009 0
173.9833566055116 80.32195271373973 0
59.68816610917735 76.6900739125951 0
58.20024920708057 76.62512589073354 0
169.9415841560028 19.38310262245296 0
185.6503492548321 18.7880462379667 0
138.0243582989366 30.9217116186945 0
71.98671285373737 83.66450163750081 0
70.49217507787509 83.59957749486168 0
159.2774254232801 74.5100055231612 0
160.0778889595557 73.25214242986392 0
160.7670880230325 74.57410423392285 0
161.5696983576673 73.26326332458157 0
162.2569489017748 74.62949169804659 0
189.8783032563329 24.13745916414189 0
64.28640937141689 88.51564838363123 0
69.43339124459042 75.82668665735788 0
160.1810638053281 20.24856484336165 0
192.5040388441715 31.98217210111647 0
49.64434500683947 15.45986341095911 0
50.33161864551644 16.7774727969451 0
48.84753355356604 16.71418878342742 0
49.53443525379227 18.02829115793707 0
48.05103722794553 17.9638703978239 0
67.86492575645313 25.29708646870135 0
144.2236158629084 26.01459753765266 0
43.13079862260842 64.3442855033604 0
50.31551793764503 69.80825560478546 0
48.83279613070737 69.74324433520241 0
49.51770597534153 71.05946308369946 0
48.03580243719726 70.99466491133083 0
48.72039813712879 72.31001511933223 0
192.403658783211 68.24336017279899 0
41.83053087310959 42.1910779932567 0
130.5667410528149 30.59526584279742 0
55.25971143048343 23.44333069059213 0
136.1956126587684 72.20408619038334 0
83.60630158727125 24.6750287408566 0
108.5488632555209 36.07367129233189 0
179.9487123783673 80.58075698226691 0
77.96910587797313 83.93417371390888 0
128.4017567135662 62.86010264463832 0
125.6490025320142 57.55561537526924 0
124.2583420555255 38.08489500050823 0
149.0272787612807 35.28545687259295 0
122.9795394961397 83.29279882325086 0
91.0889022331227 25.010568117974 0
121.0436441747163 43.12526833559777 0
129.6290067976885 17.60090183635197 0
114.6947181363438 84.22864933916019 0
116.2356379670994 31.23501021484336 0
95.23914564859298 83.37883964673081 0
144.446161444065 37.66957429879007 0
143.6452123204039 38.92659596770552 0
145.1341507568899 38.99183468360118 0
144.3333578274466 40.24863685152071 0
145.8220914708193 40.31372610585304 0
145.0213576016224 41.57038801663168 0
119.4509473652722 26.19073863965489 0
120.2548548095275 24.92952619669914 0
119.5645196800841 23.60267306761152 0
121.0588768950264 23.66826681067877 0
101.2263160609164 83.64029526825499 0
107.2127996482518 83.90183462393445 0
54.71010968423039 36.33314028986224 0
144.6993610866032 66.11682359643417 0
120.8182863603583 48.29202709887561 0
115.0328368146016 59.70349831987374 0
115.7228862156872 61.02882912864264 0
143.5324240880046 41.50605242240624 0
144.220827488475 42.82727994447062 0
107.0242051093885 72.2883425720089 0
146.0578385798146 18.32458482599385 0
144.5644378776973 18.25884042037124 0
145.3680414515803 16.99815519911081 0
143.8740560550452 16.93243979431783 0
144.6780435443378 15.67136439680613 0
143.1836747303279 15.6056742705014 0
143.9878960836948 14.34429106664851 0
145.4823198551033 14.41006654770754 0
144.7921367573214 13.08272001935748 0
146.2869480330203 13.14852546087013 0
145.5965489217395 11.82092571524399 0
147.0918535634501 11.88683567362654 0
144.1016865200218 11.75533356695168 0
146.4011321069015 10.55888563211106 0
147.89675674822 10.62481502015411 0
147.2058577533442 9.296555952099084 0
148.7015573770037 9.362490035736101 0
149.3924692071657 10.69077887507908 0
150.1972621773859 9.428634646914631 0
150.888005148316 10.75671983509829 0
151.6928566724158 9.494723187107581 0
149.5073592624367 8.100213688698901 0
152.3823803174571 10.82378597509404 0
153.1883866710454 9.560577362053756 0
153.8772865436828 10.8897424752935 0
154.6838229090554 9.626602910992922 0
153.9944825766985 8.29849966569752 0
155.4894176782547 8.364563084368797 0
156.1798246877393 9.692790373517319 0
156.9814746738822 8.506119108832465 0
157.6747884318821 9.77145910987953 0
158.4785070759167 8.538297207854292 0
159.1704116989161 9.834024049540126 0
159.9724205978911 8.640579221934814 0
160.6632316673339 9.908178534067801 0
161.4677081588671 8.701583229768673 0
162.1535290763561 9.976548204171344 0
162.9621960068977 8.767288877688273 0
163.6502723262001 10.04036930426126 0
164.4581230192137 8.820635802478073 0
165.150443414273 10.10220973222295 0
165.9542646262851 8.88396923278092 0
166.6466006698746 10.16714344273053 0
167.45026556555 8.937271098712429 0
168.1420157130121 10.23091838948984 0
168.9455304971888 9.000913289471299 0
169.6368731321636 10.2964955461723 0
170.4419635891354 9.034773872946758 0
169.5850595055954 7.569502981485343 0
171.2186016179431 7.767687199573331 0
171.9323347145154 9.095004955736044 0
172.7367145372581 7.842620493992214 0
173.4331140512614 9.159144168316097 0
174.2366761744265 7.910092813281594 0
174.9283253509643 9.227478719039304 0
175.7330662012116 7.966294941685291 0
176.4235795558011 9.292343305297415 0
177.2282028181569 8.030818217035439 0
17.84038449997374 51.6087976353074 0
97.66077374362925 12.34731835224822 0
113.021894463025 36.27904037918396 0
112.2176948769622 37.53898055162723 0
142.7541180278113 59.57138638971947 0
113.0159256506398 72.55045689079816 0
71.07227487119401 20.25331113903377 0
93.85550725119131 13.48530636184061 0
85.89822455068335 40.27970750580624 0
101.67414513629 22.87331588923317 0
89.02553156124137 88.30306328402347 0
23.25968546770144 47.92158702515736 0
23.76055410268049 51.86282464259199 0
82.10671412972016 41.41007241377395 0
129.1917800431964 78.37721495201681 0
128.5014668261699 77.05114511331357 0
98.10187450021685 18.82347478836352 0
149.8477469790699 17.19652306854648 0
119.0983767738436 70.22776900639994 0
106.8122429214283 43.79578655069027 0
105.3191614313853 43.73059533876886 0
106.1222949407506 42.47012715272615 0
112.7368391598473 44.06413880418572 0
29.07652822602168 48.18040077777448 0
183.5060629426799 84.61139285010299 0
184.9951967384563 84.67529344891005 0
184.1951948459889 85.93300585951827 0
185.6841670041205 85.99672239335688 0
184.8844358468834 87.25453446163263 0
186.3731305199568 87.31753949823371 0
187.1717372310883 86.0607935507264 0
187.8617230393245 87.37955019577645 0
188.6582014777898 86.12546243801262 0
185.5743792626568 88.57432380336641 0
184.084457230873 88.51231386724095 0
189.3475395570049 87.44262801326464 0
190.143286664938 86.18932227861558 0
184.7759810215614 89.83150335088018 0
183.2842537803602 89.77099969846977 0
190.8301592747129 87.50692406655477 0
190.0347932515104 88.76039731974103 0
191.5149289505865 88.82301879284444 0
190.7227630233035 90.07242763887268 0
191.6273842365209 86.25505585490092 0
190.9405150356519 84.93623657091067 0
183.976328852021 91.09200972687239 0
182.4836389544424 91.03094695991746 0
192.1937501337211 90.13707758879727 0
191.405580147957 91.38037563409952 0
192.4247906622049 85.00159902085836 0
191.7378424686096 83.68312587297308 0
189.9326670132149 91.31973400024491 0
183.1752894624853 92.35418589737021 0
181.6826464913084 92.29176158961619 0
180.9912866903465 90.96520023459286 0
180.1896897473552 92.22723583662263 0
179.4981492159583 90.90075731469264 0
178.6961884449958 92.16485768569937 0
178.0041403605887 90.84040188628293 0
177.2021358270875 92.10113733047717 0
176.5094232585348 90.77488379828182 0
175.7076625480973 92.03756052040532 0
175.0151171995062 90.7117106168142 0
174.2130415774886 91.97421479160313 0
173.5204384636669 90.64902120463996 0
172.7182099907418 91.91113512418946 0
172.0255382297258 90.58567500140846 0
171.223243262218 91.84846558461122 0
170.5305740675078 90.5224217829166 0
169.7281355702222 91.78461260900691 0
169.0354434913703 90.45887223978607 0
168.232941333611 91.72127625347674 0
167.5403059194369 90.39548278472725 0
166.7376981715884 91.65784658549555 0
166.0450212607914 90.33195683118059 0
165.2423800567537 91.5945709243106 0
164.5496236693095 90.26838149971968 0
163.7470225222335 91.53095821592106 0
163.0539342180405 90.2046287502518 0
162.2515522398775 91.46766108257452 0
161.5582628160888 90.14098588184825 0
160.7560380751783 91.40437263642752 0
160.0630941134731 90.07765944070221 0
159.2605725862575 91.34094467852702 0
158.5678829200584 90.01429599634135 0
157.7650683858763 91.27770442000451 0
184.6722026278333 92.4100405976169 0
161.4508420798049 92.73100498783199 0
134.591831316503 41.1185304931563 0
133.7902997759928 42.37671032515492 0
133.1013914534929 41.05341471384621 0
132.2997533441053 42.31177414946628 0
131.6107862007361 40.98829748197909 0
130.8090670924753 42.24677629611011 0
130.1200351146417 40.92316607299642 0
129.3182973522271 42.18171758838001 0
130.0073681592409 43.50532531298119 0
128.5167208816297 43.44039682189119 0
129.2056975249728 44.76392049938421 0
130.9218557360695 39.66462514765773 0
127.7150130564007 44.69901186774213 0
128.4039916831225 46.02255384047474 0
126.9132769808064 45.95765866859794 0
127.6022456706787 47.28118989428285 0
129.0931308438721 47.34617709306323 0
128.2914428840158 48.6047685530973 0
129.7822050547792 48.66983382143879 0
128.9805443687403 49.92834085340652 0
91.78863097445755 9.503170850686352 0
64.14390894978183 60.08429167298429 0
63.45505469275502 58.76568001409904 0
64.9446777568447 58.8274095520543 0
93.50079129112815 21.22091440181944 0
83.03696102876879 88.04108309461807 0
86.67911428945199 75.28882534549473 0
86.81478800444269 36.43062667323549 0
63.18573285133929 49.66772378307573 0
49.2798541419568 59.46863421002111 0
50.07708079541418 58.21640581091944 0
48.59418004113134 58.15230705963803 0
92.66122385735298 75.55114769297325 0
103.0752383111451 8.694513480607803 0
122.3196503989594 65.18375890864479 0
80.69817541980112 75.02657482022185 0
116.5819433020072 76.5968008034132 0
97.16218444859884 39.47501986908904 0
96.35863719854311 40.73636260134469 0
97.8635650635525 40.79592165263265 0
97.05107399775548 42.06186621211631 0
98.55614824913376 42.12127395829923 0
97.74226887005122 43.38786943306455 0
99.25471910894025 43.4556941727967 0
98.43418245406109 44.71540984186676 0
96.93755588164017 44.65002351330419 0
100.1013089610202 42.19445639092292 0
7.873894838838538 38.25965836204851 0
67.1854855914678 40.76294627142673 0
109.0641156915822 8.954512676875282 0
110.5613539494415 9.019642658963164 0
111.2535610596777 10.34885795722392 0
112.0585604269144 9.084812002508819 0
109.8691289731144 7.690330234557244 0
7.757213834672996 60.22850442172147 0
98.64528651881859 75.81018686225929 0
56.32220731403977 53.24084904618307 0
130.4712737641923 49.99334685689318 0
129.6696670424932 51.25188646138776 0
104.6271345821197 76.07187268897536 0
137.6988615738754 55.47529696635067 0
118.0763458799097 76.66210974076162 0
110.6077168938907 76.33336404734953 0
131.4804972324768 26.75044298480045 0
49.75894927502201 49.09384573810961 0
67.28585049941441 21.3850024727677 0
64.76969381155459 27.74438903362122 0
146.0942834151302 85.59596715083195 0
147.588661655407 85.66074999042662 0
146.7853171426122 86.92269039380969 0
148.2800648160145 86.9875213018488 0
147.476489439205 88.24972296082746 0
148.9715508707019 88.31454659090846 0
148.1678051642031 89.57706236685084 0
146.6724215280685 89.51212128228623 0
149.663136591742 89.64179297328852 0
147.3639205721245 90.83985076977669 0
145.8680519900513 90.77487895333455 0
146.5598336645049 92.10295118317103 0
145.0637573658829 92.03790919322429 0
148.0558870070122 92.16782175513941 0
127.0017230240553 26.55399587165228 0
127.8049600123255 25.29332388183684 0
44.432652663893 52.78041989757583 0
122.9456678111022 32.83599730404678 0
144.3719957230161 90.70977196220353 0
143.5676008494752 91.97288134487164 0
142.875844475435 90.64466558686175 0
142.0714181601454 91.90766664413013 0
117.3125050208007 41.66875658922534 0
68.65300563231942 91.30145653780781 0
145.7101227517251 9.230733165562242 0
146.5149727730025 7.968151913046079 0
145.0260216373084 7.89849281494169 0
142.4933427107849 14.2785874926059 0
43.86229042935739 48.80714537641842 0
145.7422284079212 76.5117823295158 0
142.9846912744912 71.21587290111077 0
175.334400856328 15.74013423256959 0
127.6976583405048 78.31209712190153 0
51.55951767223002 91.82699242735193 0
53.04918989204202 91.89427503434682 0
56.50399833022108 11.88231709567275 0
55.81425330197564 10.55980706812838 0
59.9669651103016 35.27476453755622 0
50.20235286246164 72.37539253646602 0
49.404717582813 73.62632433416422 0
50.88703359474707 73.69167710458939 0
50.0892653824972 74.94301996853778 0
48.60712129278122 74.87632534108401 0
49.29135580099691 76.19395789502357 0
50.77386700278278 76.25974995209287 0
49.97558288968263 77.51104094234066 0
48.49274458143663 77.44524015754516 0
49.17710196787614 78.76212420627625 0
47.69484836749027 78.69619031622125 0
48.37832225065567 80.01252764530555 0
141.3796427493794 90.57952628071058 0
140.5751912141659 91.84255583295517 0
139.883400660962 90.514396709886 0
139.0789175278871 91.77759161767877 0
65.18498271561427 70.46422843683783 0
64.41581568142223 18.67899045590995 0
52.93327592700349 60.91499492307825 0
138.3871131328196 90.44928906466187 0
137.5826043090412 91.71252401173683 0
151.9153635680024 21.17409200021322 0
173.0662858647327 84.15707711882472 0
158.1356993617225 83.51815558385785 0
109.5241075165435 65.94059950757214 0
71.37222667607409 65.57177651387761 0
157.0723525296496 89.95081224675667 0
156.269489004403 91.21424935400783 0
74.83227514864311 72.17561599619214 0
77.34278869564641 65.83414398699101 0
72.10678390349514 13.83960565914784 0
71.29572500819739 82.33792175116868 0
101.055064207952 72.01612537311229 0
166.7497880223465 7.543614792184329 0
62.80163693512377 88.45572020800509 0
102.5909202396276 19.01846157810022 0
43.64833005809796 34.56476933175571 0
44.44323384661912 33.31572102197247 0
66.35309573987949 92.49728532710267 0
133.4355241438145 66.90432140040502 0
134.242787181812 65.64837143435324 0
177.9180148623716 9.357979068310925 0
178.7228616920425 8.096736425693358 0
47.36415665335107 16.6508675305153 0
127.0073089340604 76.98598605787384 0
126.20671274559 78.24554196822201 0
125.9949452008808 66.63578005612607 0
112.7506309456573 10.41397878216247 0
113.5556733103321 9.150012380324611 0
112.8636164642893 7.820778808234039 0
114.3608400758874 7.885950905504181 0
115.0529553328769 9.215226872076244 0
115.8581833245146 7.951262922447285 0
115.7717671434927 24.73283359928264 0
155.5826097803576 89.88423113696734 0
117.2728216649425 77.92390935943521 0
118.7675645052967 77.98922712584269 0
154.7861450359213 91.15070768158373 0
61.18379561256973 90.97182053297215 0
60.39107323746504 92.22681416833588 0
69.8016877142972 82.27286258323905 0
163.0596262353456 73.31729015164107 0
163.7464590121469 74.69028700659112 0
192.7373057217538 10.07502034125384 0
192.058034599447 8.762552315501807 0
190.5833408768125 8.694314114082346 0
63.61645405784549 87.19374562596322 0
47.23872464500399 72.24507858860406 0
46.55451186147894 70.9300573985051 0
6.599291123955396 35.81982892218333 0
163.7434654333497 7.461936209186838 0
192.9825436778963 88.89782451245186 0
36.64412882347459 60.2128730474069 0
35.96073147406265 58.90139942416651 0
155.46882370164 92.47799138649557 0
153.9785566900272 92.41796902628116 0
190.6161838230993 92.6250727505855 0
168.9302871007581 93.0472276978563 0
160.7694258846118 7.337030213530412 0
145.7092197285844 42.89210232157448 0
144.9087396973094 44.14859096770014 0
35.23485419577358 40.61781445411334 0
34.44003285709087 41.86470519142845 0
155.7202209464338 70.47870047677287 0
154.2308272642 70.41391954163504 0
158.4588196785878 92.60455118343117 0
156.4918911359445 6.997625290800649 0
36.02990786753506 39.36996447753353 0
191.3779931975149 7.451417862083808 0
189.9045635846674 7.384119665097174 0
193.1973275450682 16.5324715934578 0
192.3978044113257 17.78430578393412 0
190.3410518602001 64.27907426632019 0
191.1387704093135 63.02629939599399 0
192.6224298672242 63.09080341282157 0
191.9365190213161 61.77379879580458 0
39.48884041761548 62.90166423774831 0
193.0755930147274 35.87019024802815 0
192.2773496333164 37.12212061397881 0
158.3063159838673 27.94301505534136 0
159.108450706563 26.68643750424143 0
190.7937761858332 37.0567482125575 0
191.4794295987805 38.36314366648185 0
192.9624888811806 38.43739036992128 0
192.1642765565157 39.69163051581641 0
6.974044623603362 63.90769117592808 0
7.647651580029148 65.2138672114873 0
176.4080563821301 93.36318476662379 0
139.7716825046575 93.10597751480475 0
115.1659675806024 6.621858711673561 0
116.6633245822118 6.68717456411472 0
117.3553973137578 8.016572383411791 0
118.1606292321156 6.752525355024687 0
118.8528457056389 8.08194983284973 0
119.5884264144662 6.854057703320976 0
120.3386037397607 8.153361178150476 0
121.0868528783775 6.788610451968552 0
121.8338914782393 8.19777281380685 0
122.6350191847103 7.013109744118914 0
123.339288928821 8.286156906012899 0
124.0863219365905 7.05694630125754 0
124.8301805741089 8.351774978668217 0
125.5718401695842 7.183906342447621 0
126.3240468933084 8.427295494501017 0
127.1256365443568 7.230358611017465 0
127.8298483334347 8.491093245691793 0
128.588927898622 7.251847440953405 0
129.3225194854537 8.548881701655276 0
130.0773769488833 7.356876344439762 0
130.8229494666474 8.61207572059606 0
131.620799403648 7.403782130976772 0
132.3224588917677 8.681354122812294 0
133.1261974326393 7.457169909882779 0
133.8210885907619 8.745311804830074 0
134.6243742488711 7.532597964313112 0
135.3183281913934 8.812053180738225 0
136.1202307012575 7.619945471034313 0
136.814909510732 8.881237947982477 0
137.6191025974186 7.634010689588166 0
138.3122672003791 8.930697872145174 0
139.1161369056721 7.6881528911522 0
165.9386358591581 92.92076125264242 0
47.78036676315185 92.94710460319195 0
46.29143107924988 92.87937667977867 0
45.60693016032461 91.55541771473249 0
44.80308057631851 92.8110072989676 0
193.421068201124 11.38811355908358 0
33.75761734502933 40.55305927277504 0
32.9629224015997 41.79972100177577 0
32.28063910719477 40.48823702430832 0
31.48599974540664 41.73481735122132 0
193.2213824332108 83.74663299545112 0
192.5347842403687 82.42997043423172 0
62.56397910138759 93.62659154525922 0
193.4203777927094 61.83866325282307 0
192.734256694817 60.52161703580254 0
192.867799931952 91.45428561642859 0
44.71127004860381 8.802964650631168 0
44.021184633465 7.483463101346409 0
9.92278177071141 63.96726444652975 0
142.7631878354235 93.23562017390819 0
35.1223693075393 43.17669847820501 0
189.423226829248 34.42415142765829 0
164.5466867257351 73.43253294370392 0
165.2352297329996 74.76563225054444 0
159.7955699535156 28.00919159982301 0
160.597633832745 26.75280230382187 0
62.68249008922046 6.953604536589111 0
64.17088363296531 7.019108562595292 0
61.18963237734003 6.891497890277336 0
52.24623485355763 93.15185547826482 0
53.73794765188939 93.21850714116798 0
54.539443418468 91.96099496511508 0
55.2296593047042 93.28560777804677 0
147.2516717734191 93.4312676964494 0
148.7481388146751 93.49615272843089 0
38.23268112948126 57.71722620771159 0
38.07768112279938 43.30728556893891 0
126.3114389923977 25.2280575513769 0
127.1147426417922 23.96717269077106 0
128.6084594792777 24.03253163613346 0
113.7111444108085 37.60463289781276 0
99.94629060072445 44.78953883739727 0
145.8253079846451 6.6386117430553 0
144.3316157353445 6.571297250533974 0
45.47432624797473 43.63755264917847 0
46.9554522147944 43.70271973725362 0
146.3968685848778 44.21363051498368 0
145.596579633986 45.46982499211116 0
147.1976322085984 42.95668656096893 0
97.62776991435184 45.97640080613922 0
96.1335181095268 45.91127098789273 0
173.4173046640406 93.23678243463814 0
178.0331411261973 6.768992474113453 0
179.5279712146016 6.835524217598731 0
47.01066677944956 77.37981797702122 0
51.45880750184971 77.57697168829736 0
52.25759044932872 76.32503061356761 0
116.5254557825869 59.76856997807587 0
117.2156063103473 61.0938325537419 0
116.412964987194 62.3541063706033 0
114.4551136747409 55.79263949452534 0
155.4420089491559 25.23018410973088 0
135.7345168849579 65.71391318692795 0
135.0399230676259 64.38611532327687 0
128.1788717604753 51.18689463471991 0
128.8680298480103 52.51042156254454 0
130.3587946425108 52.57539854559147 0
129.5571922503646 53.8339227061157 0
131.0480616318818 53.89877769368984 0
130.2464465102358 55.15731875936661 0
131.7372095067381 55.22220890685357 0
130.9355906774749 56.48073585013789 0
132.4261475036949 56.54570417833821 0
131.6221404153054 57.80759099656499 0
133.114794118694 57.86969549478317 0
132.3131913313867 59.13955916486721 0
126.1091250248279 47.21826982574078 0
190.2538012426772 83.61855623429847 0
51.62871800554456 38.77088778209026 0
50.83092244177658 40.0220033231093 0
59.00049840366484 75.36947741075437 0
57.51329736613302 75.30422283365317 0
129.4309050703496 39.5994665985052 0
130.2328725956019 38.34071599054215 0
158.364710524085 11.08924554433982 0
153.4300698261319 71.67152190411741 0
152.7415367398093 70.34914866896247 0
153.5422240322201 69.09175164307064 0
152.0531049304227 69.02689079111204 0
152.8538472181763 67.76983723749656 0
151.3648739551227 67.70490775408291 0
152.1655018550381 66.44805062200518 0
150.6779989874459 66.38249398102266 0
151.4772697055556 65.12630409504621 0
149.9901568867805 65.06075178444598 0
143.4202676409736 44.08463023597685 0
60.47555649868364 58.64175938539415 0
163.8565595221888 88.94164956883577 0
166.0353993189567 73.50719412449787 0
166.7242990416069 74.83011916093389 0
167.5243758281907 73.57327797136543 0
168.2133111412179 74.89443475467743 0
169.0134131246085 73.6380054821783 0
169.7022654330372 74.95919694731819 0
170.5023475281943 73.70233836222091 0
171.1911478219599 75.0230127351896 0
171.9911775871689 73.76662777937746 0
172.6799558227611 75.08689540890408 0
173.4799307227702 73.83091298536726 0
174.168655964693 75.15168101494618 0
174.9684969057943 73.89519404242235 0
175.6572340772267 75.21526362015335 0
176.4571955490124 73.95952272169974 0
177.1455983570847 75.28035804514855 0
177.9454535614911 74.02404006735398 0
178.6336968455469 75.3446464146045 0
179.4331345566192 74.08835388414482 0
158.4215939389512 25.36317026177208 0
61.3231928259689 21.13010730046099 0
52.75951819969953 29.80565886607635 0
49.85871367082915 80.08907430987551 0
62.27247217016416 53.50352344851291 0
147.7716513390016 30.06059916109868 0
139.0688714656053 74.91953917338586 0
139.7590212390851 76.2446940530954 0
127.8261803361618 42.11747829645162 0
126.2226558202961 44.6347814382617 0
168.3429848459112 89.13260030541585 0
137.4887307701155 10.19257287854079 0
133.8048012366609 59.20116348293315 0
142.9579530613632 20.7799502276851 0
151.5757183324235 12.08652393330328 0
148.5023436402913 81.81165746699537 0
150.4664224337545 88.37945230674211 0
35.16670335818833 60.14891259262566 0
34.4834333400768 58.83754530737229 0
35.27731385782421 57.59011338229373 0
33.8001566984627 57.52631586187524 0
33.00632454007125 58.77361448373773 0
32.3231421579345 57.46243222875241 0
31.5307104308207 58.67879028967204 0
30.84647664038565 57.39346352221546 0
30.05413817313388 58.60888755891064 0
29.36943429724793 57.33488550614274 0
28.57605845059126 58.57571552351812 0
27.88433504655288 57.26096080738392 0
27.09773126909684 58.51529233008138 0
26.41149164493906 57.20660540462041 0
178.8041089128598 89.57116276080075 0
141.6891175258784 15.54013388452239 0
177.1136963496365 10.61891441635574 0
174.1232938383193 10.48691285961898 0
61.65926191098512 13.38824529264197 0
127.9182011659065 22.70616566608653 0
126.4242990004757 22.64080279151454 0
120.3685359592437 22.34125419210706 0
180.2176662344468 8.163253208221633 0
181.0226662220463 6.90233954316318 0
136.8908391601731 90.38413994788274 0
136.087069575191 91.64804197506868 0
136.7784202127402 92.97610452216335 0
135.2816350216976 92.91107496250562 0
134.5925340729855 91.58296477117261 0
133.785094197419 92.84577319180345 0
96.77017580661673 66.6797722818808 0
92.29582847510893 66.46951490182309 0
87.8062050938092 66.27240327942229 0
83.32316977840654 66.08333674170092 0
174.3218311882702 89.38453285396633 0
108.1464984629072 12.81164506850801 0
133.5603733296538 64.33838081388294 0
171.3331166956604 89.25968465701038 0
110.780291802032 54.33724188745381 0
109.9775255805038 55.59720277131112 0
111.583029575708 53.07733695454908 0
113.0754294807643 53.14251811146567 0
159.3703991236412 88.75104592406467 0
102.7499194788419 66.93980621042171 0
99.75754836576003 66.81323401475487 0
44.81763620773841 6.25855968443183 0
43.33046907824543 6.169000858284456 0
25.65398423292287 58.43662118289264 0
24.94357122399444 57.14670774248056 0
24.09807100991173 58.59843630596519 0
23.45513797090661 57.12112322495422 0
22.6690062010257 58.32647068499956 0
21.98468421134206 57.02260758276859 0
21.19206660252614 58.26378798959103 0
20.50893396129862 56.95313805535912 0
19.71539588602057 58.19924434001565 0
193.6474693188239 39.75626218354454 0
192.858705472173 41.01449710465921 0
98.90644603397124 17.5598741031023 0
97.40975331572794 17.49493574773729 0
47.05595688532973 24.41912627917661 0
111.945581199093 11.67785342807909 0
105.146165378611 12.67385993584425 0
159.3885070969793 71.92993485597515 0
19.03227297648185 56.88819648368281 0
18.23857882730904 58.13502352184754 0
136.7919357028952 6.190072494748755 0
178.6074157568074 10.68496534075751 0
140.9986955874592 14.21295805308841 0
129.5341357930685 70.61802652525419 0
128.7312263709571 71.87820544397447 0
116.5757947862306 23.47126488661367 0
59.72468485462175 90.88767386149094 0
175.0993869526791 6.600724973316268 0
157.5030945524768 29.19998715070789 0
46.89685934274544 79.94686917755001 0
47.58032990973292 81.26312197546514 0
70.60472464788654 81.0200201992055 0
72.09904056844825 81.07791396930952 0
69.11095593315748 80.9564765811453 0
68.3164405196669 82.20474029386531 0
154.6655043405195 93.74268210565953 0
194.1056359701008 63.15509308519617 0
6.323669216441758 62.44610476132247 0
178.7451372975841 72.76802448436918 0
180.2322919945581 72.8323186732736 0
32.16820014597081 43.04628674822153 0
30.69136880140751 42.98133364678872 0
30.00918296489205 41.66994989826274 0
29.21461780096135 42.91640040258056 0
28.52926279330124 41.67786705799513 0
27.73574224021708 42.90078537306916 0
27.05168249311413 41.63332767922429 0
26.25855673073838 42.84748829673411 0
189.6547863341574 62.961625042265 0
35.84987508820488 61.46031949350456 0
172.0410758081273 6.457406712015107 0
134.4767089312952 94.17474353457324 0
132.9797270808173 94.10945257449845 0
132.2877549193204 92.78030659167109 0
131.4826371515741 94.04410294694108 0
130.7906861150148 92.71494931341772 0
129.9880944959473 93.92082467306255 0
129.2940310539127 92.63991100227992 0
128.4904112391925 93.86923532976589 0
127.7969019624856 92.57520925666753 0
126.9940130622205 93.78728098407282 0
126.2998905492641 92.50716753914742 0
125.4964988922253 93.73043434963085 0
124.8043710341621 92.44378927494327 0
123.9990904328865 93.67413329223537 0
44.11866107821658 91.48786341980616 0
43.3146322827866 92.74309410838634 0
50.36139654148685 53.03137118566713 0
180.8841472560861 93.55010514246507 0
132.3014371885632 6.266255256437205 0
120.9476097149797 26.2549473483243 0
193.8812601640917 17.85078732693285 0
193.0821355063712 19.10156888121819 0
42.96381439462129 33.25131256397167 0
43.75915218189245 32.00231230561341 0
47.79660542693438 6.349704849598623 0
49.28672622438906 6.413105781536224 0
55.73754537659585 49.34061755678901 0
47.85227779777341 23.16837035237583 0
117.9057292884005 62.41908125603854 0
117.1030450777237 63.67945638684343 0
150.7893408712348 63.804819320969 0
149.3009997817054 63.73990770917884 0
150.1010631776832 62.48352439591778 0
194.0217640202431 82.49580888348059 0
193.3320711448946 81.1775123492134 0
191.8483045739578 81.11354784124039 0
192.6452825127603 79.86092870309335 0
112.907564037698 38.86475288858546 0
111.4143911898082 38.7993776972191 0
56.7455429030047 23.5071714133372 0
49.33381390539108 23.2323962486031 0
150.5158542550671 35.35094806142403 0
149.7145194839736 36.60780526908218 0
169.3713495651835 15.4729592076826 0
193.8737637365275 34.61858526624789 0
190.2287244930095 16.39992487138465 0
58.65344332914105 66.30394432836803 0
138.0448154238527 81.35620668821194 0
129.8818008526712 79.70328118139662 0
6.167913781629125 65.14852296636792 0
6.849428300395857 66.45974415877838 0
57.30513909044804 10.62395637282069 0
56.61512671917954 9.300602587367734 0
149.0825342657145 85.72493664890067 0
129.4120131273744 22.77163057166885 0
183.867135488903 93.67734320200192 0
185.3585578570511 93.74072996973923 0
25.62330923101908 41.52985066634635 0
24.79148268871069 42.74090603651685 0
24.09376967359395 41.24303814101076 0
23.30758128029655 42.63208712289422 0
22.6257289051015 41.34544552537827 0
21.83109586682818 42.58776607126308 0
21.14894603734857 41.27981564139377 0
20.35433249987069 42.52621885978908 0
19.67209786130707 41.21529859237799 0
71.87439935414432 18.9921983024848 0
70.3811856829751 18.92701845849241 0
193.9083554854758 85.07114455735405 0
80.33010951928291 65.96513578259912 0
193.527175229756 8.825059900988819 0
125.5164994513404 76.91864317218038 0
124.7260871719444 78.20248505574909 0
194.1281755076618 79.9246433665363 0
193.4420749479878 78.6085677781747 0
117.9662912501255 79.24982865553545 0
116.4736148681131 79.17508925925955 0
119.4590852056668 79.3161893146254 0
44.00003450280325 94.0660832731219 0
42.51175400721382 93.99725945707647 0
111.4497103725378 22.00225282339482 0
110.6495547449962 23.26265873554311 0
127.8149414756001 6.144036696210989 0
139.8087572848631 8.995961459315048 0
193.9967417545727 15.28069555777615 0
45.7579042275209 72.1796031780431 0
45.07405471451722 70.86529638806725 0
194.3340397284637 41.07469257896831 0
193.5364500448389 42.32678554946506 0
190.7011979390879 6.140897613984038 0
189.2258648429333 6.072165945602201 0
179.5414752749454 71.58007854525061 0
181.0277544542562 71.65568529606979 0
104.6289490203556 42.40490853357095 0
105.4321648310721 41.14425074901443 0
106.9166498216558 41.21418555809007 0
121.8651064966425 22.40484629287829 0
175.768543219842 72.64857006604097 0
123.339436512054 5.704174056993978 0
46.56845066375763 17.90269532626655 0
25.74171442403232 55.92775415346591 0
30.14176735908752 56.05837167724693 0
34.5939666145099 56.27894192502022 0
52.94281234630431 77.64290237073293 0
181.718481782116 72.90940937845123 0
182.5159623443573 71.6800502030639 0
140.2284340731321 65.92291826239071 0
118.0181830745603 59.83364429608875 0
55.94674966982378 24.76183212545383 0
148.6128369151346 62.41868406990417 0
149.4130420373039 61.1623756665657 0
147.9249001146768 61.09749483271104 0
148.7250626560177 59.84120659482455 0
147.2370204390544 59.7763520919402 0
148.0371825233437 58.52014629986012 0
146.5491715802665 58.45525217067959 0
147.3493213190002 57.19907893791066 0
145.861321037472 57.13418863746436 0
146.661481988183 55.87800045809424 0
181.7121245576808 8.229477820008341 0
182.51660199059 6.988240776104803 0
45.92314572005693 33.37884259809707 0
153.9517703132023 25.16392097827796 0
158.4783054988777 75.76901901997437 0
48.01254916841123 87.79461757797782 0
46.52781991186144 87.72786164259416 0
47.32772994897543 86.47585737654275 0
45.84380946786383 86.40955296771001 0
45.40051803588794 10.12161248544298 0
51.90514440180714 84.09616884139859 0
42.16960677283765 34.50226554211629 0
145.7153423560106 26.08027358110041 0
55.79642870569241 80.39491954379469 0
45.04457281451512 87.66054951634153 0
56.76845402969501 40.29175925177279 0
152.5145372725907 75.51264025898033 0
61.4024975056377 71.59617132273745 0
139.062294270047 41.31368460571938 0
72.34113530751358 25.49045339139858 0
71.53863781529316 26.75057872504001 0
73.0311818953852 26.81558262466745 0
72.22861072432428 28.07579151274785 0
73.72123466157022 28.14078886522299 0
72.91843900622953 29.40088702429666 0
74.41126045847021 29.46605628460172 0
71.42588293316159 29.33585785618407 0
72.11573754836076 30.66071585669941 0
70.62372362244777 30.59588936219066 0
71.31336560598115 31.92025739939304 0
69.8216149045371 31.85507759429256 0
72.80537569818759 31.98552718622104 0
69.13216852624359 30.53119865158117 0
68.33045910948164 31.78855573321128 0
153.4025381020246 21.24876342351127 0
190.5633728589276 25.4562469954209 0
191.3625799344972 24.20388395513474 0
192.0473463882661 25.52168188874614 0
192.84619252747 24.27020055037488 0
193.5306489542056 25.58732127959366 0
161.6761830901287 20.31059127586845 0
160.8652951302271 21.57646196238566 0
162.3638705635986 21.63565601707182 0
126.3167153520773 75.65919339715711 0
150.5650996152801 68.96143941051355 0
185.794284495176 83.41741876444436 0
148.1264701984673 22.30209399320628 0
13.09444689060729 59.03631693323029 0
13.77725124653119 60.34804322197182 0
117.328279890814 58.50855963873295 0
110.3748277677217 47.83729525375207 0
151.3169022162581 34.0947462119456 0
104.4662490997954 61.83333569726292 0
105.269611141885 60.57251037935907 0
103.7762556538435 60.50732948708429 0
106.7630220031667 60.63766795777033 0
106.0728660348526 59.3118269664899 0
12.9827732395684 61.59531563247354 0
14.46014842557108 61.65968450838811 0
106.162493930883 23.06785287710866 0
105.3581506637867 24.33085482848594 0
106.8540596740418 24.39569489874675 0
106.0498502485265 25.65856002911606 0
104.5542057484489 25.59371120540298 0
107.5453452675456 25.72344569085003 0
105.2458375451582 26.92120678250122 0
103.7504722877336 26.85638385505973 0
104.4419777117609 28.18374639254955 0
102.9467135445004 28.11896284303243 0
180.3813102113061 19.84631534271342 0
144.8206669834715 80.35291371550898 0
137.4512386872863 27.01291131943662 0
16.56327770631387 46.31593545645522 0
130.3460487334023 69.36524252414561 0
140.8917240379401 33.63577866207442 0
130.6964683671395 44.82913940417562 0
95.44272214243453 44.58509876523517 0
94.63964933185011 45.84134960538183 0
65.33353422088169 14.84123944296687 0
39.71069671248357 57.78098896501871 0
39.02702848856176 56.46890583225835 0
40.50518738747424 56.53262221702843 0
117.0235148691687 49.41173454571643 0
102.2551403232041 26.79162507250376 0
101.4513732329054 28.05419068781955 0
100.759756569453 26.72676781157216 0
99.95622671285263 27.98215448135616 0
73.36647216268767 19.05539142972905 0
82.33233191424699 36.23491932520678 0
83.13580388379455 34.97356007109003 0
81.64163248628208 34.90845760674451 0
82.44512681014953 33.64704215590724 0
80.95097535269399 33.58193915447792 0
81.75443490025614 32.32043546628814 0
83.24873538427957 32.38559377801827 0
80.26033155166844 32.25545177262921 0
82.55791751936238 31.05880658833566 0
84.05244813163166 31.12397734104611 0
83.36150587060121 29.79705404601165 0
84.85617217939861 29.86212596976857 0
85.54713746258929 31.18919447395783 0
81.86705221058239 29.7320574360714 0
86.34740522621235 29.92908924428078 0
87.0413838717634 31.25475223016484 0
87.8412989036041 30.00158831540626 0
88.53605154354166 31.3212492380095 0
89.33961821526206 30.06630126721039 0
90.03157002565671 31.38656055146074 0
90.83561070922065 30.12441345748496 0
91.52688272396809 31.45059665271585 0
92.33089477365566 30.18821477076883 0
93.0220512182117 31.51522168301916 0
93.82603895882755 30.25306952162192 0
79.45698617045896 33.51673946378902 0
78.76643545061869 32.19049352252693 0
77.96433288449849 33.45096922220678 0
135.5062926799265 37.27910102063726 0
93.94888314967494 44.51911989127947 0
93.14571839674724 45.77532218909622 0
92.45492578184113 44.4537399577548 0
91.65172671409454 45.70995529405567 0
90.96089801025684 44.38849297549516 0
90.15753565956365 45.64801479570507 0
147.7820551239847 13.21480402524524 0
90.52256502448765 88.36833804323055 0
89.71726932015063 89.63227391881991 0
91.21463022453253 89.69758821027189 0
90.40933851308672 90.96168757609411 0
91.90678349570855 91.02700528772935 0
88.91190020045632 90.89626026207699 0
89.6040033052623 92.22589557898763 0
88.10629512611374 92.16045864720618 0
88.7966490460758 93.48419849651003 0
87.29973013079392 93.44153670627027 0
90.29247163492168 93.53439034706679 0
86.60834692109711 92.0978006130491 0
85.80209210891404 93.38031874150279 0
85.11068879590543 92.03355760681222 0
84.30521124320043 93.33909338766188 0
83.61325927836614 91.97235366520019 0
82.80779031847223 93.27833603884352 0
82.11577912783983 91.90842873583767 0
81.30864315001418 93.2117221350407 0
80.61797519050418 91.84305816286852 0
79.8109314115261 93.14603417023081 0
79.12054048912225 91.77763604108968 0
78.31530603513852 93.04152715458997 0
77.62379598550089 91.70247374362687 0
76.81854281808197 92.96788449721031 0
76.12749209877809 91.63897647051081 0
75.32167632971166 92.90238024284847 0
76.01337819249368 94.2301044739871 0
74.51641577737276 94.16468822936952 0
73.82468811021626 92.83667074173428 0
73.01956995326874 94.09906604257927 0
131.8502078478927 52.63951027410194 0
90.29132994726397 9.43822841723231 0
91.09616303170418 8.173885970036025 0
89.5986901149669 8.108984730105021 0
90.4036565700448 6.844471648940157 0
88.90604059676073 6.77961508393026 0
12.87736452656608 47.49325801485117 0
111.7596613343185 31.04956632044355 0
104.490588239034 44.99361247294495 0
134.5791607715624 24.29685115090802 0
135.6327374185262 51.5063844795749 0
191.1617106820319 79.79694546108281 0
65.64670876659949 76.95123694321869 0
91.9012853448356 6.909401206072005 0
71.76071374352642 88.84318465369583 0
183.9342144703746 23.8742031270375 0
182.4467696558344 23.808857842064 0
183.1333339271939 25.12976871223315 0
181.6462790622186 25.0639593768731 0
182.3332723142739 26.3840290526889 0
180.8458509760274 26.31884706652706 0
181.5324875702105 27.63928574649446 0
180.1591442127328 24.99822461033123 0
179.3586014806583 26.25333616985646 0
178.6717093676006 24.93230281982802 0
177.8708641214779 26.18776470956026 0
177.1838871082003 24.86634783968334 0
176.3829841701805 26.12213398037684 0
175.6958004366348 24.80046508895215 0
174.8949387300761 26.05108111899684 0
174.2073921142581 24.73622011163094 0
173.406520282332 25.98475021134054 0
172.7188712757161 24.67083702915906 0
171.9176275474764 25.92435036088387 0
171.2301636257441 24.60532924637827 0
170.4288308545898 25.8595579588013 0
169.7414432956002 24.53747678073758 0
168.9399768845723 25.79364199585951 0
168.252575960966 24.47122817177505 0
167.4509854293781 25.7278112407523 0
166.763425119319 24.40530969102018 0
165.9620039803743 25.66207727793782 0
166.6494771706759 26.9843023710552 0
165.1618773724032 26.91803423730858 0
178.5607463119149 27.44288281940741 0
164.4730432009676 25.59653230286459 0
89.46678023174681 44.32390542367233 0
88.66352093610134 45.58025907360206 0
87.97265596951662 44.25842049173529 0
87.16918701147665 45.51955734558746 0
86.47797373689744 44.19361793803247 0
85.67498011853026 45.45526548288646 0
187.1492293062248 69.29076911880908 0
186.4624709449443 67.97307717834028 0
139.5351835292166 64.59526809236307 0
188.8568643599732 64.21470132847739 0
95.09016294616785 35.49481467106065 0
129.0913042614507 64.1846776399354 0
94.51715139843127 31.58039779751522 0
95.32114069240251 30.31820027616203 0
160.4117476587825 15.07468125553575 0
182.1013569336629 14.75259800704409 0
64.60737132708124 66.56506848906098 0
62.36859639406278 31.51168187098262 0
63.85603370237378 31.57720676404012 0
52.02304469033463 64.73503994438387 0
63.24120990844761 80.72353892042031 0
89.22785568485347 32.64712774779785 0
128.7416923182453 38.27560183753378 0
129.5437773112819 37.01678963150999 0
131.0349598993426 37.08192009172276 0
130.3458352370244 35.75787064365949 0
153.6375820656932 16.06855990934508 0
59.34635068385232 84.42652093469101 0
162.9456702420964 75.96060770853234 0
182.5953630119611 88.44829721104816 0
75.20334291278522 28.18942439129798 0
134.8308761476995 86.40441936890535 0
53.73136176816189 59.66170587984526 0
53.04484804402252 58.34384758064382 0
54.41781627311514 60.97978633208989 0
55.12376393294555 9.236774657569995 0
55.92486092997122 7.97689128428096 0
54.43308799412374 7.913142096991876 0
55.23416715927683 6.652409015768413 0
140.1945614246912 15.47463071636802 0
140.687930504317 89.25138029400307 0
167.418430196936 76.15366702205854 0
63.05636501387167 32.83359558732622 0
140.8850156395207 16.80169199088407 0
122.7540402334123 88.47483830429559 0
123.3051024678099 92.38795997754593 0
122.5017035742991 93.61064851899209 0
121.8079104879552 92.32256781838669 0
121.0039574159195 93.55728139405852 0
120.3107021516939 92.25717396109502 0
119.5068276285018 93.48979541757822 0
161.3003969519118 28.0671357305262 0
118.8136988344153 92.18658574310024 0
118.0092131936647 93.4330426491902 0
117.3164042019987 92.12175995655446 0
116.5113554378836 93.3814262242621 0
115.8190360224189 92.05874974843337 0
115.0139681759208 93.31871931933661 0
103.9386922426415 41.07898049750356 0
175.0036735011606 23.48483276625453 0
144.9128020239676 27.33898830805897 0
171.88717839145 76.34616245142925 0
114.3217772537455 91.99419978719983 0
113.5164736005528 93.25831696276465 0
112.8245061312168 91.92975864815284 0
112.0191389170634 93.19391643011255 0
111.3271639522475 91.86466858707503 0
110.5218026875753 93.12874563679584 0
64.54409362044518 32.89902131258369 0
53.74283541985002 6.598727010863321 0
164.3365859359077 11.35919603277898 0
109.8298297068205 91.79930776525424 0
109.0244413177569 93.06340304197437 0
108.332394096642 91.7339476174177 0
107.5270589249637 92.99801445083898 0
106.8350583877678 91.66851074459902 0
106.0296445651518 92.93263724801416 0
188.4249465031694 7.318085788437699 0
187.7431062828181 6.000899332193605 0
105.3375894877722 91.60313202615174 0
104.5321856864103 92.86723584112443 0
103.8401584131676 91.53770824579232 0
103.034693179685 92.80184358699913 0
102.3426319100387 91.47227444801452 0
101.537164112566 92.73644939569388 0
103.7280735122038 94.10241194461193 0
100.8450621197188 91.40686179923183 0
100.0395487120652 92.6710665828825 0
100.7327449286687 93.97760025298578 0
99.23598637925532 93.88998561956979 0
98.5421616227293 92.59802580310046 0
97.77638982879947 93.84039811597481 0
97.0549665253282 92.53174758272078 0
96.29827127332594 93.73589926237524 0
128.6017576829259 91.31961626645071 0
56.72495299417356 6.717311691265849 0
53.77214352584157 23.38717017930566 0
54.52762479147276 58.40678929766472 0
167.5650886181791 23.1483443969179 0
64.25570051196001 57.5085668037766 0
65.74567095541876 57.56990776110965 0
72.00280529776343 33.24511278171101 0
5.370512526982381 66.39504200381953 0
6.053642227660475 67.70717649712518 0
139.5038416833108 14.14733243031343 0
186.9403004885783 7.252385923899354 0
156.3805453796214 88.62353917927786 0
113.4427287423765 11.74299850977463 0
45.90942391461712 16.57378910149993 0
194.3291370788142 24.33644428164277 0
120.2626104994331 78.05438949240931 0
109.2877407681788 54.27199471249847 0
108.4847755792218 55.53197947512761 0
73.49503153385089 33.31039947118899 0
118.0478171232839 9.345954079174135 0
122.5364290800041 9.540651566649956 0
154.9024374096043 88.55261407916157 0
106.7217181044582 94.26221063472767 0
127.0301353075411 9.737319126966227 0
85.65769737512197 28.60619136705076 0
128.0411026021744 70.55277766365538 0
131.5191305495014 9.93628194207961 0
153.17488232729 93.67604469353081 0
105.9373317102268 28.24850418931172 0
129.8934920178388 62.92522985023284 0
118.8681201724278 5.287491152115656 0
96.82387229432628 47.23744672808594 0
98.31747355437815 47.30257680783396 0
103.6382999713768 29.44623791667446 0
120.9536687188202 79.38156294194202 0
92.38090319477445 47.03821108574667 0
121.4838848011195 83.22761218071932 0
181.6890548363779 70.27385205019117 0
87.89842939447919 46.84841723412477 0
127.2381370706385 71.81332093214934 0
194.2183284858251 60.58675778630447 0
193.5323400827727 59.26952493767629 0
192.048792842841 59.20468216813625 0
192.8463321137138 57.95260523957173 0
186.2561781916489 5.929857518318158 0
178.8382004390629 5.507232100566014 0
192.1710348461338 6.209721658985856 0
194.3301031427078 58.0172355390099 0
193.6443420762591 56.70033806502249 0
109.7164852378531 94.39293053527477 0
11.8265167411822 37.1829242188175 0
154.3427746711801 67.83462018593315 0
61.99126493480419 5.62662165376873 0
60.49825778689187 5.563446380646191 0
52.93406920483465 94.47751592759911 0
51.44151153430921 94.40994850938239 0
46.3711544770244 23.10429008939875 0
112.7111370196652 94.5236641512145 0
194.5584105948094 35.93548479591844 0
153.8738479813912 94.99013081213437 0
152.429915820906 94.90784772816414 0
46.97788095934801 94.20331583175869 0
7.531718202471978 67.77144623217831 0
6.736841385705347 69.01945477912307 0
48.59574850021009 5.113559408729124 0
50.1486366374501 5.145427038855708 0
21.81893806399795 59.45019887592134 0
117.2126427905817 94.77388270353435 0
45.575287871961 24.35443533129108 0
91.20869865675527 5.579789318613003 0
92.70650441685576 5.644678651066421 0
194.5701850130079 19.17142982909736 0
43.91314366925747 10.05830333158799 0
44.60516492295363 11.37865461113975 0
42.53273700774348 7.421445840499551 0
41.84260299839912 6.102737504251451 0
79.0302347831653 94.39837724692734 0
4.715911701955179 31.62078293083962 0
189.9956256162391 38.29605885773277 0
169.8038262573549 72.18941247599287 0
10.42251007067134 34.54210429525727 0
44.15447583139302 4.947098456974786 0
147.0844712024873 45.53487967152643 0
146.2843217838063 46.79091609628354 0
144.796315720034 46.7260124152683 0
145.4841576009959 48.04711138344263 0
143.9959732893265 47.98229567234744 0
144.6839047017208 49.30350420989822 0
146.1590665359363 49.35990658822999 0
145.3567664974491 50.61503124106327 0
143.8811424042902 50.55827863940288 0
144.571725273706 51.88109155297385 0
146.0533643801952 51.96856762178628 0
181.8245284844455 5.656120242969635 0
163.8680130589047 72.12046559472461 0
56.03574838453454 5.391458114587039 0
155.3599037270751 95.0673678433069 0
115.9711861768494 5.357648617613144 0
114.4736297335073 5.292350929079092 0
18.92179321486292 59.44601010511109 0
152.0041618430531 35.41642647027433 0
152.8050936807017 34.16053587873181 0
172.6110606703616 27.17403764990706 0
82.0111884353168 94.53153613824776 0
121.7059905695215 94.94269869732025 0
42.280061289038 31.93792948393781 0
43.08441359929415 30.69491366598226 0
192.0623839860188 42.26762781334699 0
192.7388145064943 43.5790641039348 0
194.2201816811368 43.64285335369389 0
193.4224809344879 44.8949184028826 0
175.4733457070195 27.32607188696916 0
46.09460242116869 81.21063318591237 0
32.15702186387982 59.94860923030254 0
5.258584879859313 68.95507496262583 0
5.942070524742292 70.26751761476841 0
44.0401877612184 86.29334381003102 0
22.57029906416841 43.92866734091839 0
25.49265312367967 43.99393551275637 0
28.35446009494152 44.28030755416792 0
31.37353999320831 44.2927654608872 0
29.1755107333383 40.34404739183804 0
19.82603849264011 55.6410887956447 0
18.34916780658826 55.57691135677079 0
22.79847162076334 55.78648072186152 0
145.1383107003536 5.312598669148599 0
143.6773979246829 5.258029295301448 0
146.6308472812514 5.376332299355497 0
85.00703418310019 94.69031237651018 0
46.15832300020613 44.95287024619236 0
44.67732882209253 44.88760656957405 0
47.63988357574337 45.01826278784746 0
48.43724840258669 43.76751342361841 0
49.1198779472228 45.08219241817718 0
49.91883831708475 43.83248354633471 0
50.60221988796111 45.14738864185323 0
194.9091364767786 44.96216396656171 0
194.112174325814 46.21455735572514 0
49.39109273454312 56.89999293439045 0
47.90796161789143 56.83749910769158 0
190.0247274615719 4.829430209626153 0
126.23439730744 95.11010811070635 0
55.05714207928597 45.3785831473003 0
122.5695830634769 23.73562680285355 0
114.4005444841743 38.93003416896075 0
115.2039649123046 37.67006880257457 0
45.10653316483113 85.08466128727162 0
147.9548121574895 94.76701945821289 0
146.4487757523554 94.69612281569846 0
195.0134355281562 25.65320461834229 0
194.2151495054996 26.90403324547952 0
53.84255107602257 57.08953346041833 0
55.32581735519142 57.15258755302134 0
45.41494011665454 79.88381385005056 0
194.9246600375842 78.67238230238678 0
194.2387085814431 77.35643804658511 0
180.1214954452108 75.4088345715312 0
47.26466248697238 19.22624988904362 0
45.83630876111694 19.15154101694043 0
112.1043546272941 40.12506573957063 0
106.2339297314287 39.88431091920089 0
118.5959143990103 63.7444527688604 0
117.7931928374364 65.00492444063207 0
116.3001522504665 64.93990647764032 0
116.9903853934219 66.26556737511514 0
115.497074554768 66.20053072187616 0
116.1874396729131 67.52635380662326 0
114.6939284828218 67.46132259474841 0
115.3843995746636 68.78733289750342 0
113.8908959632759 68.71849617405584 0
119.4067596301301 62.48422930525437 0
166.0681436712792 23.08395287438834 0
189.1441720259195 92.56496756730928 0
189.828265318438 93.86914748131053 0
191.297043048407 93.92910653588171 0
50.41863713011338 84.03092985879637 0
161.5591210576418 22.89465438655827 0
145.1734358511001 55.81307196973973 0
88.01203901835412 94.7747694691768 0
195.1304597933758 39.82237148780724 0
192.1605021768088 22.94755324574891 0
179.3220339264377 76.66528365788835 0
185.6799941157566 69.21848092536342 0
184.9957596475418 67.89886723277206 0
185.7790550969777 66.6536037072668 0
130.1274670509306 57.74790211581006 0
112.3855927766485 51.8194854815407 0
113.877857286357 51.88502548460028 0
128.7563527061462 55.09273655561896 0
127.3771800713219 52.44549934401508 0
126.6879881211061 51.1218678931224 0
176.3492704504397 76.53348829464582 0
191.5987369188207 19.03590342655995 0
167.3376264389311 11.48426623750274 0
148.5001847166026 64.99660978570552 0
57.43259649755763 24.82599097040885 0
58.31327473054282 74.04894137892532 0
56.82625439307518 73.98074638921659 0
192.7560194221793 77.29198621016462 0
193.5529978610623 76.04034758543327 0
195.026329340036 76.10917474299995 0
194.3482953227234 74.78927177510948 0
188.4571050982617 91.25770183728385 0
140.5614583773758 74.98436162622431 0
139.871467139065 73.65943894829849 0
141.2517322903006 76.3094623729897 0
52.31421695905545 40.08797944719748 0
67.64124252700917 30.46461606786241 0
45.87021519388365 69.61577966449029 0
44.38887212274724 69.5474579977256 0
51.01827442938607 18.09442045466117 0
50.22341396758556 19.35768953279037 0
151.9404536322705 71.60674088054483 0
21.82789857687499 40.05547714102194 0
68.44270021230781 29.20737150940712 0
41.82696351491876 92.67527662075582 0
41.02424713667033 93.92820383327825 0
59.56545940555239 62.46751372249254 0
58.07626549345142 62.40586363558731 0
134.6057572859407 57.93566126989538 0
57.5448515611479 22.25316004090848 0
44.55607452503881 30.75444954126157 0
43.88143948763368 29.44708295665213 0
140.4504482481253 77.57029514929543 0
141.9424355887858 77.63460376570326 0
133.2279310713906 55.28604022798132 0
26.42318860559166 59.77245477412747 0
137.4637963984142 77.44072393539004 0
146.6228265546394 39.05720055960775 0
177.803184935518 11.94539843153508 0
49.68488032540871 32.25028061171142 0
84.98411380435361 44.12890573519454 0
84.18092378521773 45.39028847828254 0
84.87156491088049 46.71667399978231 0
83.37764287348318 46.65146343977914 0
82.68708487651202 45.32525229649431 0
81.88386030278211 46.58620451019412 0
81.19344775860547 45.26015742337778 0
80.39025707177231 46.5209733077949 0
79.6999731097721 45.19507284585195 0
78.89687144006007 46.4557665760054 0
78.20666064450583 45.13001818179801 0
77.40374225442882 46.39046289984151 0
76.71364557233305 45.06501085945917 0
75.91085336449667 46.32518756182614 0
75.22094458576481 45.00001400596327 0
74.41829434034658 46.25999322018017 0
73.72849758147308 44.9350928360958 0
72.92608943247959 46.19469973538973 0
72.23642794591507 44.87015068067325 0
71.43417203620032 46.12945500349971 0
70.74470050316241 44.80510960693881 0
69.94270021074391 46.06425201465302 0
69.25337859180576 44.74021495958684 0
68.45155493787172 45.99896588882558 0
67.76246505105681 44.67550263843595 0
66.96089497999014 45.93368109852951 0
66.27203500748182 44.61070851307682 0
65.47078691942647 45.86847862934302 0
64.78218323953763 44.54589439528025 0
63.98116503329867 45.80325826123813 0
63.29286713806437 44.48098550433238 0
62.49212045713442 45.73810474746147 0
44.8339183420719 59.28307742508193 0
44.14959922819872 57.96921967933758 0
99.26430957662726 26.66066490186335 0
142.1553565477376 38.86230029859541 0
161.2170907988021 13.81538611776978 0
97.85150230325425 91.2731692464385 0
96.3547112200261 91.20869197888175 0
107.5665931704134 59.37700959861206 0
131.2728710357106 48.73491031096363 0
125.6091419502719 91.1886523956413 0
126.8957955558149 79.57282032381642 0
157.5691684941664 79.61305141799239 0
137.6982064875369 89.12088633838127 0
170.540034938611 23.28640939511462 0
128.9622075824024 83.55381739085009 0
57.8804443668019 14.52416049699053 0
130.9135054550273 73.26859720798979 0
56.41997628494578 31.25145204932854 0
92.21775378895983 32.77731638690879 0
86.23798504383205 32.51634261133742 0
47.06793201298228 41.13753966584537 0
66.43453380326218 58.89180598040485 0
67.23573322767243 57.63374787300558 0
127.2278911853405 21.37956886252574 0
125.7337088416245 21.31419311175259 0
143.6801167439475 89.38167110865851 0
135.2948781471182 59.2590683688066 0
177.9849331389351 23.61162332966049 0
131.8370590826513 35.8230365624945 0
131.1478960909857 34.49884653048335 0
96.01136714106815 31.6456008954929 0
152.8670426517803 84.59045938619118 0
152.176828200237 83.26487913830138 0
134.0269597952249 87.66707438218157 0
55.45294669281151 88.12734859297913 0
56.71054693324197 76.55451545523357 0
72.32793657369045 92.77018948824056 0
71.52277616160288 94.03333947020137 0
131.5956424668321 91.45122192530884 0
58.10664442121004 9.364584879145454 0
134.5140798146581 10.06485330229977 0
58.79599648977076 10.688268797473 0
96.81317990127133 30.38488668907924 0
96.12766554975821 29.06858283540959 0
183.204607268314 8.31734957965817 0
71.18320576694776 17.66636326166844 0
69.69012084164137 17.60183658214235 0
71.41591142699791 79.76436190435486 0
72.90373990101699 79.81758490743184 0
121.1729259835357 21.07969072869196 0
119.678146013504 21.01400477873174 0
179.2964547733351 12.01148753779406 0
192.1930683749454 56.65614109133298 0
192.9640819633605 55.38687816519373 0
194.4429542856812 55.44888437988361 0
193.7284732672693 54.11115654710132 0
134.4934728010064 60.51575510419303 0
69.01961764983008 33.11355036746922 0
140.3081260511376 12.88537847769403 0
77.273392812456 32.12515477892386 0
78.07599499374612 30.8644498298631 0
118.6402557233628 80.56962901226926 0
124.8260006651052 75.59194684320883 0
112.6377263817748 13.00669923806056 0
98.21413407588005 16.23652797725942 0
99.71108412007244 16.2970837943361 0
130.6774962346335 95.30799869672789 0
110.8933089705147 51.75260860977293 0
152.5061228846213 92.34724845655714 0
96.71751913138995 16.16928431177092 0
95.91303293236697 17.43052235246092 0
93.13494243613177 28.92556678926891 0
90.14310051791468 28.81197206992166 0
82.67052310908363 28.47014824308284 0
81.17599338517743 28.40517920881962 0
115.086857719005 23.40938878750226 0
114.2915956132449 24.67437211276175 0
115.8859205476464 22.15120385227945 0
18.87743002957126 42.46198522546403 0
18.19516238725095 41.150535036646 0
19.55971455210175 43.77351878719244 0
100.638880474624 29.29890213849042 0
140.6133567383762 7.736083218551776 0
139.9148713689894 6.312246352007968 0
141.2713334463684 9.063567691788819 0
56.9428081516031 88.1936816431882 0
60.82680756640237 84.49772789030959 0
60.03276381574766 85.74539340255505 0
4.686884154266679 65.08238121514721 0
110.6202154992144 40.05513525259639 0
64.72409651736658 80.78437686675674 0
63.92949692119576 82.04785243447226 0
14.57176339524429 59.10074302271109 0
190.5120658958988 95.17042854543988 0
189.0438914067067 95.11330012235017 0
72.21439993234218 95.36226847945368 0
70.7176804438817 95.2965468141856 0
56.03066176644515 92.02732682353316 0
56.71133690064643 93.34556544574264 0
55.91689479503273 94.61071467400748 0
57.37639342013843 94.67518913156007 0
44.27808251299298 72.1146059579082 0
44.96147296180299 73.42849643339434 0
192.6605458438952 46.12886406080391 0
193.3166443303917 47.4611474623289 0
194.8373056464409 47.55269465218278 0
194.0337522337191 48.80585666623517 0
192.51960345458 48.71969021239556 0
193.2032231942826 50.07338350469475 0
194.7109407095736 50.23747619510078 0
191.9769494093462 95.22813995271326 0
195.3563396127943 34.68442104048862 0
33.07520354130216 39.24160785896029 0
152.8985372910971 65.22638016612724 0
184.5595693479125 94.96624726543935 0
169.6195885231422 27.17115661685461 0
188.2425695609729 62.85942813803435 0
188.9806238896678 61.63740744119957 0
165.8519772442003 28.15914806512069 0
133.671635456673 95.43867656570785 0
135.1688700173468 95.50389532674085 0
98.52571784950754 95.01144675636701 0
41.00933496663832 7.37796270754616 0
40.31271349412 6.062341112175034 0
41.14550811845982 4.785900880787445 0
39.65613137066752 4.725313146826736 0
195.2349718481126 54.19330437620107 0
75.20813940741053 95.49373114833367 0
18.98710507950639 39.96688308757801 0
17.51242028070578 39.8494142132684 0
160.4854341005907 29.33010571825438 0
191.7809377576193 49.94221716331144 0
195.371306270171 17.92029479483394 0
148.1493131099143 55.94292385874888 0
115.3464954052033 4.001940783950786 0
192.2807104716402 54.06319670202066 0
43.19644829340785 95.32150971927933 0
13.665765931753 62.90686187141544 0
195.8151180757581 41.13892930428036 0
187.0616198951956 4.676999016777657 0
185.5689426439135 4.661765957552497 0
195.8115145208663 24.40251105965959 0
195.1276193456276 23.08598334325929 0
172.7912167332657 72.50970493258234 0
151.5892090712733 62.54837589423062 0
195.6999878815739 26.97092754872001 0
194.9019618595708 28.22205145794693 0
4.463807392311935 70.20316457382977 0
5.147393119424848 71.515504974523 0
6.625502558843365 71.57977681645971 0
5.796338193025946 72.80570115696482 0
4.346933486431496 72.75995938970685 0
4.995059245744855 74.04962364667132 0
150.2731115156549 60.02443426308898 0
15.09844945224629 62.94282181830579 0
15.92982001162983 61.71942136484717 0
26.64243549636168 40.21283838458289 0
49.48392973847554 3.837318695941853 0
29.25883147179594 59.89266431447109 0
71.4091458787118 96.62573202806621 0
147.1523378781435 96.03242560814007 0
161.9901521445439 29.38778841121165 0
39.82108952348647 55.22882978336302 0
41.29970028401285 55.29140402687688 0
189.7272743288904 96.41670109917735 0
92.01384181129926 4.314957455142675 0
93.51187680057832 4.379921549643932 0
90.51594615466711 4.250171399866446 0
3.78005856531658 68.89074864043702 0
40.33454030583979 92.60801949807725 0
39.46197041047895 93.82048339310796 0
40.20838096818956 95.1743702119244 0
38.66608644681136 95.07382832107027 0
145.6444062927067 95.96053520841433 0
184.2941453442541 66.58819949326896 0
38.34383784941124 55.14147617107356 0
16.71801296458287 41.08742930521025 0
195.6105294431063 79.98805443355795 0
147.7721075067425 46.85576470096212 0
103.1354515762468 42.33978537039356 0
61.29973950331652 4.299123378759873 0
59.80548862216733 4.267393383572973 0
62.7948647038894 4.363279630249238 0
166.741462505644 72.32685343278911 0
102.4372992285139 41.01339225549963 0
66.15917260593535 47.19139399846029 0
70.63196555834494 47.38839744406409 0
75.10808110872563 47.58506471942081 0
122.6671973102939 21.14539596646492 0
97.51434726982549 48.55889244486007 0
79.58707000102001 47.78159461195787 0
43.70186735585081 84.80250901253518 0
84.06814051000156 47.97785351367406 0
65.05671034770936 56.24749681995301 0
44.50041343554425 83.69651201904111 0
45.95835981631164 83.82354152408607 0
19.14393699607854 54.31432550411819 0
17.66704177860673 54.24776558740734 0
183.204968730812 72.96868369024891 0
115.8986386360191 39.00570111327357 0
115.0865873781855 40.29204367105962 0
116.6982783400434 37.73645184399367 0
134.3660907110718 96.76689306664403 0
180.8117360878599 76.73632137913047 0
54.31042383704922 80.32127475846769 0
147.4615634927122 54.62208119718297 0
51.22003252077593 82.77614728377014 0
192.8670330879958 74.7244512106478 0
160.0541886287734 22.8378503618151 0
48.70519526604072 55.58395285056054 0
47.22003280944809 55.5326235618126 0
50.18802670469619 55.64761827200226 0
186.0584693371569 95.02875651207547 0
48.64977854998584 21.90688857332704 0
50.12648429926507 21.97076302704269 0
118.8207153277221 58.57367272241881 0
118.1308565125429 57.24874582316733 0
138.7326175926758 65.85426488444948 0
136.5363194283878 64.45485791936974 0
147.1245223306069 62.3538449701026 0
148.5721123031207 45.60006907592972 0
45.36115283582672 46.20285108726044 0
43.88037800933949 46.13736737495277 0
56.63366322941944 26.08051904353984 0
55.14810308054199 26.01613954565144 0
55.83480760593365 27.33474475712266 0
193.7642576653731 20.42499371258354 0
195.2531016365713 20.50672215311495 0
8.228856871973377 69.09272379582472 0
8.972661749609841 67.85628649673112 0
97.15824119429223 89.94543547045819 0
192.7605321373564 93.99396467702522 0
125.8821779826631 52.38148787753331 0
54.64079277749814 55.83518403198587 0
56.12689612860506 55.89197808834504 0
125.196595450064 51.05715316700635 0
193.6631819455095 73.46628954633367 0
195.146165874324 73.5358899671088 0
194.4627663002019 72.2121415376148 0
101.6505110565088 90.14274806313438 0
48.31444062018835 46.36472864939353 0
162.7093714630874 13.88101147668513 0
106.1430900238729 90.33906892488493 0
166.876078099563 21.82764035912779 0
110.6351871093428 90.53538107304664 0
143.0822763063776 51.81872292007467 0
115.1270336173499 90.73115124088208 0
53.68289379516874 42.72895920524034 0
119.6284917404613 90.92804573554194 0
65.58440105739319 43.2852553476212 0
129.6548662719445 34.43478957942648 0
63.56610582418528 56.19379728215763 0
71.54667285902286 43.54584998924072 0
143.7803834082002 53.15355410027739 0
59.80048735967848 74.11387885553216 0
53.73937807148344 76.39159505861889 0
68.56371860736003 43.41680382355536 0
120.4824175933432 19.75324969635197 0
58.11977386599734 26.14519537083303 0
58.91900667867646 24.89029635809531 0
67.52817968423214 33.04345520665399 0
41.72940349398677 8.680073279878599 0
76.02348221753397 43.73985498733511 0
55.11041718596199 79.06816678825244 0
59.11312188645704 72.79305292074118 0
142.3946269142754 50.49520423007087 0
53.9942992411803 18.22804065544263 0
53.56974007540332 45.30273819459276 0
70.02614851154355 93.96769119205561 0
69.2210760649067 95.23080920082938 0
78.42878760798608 90.44034784165095 0
146.4041011863645 27.40445860325928 0
147.2065492076288 26.14599399874533 0
183.0202988237503 27.70349638652425 0
182.2190647661528 28.95927218680981 0
183.706736944691 29.02300373344278 0
182.9054291538567 30.27888860954759 0
181.4532659667707 30.1959111345093 0
184.3920479074397 30.34358516500009 0
183.5914168287912 31.59852525990442 0
185.0770028278642 31.66426000933828 0
184.2771727141581 32.91808034031676 0
185.7625680972062 32.98383264855021 0
184.9648715146644 34.19378825671271 0
186.4485845677572 34.29470228463575 0
46.68241464085497 15.33371210439456 0
45.22835500707551 15.25612337033388 0
163.0508285683907 22.95995053937509 0
162.2403446853002 24.22101445073908 0
154.6520430438164 96.3012788133445 0
60.52075355586742 89.63296802359002 0
149.5291094757207 75.38231053987624 0
48.1479990545923 68.42709430775119 0
54.48397732764376 41.47697036219978 0
43.1967313197359 44.82259516392573 0
42.40012053822581 46.07195451672281 0
41.71652481746846 44.75771474832804 0
40.91943183892796 46.03670320616583 0
68.88781953474108 18.86230928386342 0
68.1968938274992 17.53755397677878 0
163.8648053687521 21.70025502927465 0
65.09307644576296 87.25571887109027 0
64.41314676943759 85.92754310083826 0
180.9071287957077 9.49007705028373 0
167.336565710822 28.30640378119067 0
127.9279369315702 73.13864288679819 0
176.3097840920258 11.87941249538765 0
185.7662726377316 16.20937977067403 0
65.89587306337769 85.99442611722566 0
194.6720648971221 33.36771008191955 0
70.0461422543101 26.68540768737337 0
125.6255281456201 74.33258312563248 0
157.2095140240263 70.5432248667518 0
178.0570120917092 71.45923417007951 0
179.0270954700796 70.14313926915466 0
187.8225070800976 20.17768419318399 0
192.2881049943819 70.80097980723903 0
135.9839582930583 60.58058647592943 0
149.6189106659705 22.36784569251083 0
148.8151757387733 23.62737968990779 0
150.3029408615095 23.69886850476139 0
149.4991200409023 24.95558569293638 0
156.5204601619567 69.22144353569922 0
158.0094218608331 69.28605375729992 0
157.3208051531108 67.96489068995425 0
60.94144669804035 65.11204820996467 0
182.2128156900131 79.38542805475171 0
143.4212708025116 27.27364642790794 0
144.1104324528183 28.59771159357279 0
142.6193362998475 28.53242029780963 0
143.3082822340396 29.85627066438131 0
141.8166485785114 29.79119471736116 0
147.3105847662088 40.37876447605906 0
148.1111879669325 39.12263478734549 0
148.7987600814252 40.44383794051593 0
149.5992255368226 39.18797990727778 0
147.424032241753 37.80020836503019 0
129.2040761353617 61.60093778767353 0
130.6998050198915 61.66391920887128 0
106.8770465764653 58.05147066107933 0
105.3830165179602 57.98607956129059 0
136.3165251022145 69.62279979178102 0
120.1416817674823 27.51709254452425 0
121.6381354663813 27.58126286818563 0
120.8320469411933 28.84335233683199 0
122.3256511416219 28.90886616156961 0
123.1387807109127 27.65283041765631 0
121.5215884755667 30.16985013005446 0
38.01077948567106 62.8369368728634 0
38.69410229426477 64.14948098024422 0
37.17406995250026 64.04600500487933 0
40.17206049262833 64.21392052818153 0
39.37728087605023 65.46175009693779 0
120.028183920818 30.10440717574823 0
120.7181984904956 31.43032549977931 0
119.2249447065491 31.36493394123725 0
119.9148985918202 32.69075107386992 0
118.4217464168427 32.62537247993136 0
119.111652141766 33.95110416776852 0
117.6185971632449 33.88573188342544 0
118.3062512576803 35.21001080648078 0
116.8141379757289 35.14638077115998 0
38.30252784932014 38.18698523740491 0
39.09736245049654 36.93940871605984 0
37.61962033158301 36.87474496788282 0
38.41428777418675 35.62741168940933 0
40.57706795953973 37.00359820711616 0
56.88146437906344 37.71743344302966 0
90.27001582744377 43.06314110059208 0
109.6434772756125 12.87665518893301 0
108.8388723962994 14.14053095946144 0
110.3355280175008 14.2055175574839 0
107.3419267618111 14.07552524158658 0
34.37270330330423 61.39626001717389 0
35.05660531031587 62.68821602084233 0
181.609200776886 75.47380937132633 0
114.5676669538657 53.20796473405726 0
115.373662209193 51.94300377870822 0
116.0603413096064 53.27181706153766 0
135.859227685891 79.96441222343775 0
131.9623981223745 50.05775733785075 0
144.8101058057093 63.53598784354761 0
134.8318948740142 52.76441435000867 0
48.09067756895563 34.75518521507296 0
188.0558117408251 15.0191224566951 0
119.5126514377268 59.89992958134911 0
31.59838626909897 39.17683214063698 0
67.36614477119413 71.84871602158728 0
159.722165748487 13.74826308671791 0
98.70911704677324 39.52679280509032 0
109.9262301930563 38.73152666336628 0
83.60053101786053 41.47535604021623 0
80.50231892776023 43.93400495416242 0
32.85032663880909 44.35772357330615 0
132.9887078173134 43.63563457395382 0
130.1022030226958 24.09787115633769 0
130.9057647503813 22.83714243494972 0
130.215651075061 21.5107041107789 0
187.9705231666316 84.80652086009701 0
156.1865503504059 76.96427149527696 0
20.61443753607637 54.39416014423868 0
45.35123775251937 29.50524230903838 0
44.66816972864904 28.19200715035219 0
43.17131826681205 28.12795108943856 0
43.98166041202136 26.87796558932697 0
109.1747620768313 56.8572233222115 0
126.5683692809418 53.70415873427484 0
95.55564931899481 41.99746688657227 0
104.8912197387675 17.82027098893165 0
135.5204608241947 54.08693470982667 0
88.10123977235043 8.044089361855825 0
87.4084837804422 6.714798830993807 0
86.60364681455367 7.979199212998786 0
85.91089086382308 6.649970256030457 0
86.71580462759732 5.385475293576206 0
85.18572967748202 5.299999979723353 0
84.40793864103152 6.581738274352603 0
83.66562666811637 5.239770235532333 0
82.9058925523706 6.51716151478449 0
82.22329523135789 5.191342453473219 0
81.41698039183851 6.4551238889823 0
80.72494591977532 5.146064554629596 0
79.92097746582465 6.394019946450001 0
79.22834207868259 5.07461204320937 0
78.42418112990993 6.328714893365671 0
77.73068563788772 5.024998084113278 0
76.92714778670421 6.266365169875243 0
76.23315406719614 4.974754239718663 0
75.43021111134922 6.204440960077029 0
74.73716926758013 4.890762533480995 0
73.93368390504104 6.136964519716386 0
73.23946577679388 4.850387312192574 0
72.43688039427064 6.075761530139779 0
71.7422435109836 4.800972207640712 0
70.94019395240001 6.014099973205788 0
70.24704433892241 4.706644424714959 0
69.44399284018138 5.944900297461174 0
68.74928154452341 4.675935570683791 0
67.94761461029543 5.885109982544535 0
67.26004374506908 4.560879743069826 0
81.40087327889022 3.890283072238674 0
76.92046551751992 3.78560339428833 0
71.63275901932357 7.332221822673809 0
76.12278828129857 7.526638956110276 0
80.61364734754349 7.720224475002539 0
128.2890254192575 65.44420345217227 0
129.7809801930741 65.50924484999084 0
116.7766744229893 4.093301032918134 0
145.7447288116667 59.70751343712257 0
127.9373580893132 39.53563109656251 0
127.2500291662036 38.21067320372836 0
126.4409414034522 39.47385848447689 0
133.9031635760711 39.79519766355173 0
78.39817846120772 76.22162112289159 0
77.57783743045927 77.47283893873107 0
79.08707662837392 77.54816306964537 0
78.28241770084483 78.81022288093305 0
79.78011827938799 78.87726216543238 0
76.75429695034799 78.72257414431616 0
78.97595475058827 80.13993009958068 0
80.47193906128763 80.20572136489599 0
81.27653331220745 78.94324259004347 0
81.96782203249172 80.27137361164451 0
82.77243794353694 79.00880052630447 0
83.46410634470274 80.32719772545227 0
84.26839484197225 79.07257602327323 0
84.96101465474837 80.39033217239529 0
85.76453606174752 79.13733069213291 0
86.45678245917645 80.46507931519304 0
87.26056979897491 79.20418860000825 0
87.95165737579848 80.53341251598331 0
88.75648878388893 79.27034250922121 0
89.44782245912322 80.59889261840178 0
90.25261919066475 79.33591108084943 0
82.65160281323166 81.5732454145175 0
87.13398129227272 81.78339975844705 0
84.63004794308131 35.03882045223679 0
53.15476267557448 55.77992120959562 0
108.371707083956 7.625269459751529 0
109.1767981754231 6.360892802935155 0
107.6792122164694 6.295750547076466 0
108.4829444469697 5.064159541881892 0
109.9807867172954 5.123176248355549 0
106.9848990003899 5.004553891542542 0
106.1811344499298 6.237106758285009 0
105.4889441114691 4.908917474827945 0
73.59358613331136 81.14201747425945 0
92.70805753195432 89.76042532907735 0
143.0699601013511 18.19361361450353 0
132.0667095353023 81.09547661128761 0
76.75111563437099 95.58857865972114 0
75.90936625676576 96.82729747384496 0
73.13636553879485 91.50769017584585 0
94.20426732798427 5.709660180607735 0
95.0098973714091 4.444904620342477 0
95.70240200174639 5.774740908798023 0
96.50797442664613 4.509926378073601 0
97.2007290501421 5.839793775906898 0
98.00609527231768 4.574959368344508 0
59.14780013238651 19.74445034255322 0
155.8537449811611 84.72036950300368 0
181.7594507717314 22.48849973778258 0
45.99734173817349 14.01795114268319 0
44.51579146205734 13.95514872455162 0
114.806988351156 64.87478808498328 0
146.8617882618038 17.06392415199224 0
143.308317492932 46.66117887626447 0
142.5076034627212 47.91740352772722 0
141.8197786883902 46.59679646358913 0
139.4262545199028 67.17894250615777 0
98.69862511546475 5.904703396805203 0
99.50413875098599 4.639958922056238 0
100.1966569488135 5.969694110503625 0
100.9990303668133 4.706616424748518 0
53.05571661354054 75.07294707897138 0
141.1263872915316 28.4676100021398 0
100.0681961073382 25.3991037785505 0
101.693175669286 6.035976839357431 0
145.2905282818041 86.85737122290949 0
84.4188566325186 90.70209148437036 0
152.1441421305808 16.00246701467589 0
52.14278942079667 78.90308428869074 0
140.6630168576308 21.97365210394265 0
144.3731549051731 57.06942197821354 0
64.05775120824775 93.69185816276561 0
63.25268598675714 94.95364661182434 0
64.74222501632465 95.02227572595264 0
61.75859239744747 94.8883586585093 0
62.44760891844907 96.21592920686778 0
87.28056009038926 42.93245661812012 0
50.81638958635573 23.29709655287481 0
83.60599977734029 7.848247933071853 0
40.85513366440014 65.52624505958987 0
62.14207413290058 36.65949358720719 0
81.42355753774108 90.57267994350148 0
136.096149467781 57.999289776815 0
132.5259187849308 37.14718252856007 0
119.2861736563783 65.06987145608167 0
60.08000305020072 32.70077720814955 0
189.3106628489785 36.98943790588307 0
188.5137122679672 38.17902195881964 0
64.65623049871176 30.32376432658971 0
150.7968724672562 80.61540509568033 0
47.79683379097469 59.40538979226427 0
82.08078269226604 77.68099407256953 0
113.2002882100883 67.39610002590892 0
112.3971571424902 68.65277800787304 0
190.3647361744369 81.04978491294469 0
189.6789175212642 79.73217598170714 0
188.8820363961879 80.98131683135614 0
190.4751048210171 78.47941234111671 0
46.03376803327812 30.81509771085103 0
177.342674457147 5.440772394463622 0
142.5049798517577 31.11625875243137 0
141.0146589923253 31.05067120944499 0
97.50643865461014 31.71096037677325 0
53.11241501162547 38.83561136363161 0
187.2635697266184 63.98347851425098 0
51.68459174479997 72.43973512292375 0
142.7445834361739 76.37417925560928 0
143.4349357878577 77.69932631195478 0
142.6329149168819 78.95972591474671 0
128.2704417502809 31.78877845342886 0
65.5296539617398 79.52809348010962 0
182.7067200865495 85.8686756151172 0
141.3637293407608 73.72428546892847 0
140.6737208620754 72.3995823557658 0
139.1816791215505 72.33466120091235 0
139.9857718871677 71.07627050287016 0
117.6883992709666 67.58458123276856 0
53.61942493903331 62.23273033703629 0
55.10272171793565 62.29709874666919 0
152.9481456241233 14.74200686557193 0
151.4550810925312 14.67626447267759 0
154.4419587757176 14.80815403954179 0
85.07292612088582 77.8114010365194 0
133.3276039360551 35.88913414396736 0
184.0236187518479 71.74659556406863 0
183.5950310078785 67.86271228146609 0
129.3046358024188 75.7896444687468 0
67.92486685991022 58.95677804095678 0
68.72634472599354 57.69829960004596 0
131.5954268418839 24.16350901464808 0
154.7565546706758 23.90770982038105 0
156.2450738628037 23.97277960209762 0
88.06386359394966 77.94221461324811 0
132.3983913411277 22.90357721667071 0
47.13103289814708 5.103168714998851 0
183.0657251026218 94.93348336168076 0
139.3912535389015 16.73587830667412 0
104.6848190304696 6.168798354768612 0
102.4928498391021 4.823838671602807 0
108.0340541186966 15.40422756585782 0
49.23364311321458 42.51817819467789 0
105.6951206495293 16.55714385836236 0
104.199476084255 16.49163617788608 0
54.30523929734291 63.55061680352604 0
187.6247395124446 8.569883332802419 0
44.68658123594852 95.38971791948813 0
69.41566279516699 59.02177333057754 0
70.21737251419161 57.76292674115524 0
70.90699155584889 59.08632569168471 0
71.70890000419152 57.82746117675233 0
69.527792908932 56.43931409596382 0
72.3982373077054 59.15132445711215 0
73.20069714816492 57.89220521781105 0
51.51583404166323 41.33848353018971 0
67.39555284256357 18.79863764589561 0
195.7033379011458 43.70837716116166 0
48.46701293474219 94.27141352158117 0
47.66482465696815 95.52899330423905 0
63.74410404728647 34.15443148553889 0
70.95388742922641 90.105930307376 0
43.47713405037055 87.65098194811762 0
140.0814915792736 18.0630194826512 0
187.8258268248755 36.91725044589052 0
53.63356661725376 9.173800331551064 0
73.89024457461403 59.21548319562727 0
74.69293967488605 57.95667425356961 0
75.38306144788726 59.28078271983645 0
76.18560741992816 58.02141607705882 0
74.00284525963559 56.63215940193916 0
76.87540781973487 59.34609228361288 0
77.67848721072832 58.08620483177529 0
126.5532663916198 70.49098612291738 0
145.9440206862914 4.049990237419003 0
147.4340313407414 4.048373705118856 0
148.1265285348782 5.431343325853973 0
148.929772484014 4.101335325963333 0
149.6232561180112 5.493443951207155 0
150.4309749866902 4.187912548181977 0
151.1211984221182 5.562366683359336 0
151.9288761789264 4.257908215915293 0
152.6181152719789 5.629368161725992 0
153.4238578855623 4.377039974968497 0
144.797869432403 29.92223788691327 0
55.78827708560492 63.60971669501285 0
61.76924120498212 10.80284928329175 0
54.35066116196668 27.26951986389869 0
53.66403726541364 25.95061804379533 0
55.03707997252137 28.59419500392313 0
78.36844522648863 59.41004834524813 0
79.1716765096116 58.15082546783846 0
79.86222908078258 59.47549527430903 0
80.66522013978746 58.21564038610357 0
78.48116671603712 56.82553608075758 0
81.35550011259785 59.54094315379383 0
82.15892333951203 58.28052941238035 0
54.2576011578393 46.63054353117447 0
55.74095557979219 46.69873941431054 0
52.76817605568709 46.55013687037882 0
49.15515949765432 95.59732329258236 0
65.23110129738572 34.22179805709028 0
50.78437144431348 6.474340136499364 0
66.7052842334257 17.47782244846128 0
168.3639429503315 21.89481947527079 0
82.84933140939881 59.60475201134786 0
83.6528725902084 58.345226587865 0
84.3437095519044 59.67028167549491 0
85.14701043638603 58.41018641905879 0
82.96208161354613 57.01923635500327 0
85.8370297797298 59.73611267455892 0
86.64115872217182 58.47546656715911 0
52.12950645581627 95.73661622502294 0
53.6225698545864 95.80432789195297 0
87.33113259524271 59.79995796408208 0
88.13521590570818 58.54007240779168 0
88.82612203033973 59.8652038239166 0
89.62952737489454 58.60500404107991 0
87.44447103385218 57.21388776118602 0
90.32047375184189 59.93064600255157 0
91.12379983445135 58.67004076927071 0
91.81473940058268 59.9955629188288 0
92.61803101170098 58.73501482109727 0
93.30894522008821 60.0601778402727 0
94.11220071839854 58.79995550540323 0
91.92718674371048 57.40876898196127 0
94.80305405823562 60.1256371628287 0
95.60630472951125 58.86503609261852 0
96.29714189982535 60.19001897721464 0
97.10030875012013 58.92992315994829 0
97.79110857380874 60.25491614091292 0
98.59422941844784 58.9949100559597 0
96.40960223157487 57.60392240822742 0
99.28495083058245 60.32057117513067 0
100.0880635517707 59.06003967566416 0
100.7797466894353 60.3853690379785 0
101.5833036412082 59.12409558193957 0
100.8914546984297 57.79901363799566 0
102.3847599612421 57.86413945373546 0
67.50621192454909 16.21627667896807 0
74.29765728016818 32.05064190926112 0
74.98348608451529 33.35992114545429 0
176.9993343856244 13.20441302726081 0
175.5060668527497 13.13827565308516 0
124.1382209579109 74.27097264588024 0
100.1527381675077 90.0801839320126 0
59.69934307007063 6.832648240338784 0
70.49277678169381 16.3403151367371 0
153.2732186073802 23.84032174761995 0
152.4684585877134 25.09965973258552 0
151.1585952370607 89.70277124549284 0
114.6872030539593 50.61887523537406 0
56.81166318800776 57.21339884501896 0
57.61321573663592 55.95434518301681 0
96.03924065679864 48.51112598358059 0
111.6960044623633 50.49246232602599 0
68.2145229300847 34.36934661893528 0
106.1869414100402 56.72860682446726 0
72.41548459300952 3.673413473504702 0
155.5583142482304 22.64923719930179 0
157.0480991832798 22.71477503571137 0
16.87204525656313 55.51309561402488 0
51.6266828547902 5.210348022148324 0
72.68872757512374 34.56765197562248 0
71.19963318850061 34.50033291813267 0
153.5545823296678 85.91004263606183 0
152.0632873888115 85.85271728640211 0
99.00774893856229 48.62605928331087 0
99.8108379423568 47.36738845233211 0
100.5012468210644 48.68866458792231 0
101.3041583677066 47.43218083198843 0
114.5849080526838 70.04225557325927 0
116.0756663744841 70.11243789797831 0
71.98666258473432 16.40461494884075 0
95.67251444014425 89.87762744755574 0
93.39595670459234 91.08519571511854 0
92.59763504698998 92.35539273991719 0
85.60046505364434 48.05043177318355 0
138.8127577883683 12.82551345422368 0
121.7541434521889 78.12136177098007 0
122.444628133655 79.44881717589092 0
85.98519557165179 4.031873142792591 0
87.51311070525387 4.147434580034542 0
111.3029389808801 41.38133265556328 0
112.7791208079509 41.47049974372859 0
95.22080753676171 16.10429341858288 0
94.41640388767468 17.36571200089753 0
95.10851704220224 18.69372520642199 0
93.61193625435581 18.62881659495734 0
92.91984178563455 17.30040922137481 0
92.11548951149918 18.56392228648846 0
91.42310648921172 17.24062241399827 0
90.61897920632998 18.49989562031405 0
89.92671668365757 17.17360907208202 0
89.12248249668917 18.43482536278708 0
88.43031706055271 17.10867092647933 0
87.6261171625404 18.36983722183057 0
86.93389138351729 17.0466362355235 0
86.12982758723946 18.30541144017961 0
85.43764593485373 16.98228046243102 0
84.6336413818118 18.24075730779728 0
83.94162958629062 16.91438048479472 0
83.1375858445865 18.17536757764569 0
82.44551246404234 16.8521736385828 0
81.6416216984852 18.11083066403758 0
80.94961744391489 16.78777944507222 0
80.14582008774323 18.04609589881714 0
79.45400433248685 16.72002518023834 0
78.65025008896671 17.98076103637106 0
77.95842616149855 16.65776396171916 0
77.15485511646631 17.91620220212857 0
76.46313885956867 16.59335755612492 0
92.2275738123811 15.98326362751915 0
95.35085842411021 13.54949786046581 0
114.1323397386712 13.06750132776236 0
114.9392939317942 11.80806259974213 0
186.1412307755007 8.503035471912511 0
99.01920824522061 14.9787502171156 0
100.5140400486694 15.03541365115652 0
101.2079299414821 16.36128046975982 0
110.2209642137321 50.42524382060569 0
109.4095925359297 51.69101550269071 0
107.8048874699168 54.20058215928038 0
128.978661017371 66.76890541816431 0
178.1992979299183 4.113883708878276 0
176.8550270276088 3.954307293080781 0
179.6525002539566 4.234275225919056 0
118.993002899872 19.69674134107261 0
40.06942368753398 66.76931071150227 0
41.53987985654102 66.83776720569166 0
40.77567970427539 68.05287093783478 0
114.4069089833086 22.10525146010848 0
127.360172851835 69.23593965026984 0
81.97949856976085 27.14319042663182 0
149.4744458811593 94.80991625104559 0
151.9552321141348 88.43943380338061 0
153.4761967728327 35.49024435805818 0
154.5360503759239 34.26075798657866 0
153.6464181845865 32.91052764857113 0
155.093922726954 32.97054988105506 0
149.5461334952323 92.22874837079721 0
124.9448371814306 73.01119596380974 0
130.4746138492105 66.81419355662604 0
195.9246413298415 55.51326187719205 0
16.55788891398235 62.90310821984407 0
113.7811894838841 3.962717401982886 0
112.9762328108781 5.227157320328082 0
112.2833782726903 3.897506975880326 0
43.80549151226159 15.23298584634674 0
102.0100038925891 15.1046424528683 0
80.48089331431537 27.08686549160404 0
79.68097130230285 28.34186855908528 0
78.98595372360236 27.016995660062 0
78.18808033433154 28.27579769854283 0
77.49185153667264 26.96377924905689 0
16.04475397782218 39.77130359935087 0
16.83137582183929 38.5279028362159 0
15.36420094706601 38.45720012668329 0
16.09437785464033 37.18347030334311 0
14.62422226013021 37.09715914589761 0
196.0406057963298 36.00080119785748 0
3.903068345602591 66.33536945530162 0
65.23256250304624 84.6715852451525 0
66.70018414822037 84.73520049025356 0
144.2295971594845 9.165138965713666 0
65.39584325895976 82.09031174323079 0
90.94442324534828 80.65466216993008 0
91.74882737561406 79.39975003032242 0
91.05738025792174 78.07294275882762 0
92.55348361230628 78.13839872059886 0
93.24489514676333 79.46651465996693 0
94.04759711366926 78.20384343263761 0
94.7406697444335 79.53212135950581 0
95.54424445153848 78.26927743909823 0
96.23679905374166 79.59754881869792 0
97.04081351607395 78.33499716655663 0
97.73295714692884 79.66298628488882 0
98.53696578276927 78.4004217519885 0
99.22902551772047 79.72837274412242 0
100.0329580959741 78.46585720610267 0
100.7250220091488 79.79374665880144 0
101.5289239750442 78.53127386993205 0
102.220966381219 79.85911271389253 0
103.0247963157187 78.59670702974573 0
103.7168458921605 79.92447476306232 0
104.52064139891 78.66212466030834 0
105.212665648398 79.98983124173994 0
106.0163864453358 78.7275581856359 0
106.7084121391143 80.0551858458175 0
107.5120947819589 78.79297393811775 0
108.2040924304657 80.12053576776364 0
109.0076967950359 78.85840530724974 0
109.6996955992204 80.18588490631365 0
110.5032608359566 78.92381689992004 0
111.1952313966879 80.25123003209178 0
111.9983033886941 78.98845538925858 0
112.6868105283928 80.30948434225631 0
111.857539437138 81.56540220636012 0
113.4929853783345 79.05306705261415 0
114.1655905485289 80.36182516011482 0
108.8702519528108 81.44306012236517 0
105.8783279735195 81.31254642318414 0
102.8861434780395 81.18201315638686 0
99.89372900607209 81.05145276209888 0
109.8358781395373 41.32683307822094 0
83.47457100165445 27.2212723541458 0
96.90111157281886 80.92085228862412 0
63.75403189151307 84.60504142221149 0
93.91729687782573 80.78573275699995 0
79.65278786142414 81.45675750619181 0
123.3478890318956 75.55511083789361 0
189.1964379937776 39.56201133142724 0
78.15426316616302 81.39340039587243 0
187.5700220729216 61.53409133093354 0
18.09192225043124 43.70400565893472 0
18.7758837017269 45.01478319030625 0
20.2759857739391 45.10474587171748 0
191.3321201813268 43.47409148885502 0
190.5720991194929 42.12261641602892 0
68.05658865757862 3.388149526257905 0
61.02335245590645 96.11407774033108 0
60.28647276465836 94.82327570968722 0
59.45947228451306 96.1297075611988 0
44.89391245903666 23.04211728133818 0
44.02952959162047 24.43237226645178 0
17.41560461240066 61.7624896574771 0
16.73270667629266 60.50727695763817 0
185.086520358115 65.42418154163298 0
195.9434442715929 72.28379001913478 0
195.2581200092921 70.96986975005257 0
43.05381635432587 11.30198038561281 0
149.6388991148544 2.658681579565496 0
56.7313380554024 96.19275189242504 0
152.6680484629043 36.66778056083176 0
41.23438510842282 91.32908085396261 0
44.65298679826261 81.17318249393142 0
43.76180333857106 79.84443367073493 0
44.73169558780408 78.56768571934235 0
8.387756966230839 30.6340432131393 0
194.519803975683 52.855018507773 0
196.0229680358909 52.93560114327067 0
192.4314483067408 51.32860231043698 0
41.61420249165308 30.65173353418663 0
40.81687122074993 31.88979489809884 0
43.91047477357202 96.63293736778633 0
166.4505321050004 29.56429284891812 0
32.05586233943494 45.60453898951125 0
33.53116532939424 45.69251870456748 0
30.54681318695181 45.55809939817408 0
109.4215411303347 3.846564726290097 0
39.16681669476341 53.90062295406911 0
146.3621309988131 97.30395467601713 0
183.722221501581 96.21279231173051 0
182.1825423192344 96.16299642473678 0
164.348083426586 28.08206217808956 0
188.1860355959537 96.29644445875205 0
162.1176976815873 26.80536485462002 0
196.4066916176083 78.7363586640174 0
123.029366853037 30.24214947287263 0
196.3477017689881 45.04674431329971 0
196.1320721946893 33.44515671736393 0
195.4665193564501 32.11940615713192 0
45.68698085082342 21.79076503660211 0
125.5053561926437 26.4902641269732 0
124.804448196374 25.15484903234434 0
74.39723851940784 79.88025310207175 0
75.08821444776065 81.20656211293694 0
73.71402087721418 78.55877444928112 0
124.9300574707041 22.57563433670166 0
120.322270379941 58.63571521575809 0
106.4254964831626 3.724609541278994 0
104.9502731217886 3.66288622701947 0
187.661472390621 92.51361293901458 0
150.2739353676246 40.50094091162183 0
151.2810900970858 39.22641162901057 0
149.484238834431 41.76336222611679 0
64.36776225680015 54.92434660035777 0
36.93493084185536 35.60724028215317 0
36.14198600647997 36.81733466074122 0
35.4571948616035 35.55607992016306 0
34.66459212595353 36.75651403482809 0
143.6802051170694 55.7455243701265 0
63.18031586132696 47.0569080057478 0
61.69153791862208 46.99129718930084 0
61.00358216371647 45.67266195628167 0
60.20326112469996 46.92584966568716 0
38.7055462964146 66.64654473578767 0
186.9135062324588 38.2526780953913 0
49.73434275054765 82.71121614610408 0
48.93389137321712 83.95143432422709 0
124.3845349070198 52.321684690053 0
114.7180498579946 2.658897340247194 0
16.2098037461283 54.157349058786 0
130.0111941217727 60.33938612344139 0
42.22700084943752 68.14537203272863 0
41.43578414371065 69.31604962722213 0
188.9913874156684 78.4150013946921 0
59.51590993826258 45.60255761564576 0
58.71312178044856 46.85804041858315 0
189.308383368307 20.24366700409147 0
188.6240447037521 18.92216775750533 0
103.247999463702 39.75488811681956 0
101.7484962875866 39.68448863371591 0
137.9306887611381 67.11285416282473 0
138.6229946012398 68.43422881179822 0
51.61373411598006 22.04504715337463 0
55.90206600789246 61.03702547458954 0
180.0093478626015 77.9940127504122 0
178.5259284614875 77.9206300445147 0
186.9757171058147 91.19711063416655 0
51.70658211989396 19.41972463667564 0
131.2754650174965 65.55822443963591 0
45.18318367286226 68.29385598368364 0
141.5929168167421 51.7592095300842 0
162.0217933606291 12.55550216098541 0
66.95059079663403 29.14045190082864 0
48.39362742252089 96.83487332417444 0
46.09135860382209 11.44322920116262 0
48.81220215352735 86.54151250586148 0
96.73676357426568 49.83034845437945 0
135.4074168222743 56.67352141946007 0
185.8796538268477 30.40905714969694 0
58.76503068057903 63.72371398536212 0
44.23077871691976 88.92042871039993 0
42.75548285085703 88.94139699369072 0
67.75317633055545 27.88420128921721 0
53.50831247333565 81.58352787380902 0
68.64007955556681 7.202775763618249 0
67.14621249420908 7.139563108852897 0
56.59821081147321 79.13692005555811 0
45.62934010450007 58.03111761781111 0
44.94512116736969 56.71870668170395 0
138.4977956884708 71.01164114924475 0
193.4173957787777 28.15532717738915 0
194.1016415766022 29.474419102966 0
195.586182248448 29.5459176632673 0
153.7532247560889 13.48196778623897 0
155.2484395277293 13.54729460246453 0
98.3112816657666 30.44856982719251 0
79.34245417627551 19.30906980587585 0
195.2430967150551 37.25260476355726 0
39.55556439140274 43.37238088043953 0
38.76020917939475 44.6198042282882 0
37.28236905525016 44.55464822299394 0
37.96474304021416 45.8670561290356 0
36.48709779168753 45.80187629186979 0
191.2485618414892 26.77404283186754 0
98.57257370280176 25.3342029830285 0
97.76896820259515 26.58965091160658 0
154.414421832991 31.64956172569714 0
155.8964596336453 31.71502359017202 0
147.3232416063246 23.56183261109435 0
78.6536173730605 34.77762571596712 0
77.15894743384402 34.71804175415659 0
83.82945759422367 19.50277730475189 0
139.8635907381783 40.05603212168857 0
140.5520174894619 41.3787713538048 0
139.75082297855 42.63625631854316 0
73.83421231744617 25.55555889890224 0
108.350059725596 24.46035675197779 0
109.0407200179299 25.78847688922246 0
108.2367566687137 27.05084275417506 0
109.7318812299239 27.11580082156689 0
108.9280884951271 28.37791786591255 0
110.5357287597712 25.85361429376684 0
110.4180168601975 28.43141896420002 0
109.5988865917894 29.69173033099914 0
108.1103252280775 29.62897370862605 0
132.763700691523 48.7995695644188 0
132.0745170791969 47.4765536305242 0
189.993495178579 21.56355116281524 0
13.88895831169553 57.78898855933614 0
15.36840161952442 57.88933016041267 0
109.7503519152249 60.76831995487559 0
116.6379745592421 57.18330258877327 0
117.4386413271762 55.9239143042883 0
82.79704446648502 42.73639604592933 0
12.18834617712022 62.84259757619053 0
12.87391653115247 64.09720074417389 0
185.3087055457403 26.51258911750472 0
88.31812399079884 19.69761211518499 0
36.07122268177621 56.34245490316923 0
35.38770672277194 55.0314539072526 0
33.91064716959943 54.96781197355339 0
34.71308383794073 53.69172330380765 0
102.972692715696 61.76801357288185 0
152.6287740986769 72.9294621129404 0
151.138945498311 72.86467322552224 0
150.4508651289723 71.54169898421921 0
120.3714049870821 75.46713043485224 0
40.53757839070379 3.511318940536576 0
43.01695616696881 66.90274256918616 0
141.2408964553393 42.70067121909527 0
140.4400099447837 43.95764539452369 0
80.83835250373855 36.16995136108221 0
151.8103637589759 6.899788914314748 0
93.2580677075366 43.19344679752625 0
97.89228195556035 7.16953980169248 0
61.97800336576563 75.49797689090491 0
179.0622370907782 2.771219185754802 0
125.9990132139109 49.7983955805845 0
124.5058513138444 49.73465159374972 0
41.18942202968471 57.84415522478229 0
94.0908999551993 8.303772145889809 0
134.1430862836549 51.44271105962748 0
95.8947938147159 34.23407585979143 0
134.9445069627368 50.1841768575302 0
117.3799110315215 22.21093678285689 0
116.6945288191214 20.90043288984312 0
186.3537160964848 70.54292091586385 0
144.9510449984355 94.63043211490279 0
144.1469653186383 95.87777172720207 0
75.66030329980386 17.85303932372515 0
74.96842736602591 16.52707933703875 0
188.0410463963948 65.43973998534894 0
49.34753000688453 39.95567830289788 0
66.32261278632943 61.47025579656061 0
62.25465965536549 34.08733089495151 0
158.9190027501893 15.00857873497416 0
158.230321146338 13.68142243383063 0
43.46457594901425 56.65589484930876 0
44.26031449112583 55.40498613034025 0
111.7064697673245 67.33092589201863 0
110.9033800321746 68.59154329055185 0
111.6008800822297 69.90647175075028 0
110.1007273036659 69.84644373197 0
109.4094029118237 68.52585941670553 0
108.6056448254946 69.78495083335696 0
107.914756434805 68.46092675791415 0
107.1112612390792 69.72088384123833 0
106.4204719697973 68.39633973579865 0
105.6168119709227 69.65788018608177 0
107.2253110017778 67.1353290974957 0
62.43919568565212 81.97390115664024 0
94.40012389014208 34.16876134505734 0
93.59629445326046 35.43022132921826 0
59.59499462092195 9.425274629964868 0
130.4585708416321 33.17492784054203 0
131.9498966643332 33.24101888812916 0
58.54375499920374 85.68325417247046 0
59.22281752774145 86.99414859606729 0
98.99871723729709 31.77785763832397 0
104.9273596841915 68.33166854696371 0
104.1240557635195 69.57846159172198 0
121.9482964197556 89.73513608765793 0
68.5311513467951 93.89962241435639 0
67.72636660274932 95.16395778267588 0
154.1162797772126 5.703002846670671 0
154.9208411064548 4.443145619259425 0
126.5374738045464 20.0527989691371 0
125.0394838807486 19.98970020014279 0
128.0306234557545 20.12091316244926 0
156.1186227307714 96.34850618462323 0
156.8659240608569 95.12472691786766 0
157.5483135324251 96.46149663573235 0
158.3534016358346 95.19526558142699 0
187.7691888960661 89.94511955518526 0
71.59592929857794 60.40853516521796 0
155.7099319018365 87.29162111979005 0
157.191254653648 87.35919672933024 0
56.140314470687 89.45072398821478 0
54.65017538868004 89.38369132484513 0
167.6667199792679 20.57361011203247 0
147.8935785453002 27.47252543266464 0
100.9722838916636 88.81519747344068 0
57.52352134671294 5.453720147679341 0
56.83504933632113 4.128617876311417 0
55.40951568829658 3.989922871840179 0
96.48049486562574 88.61488843746372 0
76.07253043886115 60.60321616499705 0
98.48232695364746 61.57808883105244 0
138.0105732079076 14.08282325987881 0
137.3212190049493 12.75796070707406 0
94.00022013071651 61.38299921125824 0
80.55231094456158 60.79802398831403 0
89.51753352605141 61.18783013559301 0
85.03312657602787 60.99326900629524 0
135.5219637215108 87.73165879601372 0
136.324299620372 86.46796384652345 0
134.7146568613057 88.99343068778185 0
133.2185552286613 88.92693780990146 0
15.2705374495485 41.08009359050288 0
51.40208666551526 43.89775114049502 0
54.53800013811892 75.14491354161746 0
53.85446049101707 73.82067524257386 0
58.29874073287103 57.2769858514515 0
59.0974473015124 56.02412436985745 0
156.6553762022986 32.94007004740663 0
157.4980836758308 31.67552042916636 0
115.2796466567961 71.36625389185016 0
193.4159954927183 95.27602923761239 0
194.2136343502635 94.05635877185883 0
186.3135823382913 3.546559757710398 0
139.6233645350477 11.57084714953336 0
141.1128610554337 11.62330605486174 0
123.4413128931303 89.80098923823687 0
124.2461655892926 88.53701876649191 0
135.8529564537608 63.13122291255859 0
137.3463732425485 63.19771615924159 0
77.27254013453674 15.34621213461489 0
76.57857923990332 30.81227521206865 0
81.75963607565112 15.54101169611394 0
113.318059550161 14.3241005543707 0
86.24816774777706 15.73583861404183 0
119.8049401563054 18.44048984071169 0
105.0084895222046 15.23665898487133 0
99.83301143367505 13.71671727133166 0
71.88532898114018 35.82140828103793 0
131.3861230051768 62.98412589618603 0
132.2054379290911 61.71632364359974 0
94.08712942125828 92.41303967318832 0
93.2860834891133 93.64569240716116 0
183.6036314802224 65.27131728696118 0
104.6958889941194 56.66364803299793 0
125.8763923005818 69.18729859070405 0
115.6218216186531 13.12455122067117 0
116.4354855519025 11.86565981865671 0
142.0836507638791 7.782439586462573 0
152.636053061175 89.75853953505447 0
123.4652703032263 72.9665026283607 0
42.04101890432814 3.572127626944663 0
78.29360010863994 25.71141737866175 0
90.13177137815376 81.90105839340336 0
121.6273368493883 80.70192197944408 0
123.1196163586549 80.76588064290939 0
38.85275526727422 5.971038434835521 0
38.176679259107 4.660021879779805 0
112.1308582085861 23.32144940342425 0
184.7658833062708 5.860705342097653 0
184.0804354543253 4.534345320161812 0
107.7013018131312 39.93883121700019 0
107.0168221005489 38.6057236273474 0
105.5232854444539 38.55541515584536 0
187.8549775465338 3.552594606248114 0
61.49602409720226 85.81283145257447 0
67.64459276602263 80.8812296639457 0
68.46569512282056 79.64123983993565 0
57.62582348253289 89.51431590644808 0
57.48941995837443 92.07584961976222 0
45.36854357363556 96.6648254288513 0
44.25789108514924 21.83007925518243 0
42.97599370505172 13.85168407166943 0
43.51362950611546 73.38342530274083 0
44.18337650289695 74.68858215803206 0
45.64782677227234 74.74422817079054 0
42.83419058363844 72.03604868967113 0
44.85199641447606 75.99305369807598 0
177.4253521913682 70.16918630178901 0
159.0466799454203 96.50048560745019 0
159.8490500600118 95.25584518938962 0
160.545113322268 96.53397524109877 0
161.3462330719835 95.31375603812384 0
162.0429634436532 96.58162273968682 0
162.8440328144358 95.37337394060089 0
68.41865763947507 96.43802471448335 0
66.92154328222563 96.41798654031297 0
42.41068148646103 96.52892607051881 0
100.4338750898119 3.432424593167845 0
3.558105826590221 74.01191573755489 0
4.202012847635729 75.30739118818742 0
5.729946328625019 75.29279077535014 0
4.985187469141678 76.60044867590091 0
2.874236717019087 72.69940721882614 0
3.448344232308273 76.63217787284778 0
4.131324665553805 77.88502073482675 0
5.609721565508522 77.94868036306214 0
4.860765897030319 79.17331918634922 0
6.293526252324341 79.26067217053424 0
5.506910723885255 80.50496727819969 0
3.839066560341919 80.36731564916755 0
4.676169073175842 81.74370222852301 0
3.111385791436135 81.77762311256706 0
3.908726837947995 83.00670066443402 0
5.367987203282212 83.07569221755793 0
4.592399375789398 84.31898460525892 0
6.089282692861701 84.53843816640583 0
5.202366061586588 85.69385684789299 0
3.804952841019855 85.56460860975426 0
4.476583826908936 86.88072451136401 0
5.952728623551366 86.93432655154913 0
5.221703216106036 88.13641479459721 0
3.71478836200599 88.1027802418032 0
4.393795802122597 89.39192275912131 0
5.911902860657023 89.41407204140071 0
5.068702515548495 90.67782836656198 0
6.526315197720095 90.73414051970934 0
5.724723626679932 91.97710542242652 0
7.178953696509751 92.03769171272363 0
6.396062243397452 93.26398702940367 0
7.845772281195394 93.32755040282009 0
7.065437930850621 94.55146410203555 0
8.515425360861371 94.6182560767912 0
9.285740004331771 93.46730594554653 0
9.966257239563504 94.72533637987341 0
9.183797838161667 95.91867855468647 0
10.63997467809716 96.00409361819968 0
7.958731636681435 90.81570607308149 0
11.42815072388683 94.78835468982479 0
12.1031178630696 96.07799586525798 0
4.949567400210384 93.1975595844482 0
3.657253762882391 90.5971552981413 0
183.4916340330729 34.09943421591514 0
148.9089289375499 54.70786749863147 0
148.182768437821 53.42843144995823 0
149.6368465965758 56.00745031205693 0
52.81741573421974 97.02428671115686 0
196.5964361705838 39.86014958970712 0
49.84627700767724 96.85239905078473 0
33.70149125582762 62.65661582161476 0
34.32701070676839 63.78425337257472 0
97.4401364900518 3.31944409158092 0
196.5695078678757 73.59830878738086 0
39.36769857516181 96.38601104459802 0
37.8700756176876 96.32133486181465 0
37.24630422873071 95.04059289736102 0
36.21378437449584 96.38741226375292 0
72.90925876808819 96.6171963741354 0
192.6360209261519 96.43847967697695 0
37.74761384510632 34.42313245005956 0
39.21154611190604 34.39808239513471 0
185.6444500724095 35.42859419741963 0
132.8419425641828 96.74440321675928 0
3.372997430266054 29.21886100835114 0
2.645396352325292 27.85355514498822 0
32.39060622458621 37.98601047465974 0
30.96786897753886 37.89980054872188 0
196.5578851964117 23.17193827157045 0
153.955413648799 36.61343508330629 0
190.96882975592 48.79857001325959 0
190.5067268742781 50.25118999620599 0
43.36920020278324 75.92552321564816 0
12.31272043904812 5.277755838456144 0
13.04321179262956 4.029976173104309 0
11.57487642841939 6.547295697389565 0
94.44269408440245 3.208557563816363 0
7.633454997486993 12.69710523300434 0
188.2949975297109 60.40097991708523 0
189.771079705401 60.40262521082558 0
189.0852428225507 59.24162567998317 0
180.4204618116466 2.99386145603556 0
3.282774625289491 64.99126299518149 0
4.015269906228951 63.76465422500542 0
2.529743966383975 63.77306468863882 0
3.151939661607287 62.55492998801647 0
163.5388692256303 96.67845072644977 0
164.3404067991303 95.44203142605366 0
165.0345747607069 96.77818662415172 0
165.8372423395067 95.51233263786884 0
163.6470471990926 94.1217535456166 0
9.692417092335035 69.14769034723015 0
196.6732969458923 70.99160642003051 0
196.0437035267487 69.71169739489696 0
194.5730558587759 69.65440877903859 0
195.3679493352635 68.40199270272961 0
197.4322570421056 69.75798437944314 0
7.287034884675734 72.83374042966395 0
62.10284744230898 3.035485336403681 0
135.865469080169 96.74566590271895 0
136.6670415921092 95.55439642144424 0
137.3725985744038 96.78917633430834 0
138.1661865735496 95.61351658943295 0
138.8682345656705 96.93712272889483 0
139.6637084642898 95.69140890597129 0
17.54798150050087 37.25198723903006 0
6.84747521966635 80.52769721291568 0
161.317471236411 97.65370591229139 0
38.43005259411614 32.91369535445119 0
161.1524920369465 30.59590488616303 0
159.6819829825276 30.58736725351679 0
196.8597990464248 32.17379589759936 0
63.59906945099115 3.099916500010117 0
64.28611424372252 4.428226774673305 0
65.0954343741269 3.164614358226181 0
67.61072633406931 97.75729632690982 0
196.8297353723206 37.32240685268771 0
197.522360702473 36.06643928004854 0
91.26371345560088 2.952984079317588 0
152.8239657527976 2.741132947235272 0
77.45444330457528 97.03175811994473 0
37.2931857745264 6.039029208566426 0
36.60642345534221 4.515671884722181 0
37.54210912957478 3.395045880067372 0
36.00401525261822 3.263042831430681 0
12.47273663250863 2.766695410081624 0
162.5505896472833 30.62129049931859 0
44.62911289713315 97.78028318734812 0
40.05532725700056 30.70054169110309 0
34.06733283717413 35.32675586577541 0
158.7315989219908 68.06988001225298 0
159.4409016655146 69.38039587202458 0
157.9569380668169 66.56629887845287 0
156.5921026064084 66.90109890094071 0
72.14011895222842 97.95560127043336 0
135.1275658208091 98.06030301880035 0
166.6081185182174 97.0009955422989 0
167.3469343748135 95.60351644142243 0
168.029026958574 96.90487153521448 0
168.8335143681041 95.64493040372743 0
169.5301052124889 96.88179117135634 0
170.3305229073321 95.68978444702654 0
40.17385823103648 8.715613886709519 0
9.59677085022183 2.65235092688502 0
16.94327156572075 35.96901090716591 0
40.93850320975117 9.930967021712497 0
42.23356767675689 15.14681226333234 0
61.64402510365986 97.47955210320492 0
63.15589520174795 97.5823889706881 0
12.95737448875987 94.77060333536298 0
13.59347199366803 96.08986879474925 0
12.21849026791092 93.50825576102484 0
140.3804481785437 97.05140662765206 0
141.1624820663241 95.76575529124136 0
76.41109587556281 98.15412684015374 0
78.99865046581593 97.24216265093492 0
56.14587145961371 2.802374939273221 0
141.9133276837374 97.09661932522516 0
38.40736550758047 8.66330169849055 0
3.628943908876948 7.486029617610171 0
4.405194654743212 6.272392267311616 0
6.61838087751957 18.98069056682415 0
8.240376723835695 71.63708065145126 0
9.852086143419498 97.20692855004552 0
8.279375190962469 97.30583325560744 0
40.32306244376524 11.34944734241299 0
49.14020894776683 97.9114232665997 0
197.3896809328225 24.58696078077909 0
10.1815370173582 8.884350084944153 0
197.5801803278925 38.64177947698073 0
14.41744840250064 94.92082910934855 0
15.0032329644288 96.29252935276966 0
186.7228325149183 60.22895137932075 0
139.4708231434954 98.56671468415865 0
151.0304763465751 41.71869071850722 0
150.1659490691114 43.01336435340229 0
194.9677181942949 95.48755593259341 0
195.6330858130846 94.06126794826322 0
194.991538010178 92.82104711616493 0
196.4933535825903 92.86878746349608 0
195.7796638593825 91.60301961048776 0
197.2646801723888 91.68465712556362 0
196.5584549450484 90.36994285472333 0
195.105281971147 90.29831429369536 0
195.8829417218349 89.06083518467271 0
10.79394053444618 89.79663499446994 0
10.35528661286685 91.06811406771634 0
168.8486948285174 98.20255149637852 0
89.70441866593916 2.945920938860496 0
9.235438739488927 87.02653437120389 0
8.400676233319899 88.24098993651847 0
7.526776181978704 86.72573602305985 0
22.63340467200801 62.91097206359325 0
23.32973665304822 61.56415059770159 0
21.88948172819509 61.82428358739006 0
24.74093168597838 61.28698900523048 0
23.87882637639439 60.1967768904722 0
30.51881214538761 63.59625698764519 0
30.09580991004572 62.16147893016256 0
28.71604831829613 61.82138665298358 0
31.56174333798579 62.45045845478657 0
27.56858976371009 62.82093026666116 0
25.89305467978181 62.45741502207006 0
27.26460665953191 61.24178234290508 0
28.87444115299017 36.77809097122671 0
28.37667755813294 38.20072056931558 0
27.03516378406769 38.59151679525897 0
18.0686478129814 64.36136052842123 0
34.76371658829551 65.89142218736787 0
22.59061640694017 37.40381518427063 0
23.53555058051441 38.70949901766055 0
24.8818813639803 38.55707942698498 0
21.02674222784185 36.88024329352037 0
19.90596316293683 37.85859194878461 0
39.20925921710824 70.34176997887695 0
13.77013722035132 33.28904692055835 0
13.90512614106865 34.79667947461107 0
12.54989925106162 34.17495804141453 0
12.59485895702608 35.5673544430388 0
13.88893573883502 66.75749805909146 0
12.72212688223081 67.82934369688243 0
11.18898763813364 67.32859935228916 0
12.35206041480313 66.41850165074764 0
10.82970829088238 66.11995391694114 0
16.69775768758512 65.02215994472429 0
12.73767092532111 32.08541634228298 0
11.33790489637656 32.35071936171826 0
10.35874856741349 31.42532022538391 0
15.23498826941321 5.821588854682744 0
15.22366387356509 4.358615870037937 0
16.46301303964495 3.445313510869525 0
15.00389476688348 2.763803111632782 0
16.50752172314074 2.033744378694678 0
17.97634944802471 3.966234561881429 0
19.59822528077315 3.586266010369997 0
20.35764582993463 2.311812763321917 0
8.249996855188471 76.07279058359471 0
9.271943558532996 26.94471333639444 0
8.510073583438611 28.16327270149403 0
8.935150358332237 73.10400193394042 0
7.804019414897994 20.85562896457619 0
8.246101799995728 23.99542193247349 0
8.19573243929436 83.95232781613353 0
8.175378087872218 16.12607083056413 0
40.67576672421883 73.06775102640472 0
40.77800536779075 26.91727565702751 0
42.25672278158086 79.17126558915146 0
42.28260791185996 80.66716966955107 0
42.24438130253201 20.79725586285149 0
41.89324960931999 23.8490800724562 0
41.8202569665134 83.8321998823444 0
41.56637988021041 85.32184242802532 0
42.23353276898018 19.12931171464522 0
43.64555694424956 18.04587246322665 0
43.57086889496977 19.6791498913497 0
40.28610284042809 88.47764611521103 0
21.01508694479035 63.10200200839928 0
19.85396964548683 62.12073112445105 0
38.25255546625527 91.03586027725814 0
10.65429981623126 29.89881170244054 0
18.06394283958421 95.75408292582635 0
16.7033652619622 96.50802208403327 0
15.85252841924901 97.57078273894012 0
33.3727611360712 4.963791594577977 0
36.02828536894223 93.2808593561991 0
33.47273130399785 95.07040414004864 0
32.1572083695351 96.01940065098233 0
33.62759600054407 96.36475771004365 0
31.53908270869135 97.31693636287125 0
30.04353390099079 97.84190436981501 0
31.95923803855518 4.236788275590264 0
33.19416412485238 3.550173151610252 0
31.72184939025246 2.794582356414139 0
30.34560326342562 2.159213789749288 0
37.07070100872539 67.90135953851822 0
19.5650864948841 96.31514603371483 0
20.03394507841639 97.88689566249765 0
28.93693284501254 96.68445765209296 0
12.66121332855626 7.713088470652828 0
27.21500150810689 2.896456013929537 0
28.77465224458831 3.013432816896945 0
24.08205354138114 2.542422123588587 0
149.1574404299979 46.89209324150875 0
148.3464115633917 48.14679054213144 0
150.0941101110969 45.55453274729373 0
9.243386320230755 89.78201427183186 0
2.985104885690546 70.13911430243436 0
188.8779487140835 46.1211708261354 0
190.2472971371743 46.68686399246265 0
189.9538989842534 45.2265807586532 0
188.8759114151189 53.90344446667447 0
190.1053687065319 55.0452476382879 0
189.5118094273174 56.40536963833005 0
190.2024370806211 53.33703051201948 0
190.3223279892644 51.77451712375891 0
188.1806862463061 56.96091774007251 0
188.0472141247011 43.07516576067721 0
188.8439109306281 41.75202157379397 0
186.6410895534763 39.94366180419117 0
183.5773705172369 36.51635293429892 0
179.8951389783978 33.48422654613766 0
181.265555872798 32.79091722242362 0
179.9864477164061 32.29742120520714 0
179.92495090827 66.51593158083863 0
181.3422120380406 67.16587890676777 0
180.1436391471232 68.0007925316925 0
178.6427393943367 67.48111731017258 0
175.5655247864813 68.39552539368374 0
174.0769171655336 68.85031911779134 0
175.2571665878501 69.74648681755875 0
173.7980194213827 70.28626390180297 0
172.2611365267721 70.99881444188381 0
170.8760612536839 70.00764716959574 0
175.5561294574803 31.54275029389049 0
176.7209939605629 30.58856614105146 0
175.2685299544884 29.87015541383559 0
173.6696882004179 29.65565890565792 0
178.1398000614128 31.06723179765529 0
177.9609432718977 29.69065214791761 0
178.9894103459778 30.13504122466529 0
176.752684996867 29.07796519806343 0
172.5740491738736 30.76738361009572 0
172.208965382097 29.33552746087858 0
171.1891031334522 30.26746555291847 0
170.7472346532361 28.66815901794894 0
150.8452967188617 49.24457178780344 0
149.6274297984063 50.02706539015949 0
149.6263349036659 51.67363896265576 0
148.3817829967601 50.78669696721744 0
153.5385595922936 40.06059712629115 0
152.8001940926808 38.76280595874333 0
151.3303186440714 55.58404509000012 0
154.3455866782249 61.17703518007354 0
153.8786965907879 62.59233351791562 0
154.8367973739483 63.84075293455418 0
152.6894209417423 61.46506709504638 0
151.9548185955936 60.00409107284948 0
157.5945164686768 35.34051372543315 0
156.1241302398481 34.88462766710235 0
160.1377561510259 33.50374379414526 0
161.5739111670736 67.27304520618972 0
161.7571531076865 68.76518244835745 0
163.1261183952494 69.30825311595746 0
161.7824885982991 70.40433794414153 0
166.1189866577442 68.87199183674383 0
166.7227704370579 70.27368181378056 0
168.2199619000203 70.40862298733026 0
165.3482642257771 69.92012188307179 0
40.71342359599657 90.04394301131271 0
152.5015797982474 58.61572987601112 0
151.1797243316198 58.14861807620106 0
156.4101985271566 63.85767915219675 0
155.4863226462847 65.01845901167525 0
164.5007124272927 68.47178134320016 0
197.4120919179063 41.1558407083039 0
181.4418676767626 68.66696406927822 0
167.5764678991694 30.88163842304201 0
171.0234529902446 97.03156565324494 0
171.8258384993729 95.76505736941887 0
171.1311627399239 94.43772744294512 0
172.5206398700178 97.09491330867661 0
173.322698606708 95.8304247268 0
21.13495454508444 38.5950081587992 0
19.49103516149135 46.35956308621684 0
31.28061663026526 46.87285286838429 0
182.889489857275 97.51740415600754 0
34.81411746651089 95.83727329962304 0
34.59884161364263 97.32803880205515 0
57.71952491994028 2.884446910572599 0
195.351291280332 51.61056977847563 0
196.824330573148 51.68447103495295 0
183.6327227899635 63.70420959929344 0
65.92879779688079 97.59985028019568 0
17.00025094862568 52.91804998650257 0
19.96087095479366 53.04455329238959 0
21.43413616941066 53.14966715417563 0
12.77368359179107 97.36390549670296 0
43.08331977837582 47.38649997640055 0
36.18141789667869 53.78409235806198 0
189.7464345949209 43.54041471815011 0
6.650248550843372 76.65714132121684 0
38.78973794517768 92.43741794735914 0
42.49301702618532 26.66204323499997 0
197.0925716654895 80.05151852463875 0
196.2716362193927 81.2912950738497 0
166.0079232441947 31.14866432198625 0
164.8920129251072 30.22565454941363 0
179.7597988172475 1.652765892290965 0
20.95852161841547 46.40902571192244 0
41.61622125613163 28.25246901249487 0
158.5685655846991 32.84647338907892 0
25.85192397642801 37.50595460278011 0
88.84384857656092 1.572153137822255 0
197.8546759671387 78.80457572832429 0
58.77080072238266 1.614180525868647 0
9.931591381300279 33.04898801187873 0
42.31220174209087 86.67884841644423 0
49.51428310652721 54.3238292121563 0
2.380321953581074 68.82637322970848 0
2.169521830873748 71.46316531223597 0
9.059998867839283 13.03568292111753 0
147.8620454830562 97.36032626245969 0
178.5825751964414 32.54811310079567 0
150.8317761895242 52.4989617742731 0
54.95362529684444 47.95748844957271 0
24.0845846376328 39.80158454917277 0
55.45418729309694 54.56172847808101 0
9.220191189076374 98.62906637028549 0
22.600776251851 97.06608014754647 0
169.38865394032 69.27716369348927 0
169.699596626014 70.68963240564295 0
58.41892517608151 54.70131977307624 0
22.54778574690144 2.966985482758268 0
102.0042722166396 48.75752459614401 0
101.1912921848546 50.01948659282046 0
102.8025007885999 47.49410627667962 0
102.1191410204988 46.18506466207489 0
104.3348972734593 47.54994709369885 0
34.91434579122989 4.347237932191547 0
101.6249397666237 42.27176194740542 0
102.3105703101017 43.6034450609658 0
168.303024628908 29.40623373506003 0
27.97670634663885 39.57849552185062 0
33.24444603323963 53.60843889583958 0
32.42390946292437 54.88795609563282 0
31.75161537812079 53.53354719748346 0
197.3275583437286 43.88180681321617 0
185.9986155381825 61.5146827469712 0
185.9821661061656 63.08028555823057 0
51.00951792338721 54.40008616177797 0
75.2119432258352 78.6256135676546 0
74.55348746737779 77.30042650539917 0
31.10742644778774 52.20089853521716 0
30.26837992691596 53.44370884667783 0
35.51339369579526 52.43896183023721 0
117.4068411870046 39.07095896849897 0
118.2046841687821 37.79389809800057 0
119.7096578491462 37.8374433654263 0
36.21655736666825 65.27067093452392 0
151.7588136353892 43.13763888455205 0
17.33116876028508 44.99549654321935 0
13.90742174208236 38.38998465163898 0
37.1581325369236 32.19380695861545 0
188.8729170561749 97.61320141824262 0
190.5664494704969 97.73134087688197 0
54.31156733434713 97.06885563320043 0
29.78189568928502 46.88396668329896 0
180.316305890383 69.45536094187031 0
119.8226248939006 35.28167624303775 0
121.4191245663348 32.75683140702027 0
59.4025487805366 48.1852819104323 0
57.91514131646123 48.12002424204447 0
15.94765583961822 42.37314722033726 0
35.99053520226046 6.736770953269563 0
41.93718750220925 76.05661498122168 0
62.37918009108252 48.31682192522194 0
18.73431679256102 47.67489590759163 0
7.204413969386067 75.05148702114076 0
142.7095596434274 98.48982144198807 0
7.111898804961655 25.14291346951624 0
46.76948534912 82.54158671431897 0
37.16934253017156 47.11415841399939 0
38.67287143689775 47.24851048083789 0
35.71526603657814 47.10156374829521 0
42.76981751052057 25.08297578847574 0
34.96994545219158 48.40408804498898 0
34.24740520209586 47.04257897945396 0
30.45688287869511 36.50824941667562 0
6.847400322883473 88.097121203016 0
43.09196011146598 16.54365155047778 0
70.42075742823727 97.74100839490454 0
65.86436170135116 54.98627967889734 0
111.9912969038651 42.71079222627258 0
173.9775678496322 97.17447321375221 0
174.8128854787072 95.8969338038613 0
175.4728644511821 97.23836147134875 0
176.3085003737123 95.9609402509081 0
177.0119274996995 97.28493688359389 0
177.8139049965558 96.0095946083556 0
106.2822492554754 37.27292682626607 0
78.2839719045536 95.77267496300315 0
79.79691429204161 95.88998048637197 0
59.89956604050004 54.77260209080548 0
60.58500737728713 56.08776313141481 0
61.40175728007844 54.82005983533853 0
102.701348178925 50.08732801648336 0
146.6547714087159 2.643317496501055 0
145.2024231695954 2.701321779803891 0
84.75865655132468 49.30433900405068 0
83.26463311208505 49.23909122819006 0
184.7154382048639 73.04159036940459 0
183.897338188197 74.28299195947403 0
197.1785123109445 77.46049586192052 0
197.8958916227778 76.11260586090577 0
31.07633381479914 61.05016220663936 0
182.304895059484 76.79988909320559 0
116.8746720721631 52.00894946418471 0
117.5590379328443 53.34230332008364 0
119.0577865092037 53.42218457320649 0
182.8033043221684 69.09769276200285 0
174.5926247830626 28.48983078885899 0
118.9467875364721 55.98661807925647 0
121.0071596211222 59.96321134044135 0
189.295286332035 1.184701744198357 0
101.6942637620726 56.53831953885675 0
100.200883819228 56.47331974589241 0
50.53698486013202 81.44289157433253 0
45.29346065117353 82.47009544196173 0
43.89494565121867 82.39952164849922 0
39.48712839749817 7.299200786189331 0
100.8222198143998 43.53488646975678 0
44.8411996107084 20.38899111799598 0
46.46772045891016 20.50437959626752 0
47.97074488346923 20.5392417625846 0
186.8623238052115 93.77783425596682 0
10.70513516632761 70.27886336732276 0
86.74365036945289 2.788162654775086 0
85.21394975433232 2.687195574399041 0
100.9300456862171 40.93157569654907 0
100.2469986330547 39.5956968476476 0
101.0662614838113 38.34206556047252 0
178.0238729998982 68.94157620421566 0
176.1955141763829 14.46571281504944 0
7.318025972354405 89.47926186703464 0
161.4134029518401 25.48979679437617 0
164.5575547727056 23.02253285695553 0
146.7511111366809 53.32501871377296 0
50.90975644487528 20.67628006622994 0
165.3753489054477 21.76449474228699 0
99.50787537513661 38.26366688355924 0
37.73280895927562 93.60875227074007 0
52.82542801981915 80.24580303203444 0
144.4820364804221 54.48830906053112 0
54.42505108545144 77.71939751743692 0
123.9294820991866 79.49166111569177 0
124.6062273077674 80.80039620717548 0
179.2169710838326 79.24519414533779 0
192.1799130048414 73.396737800664 0
191.384300951314 74.66037286972703 0
80.52419292446564 94.57643856492851 0
91.75 1.529408598229999 0
156.3733681183519 21.38617125214801 0
163.6467776271979 29.4309451940722 0
21.74538072087988 47.80560463120416 0
22.68456092166622 46.55712736926651 0
24.14575886914119 46.77616256355937 0
23.67290638305744 45.41936697831844 0
24.85236625001973 45.84791781340142 0
21.911780085784 45.2729406534771 0
15.25997754189662 35.72558112365537 0
142.870571119215 56.99691245392258 0
11.31575214979675 92.31003804583753 0
58.02653342854436 45.52118479638337 0
138.0319009494542 64.52171847262272 0
138.8475456612828 63.27081422400047 0
186.1669419440877 92.46424983710857 0
182.5323303458277 35.25723788472732 0
41.77973902704661 11.97683306060362 0
60.31574019855327 44.34930612090733 0
195.9202617398346 21.83724285180901 0
194.4444197794316 21.76100817027849 0
196.6564614278969 20.51294697602621 0
196.0498319276446 19.23454457371108 0
196.8621480813278 18.00120506507225 0
196.1334482219502 16.67579021103671 0
192.9580447293423 21.67599883410853 0
142.9839886740767 54.41856780052583 0
189.7884217506654 77.16087345397133 0
145.6128864579508 62.27947718161037 0
22.27617868692198 51.90169235505732 0
22.93165857932428 53.21546731483221 0
24.45246789905173 53.24736390682866 0
23.60439840337503 54.5383879913242 0
25.2469936959415 51.95388187943215 0
25.89180075020975 53.34795376231948 0
121.8213145349988 58.69921376862532 0
121.7242922302202 61.28473779642302 0
53.55234313017601 28.52823446329972 0
44.83635354290696 25.68259596338281 0
12.18945686886744 1.312492601921619 0
58.81150559694505 27.47335217304706 0
163.5222666466671 12.61966424088973 0
164.208536184588 13.94663010297145 0
190.7940333858494 20.30664202717335 0
185.4088080945201 74.35691661769198 0
196.149763916104 50.37790068428762 0
195.5347228095897 48.90212160930421 0
196.414960604007 47.62145475331313 0
197.1076892726457 49.0881761036314 0
197.6316309007966 50.44298642820857 0
198.2965820617462 51.64230589526821 0
198.2688098109514 47.72740164434313 0
46.14662539180053 28.24851859262204 0
141.4758280469648 71.13984991319296 0
3.018005237251856 86.7776836517363 0
2.275799684696253 87.96057892822721 0
124.0145563413808 26.42373784963303 0
123.3057560755057 25.086955173505 0
79.73842088028555 98.60846867920426 0
67.83604598067745 8.463450445503462 0
66.34465832604732 8.401445737938339 0
4.288908779057067 91.90633219246149 0
3.581312144171335 93.11247074278549 0
2.882552158152748 91.85027906419396 0
47.44862858771403 83.86377834866636 0
145.2687116292527 53.22894340317039 0
51.84072363889443 53.13396072319657 0
177.1216716901467 94.69236686176967 0
178.6082921949374 94.75102319307086 0
179.3114957369459 96.08294197164258 0
97.97774119201362 88.68465875870795 0
196.2523177255346 30.86496306912082 0
197.7132616268088 30.9684215328252 0
144.2373029013252 76.43892539199165 0
191.4961221681122 4.899604906606768 0
192.9610314783551 4.972973628151216 0
193.6331968896625 6.27464799991435 0
190.8180627334445 3.652738456503791 0
194.3935548409438 5.11380942855115 0
195.0650665344938 6.362534428892985 0
193.9231901310322 3.63666421795503 0
194.3066202476443 7.583804939809362 0
195.7660426405863 7.632913265562763 0
196.6705703158884 6.33874269649742 0
192.3159040838767 3.71036988037072 0
193.0022301712012 2.463606952810494 0
53.7984029745587 40.15424910992963 0
54.59654470192696 38.90149760110982 0
125.7539877667653 38.14834221258268 0
126.5611559147011 36.88626505688681 0
102.469677251731 88.88181292734157 0
194.7828286404839 30.79680192873886 0
40.00455454074428 33.12152986806012 0
56.52173554330485 28.65552092324632 0
55.72426752587944 29.91385790205355 0
123.2278182824914 61.34462412419713 0
122.4204967791116 62.6072337796352 0
120.9134765618175 62.54761852756793 0
187.2493763854408 33.04531817500343 0
44.12157066266658 77.20489732089126 0
59.61019431318831 26.21608557514727 0
60.40850652715208 24.95831306755722 0
59.71809896772167 23.63447274723602 0
61.20595818916148 23.6999828871119 0
61.89842942520118 25.02671663391439 0
52.39447437537363 20.77443645246662 0
103.886004522911 57.92660387606649 0
5.620663572106338 94.47021132820757 0
6.285184243575074 95.76829838134242 0
172.7946130521252 98.57974273231142 0
48.12949479071666 85.21342707739694 0
149.6488789591107 72.79980925912363 0
174.1163604865342 94.56624610759552 0
192.0863664675194 92.686572631556 0
184.8657017081188 70.49124939006091 0
193.8521450122228 51.46554176022268 0
193.0116733646594 52.73334036872215 0
144.1267048910149 79.02493020240385 0
143.3259775157898 80.28690926467767 0
145.6212848199536 79.08848621604994 0
26.57451300417176 1.386998409498297 0
141.7017841416606 32.37490855757927 0
42.4175896361001 9.913512553074753 0
7.339951561747483 3.897859915818721 0
60.60123825524043 72.85671231877654 0
27.23540246254971 98.5188307506985 0
194.2120801030385 10.13723192043719 0
194.8976102445077 11.44645120807711 0
195.6875375161182 10.19783203001668 0
196.3439274278311 11.48900238145632 0
195.5798951078419 12.75369179948714 0
197.2576065063633 12.83923873528325 0
196.2737123121519 14.06681634225639 0
197.162477374377 10.25606129554437 0
196.4463525538003 8.957937098199139 0
197.8637155961163 9.159883766290491 0
194.7926625607908 14.00938929462821 0
194.9909680484906 8.889129859169003 0
146.3017511039663 63.60125984614426 0
19.30733173007017 51.67513091784435 0
8.996041105757698 70.42328797617645 0
190.003434181613 40.81529226999774 0
148.9603987205066 71.4743457258208 0
147.4679514562122 71.4072363107763 0
148.2762391994021 70.14912263269261 0
52.50524125677611 18.16166754034693 0
193.3023887834632 30.7292350340484 0
120.4508527364616 89.67160229652548 0
76.35377982992787 19.18131139519633 0
136.897491662866 56.73855296323494 0
162.8681991206176 28.09225530395255 0
193.8880536816413 68.33500178682667 0
194.6864830658246 67.07752183259559 0
196.1339077003211 67.16728139368242 0
195.4817851579487 65.83633915146601 0
196.8416847925843 65.978056396033 0
196.2576046107079 64.59702843563312 0
197.6170241267407 64.95771258123918 0
197.2917528330881 63.30540776534949 0
194.7934219013778 64.50331417475702 0
37.67700289142064 53.78056647212434 0
38.51335003302537 52.54188122800404 0
191.2184663316344 96.39519621199572 0
3.004279344939789 89.28585661172929 0
52.707032120282 82.84025261830945 0
7.764544659480961 95.84495265633291 0
46.32809221578496 76.05629774867062 0
5.785230344211627 6.284642632365916 0
5.131945632623427 5.123108408564242 0
190.6983663135743 73.33253394286406 0
42.90892640882188 69.45623327422636 0
42.11454251403877 70.63367527529905 0
134.0304449407497 54.02376341921172 0
192.9796409576131 72.14026869937294 0
156.7188641166527 30.43997800817531 0
25.09837861154023 1.461062102445538 0
30.93915757158334 54.78701407480914 0
29.42348359972956 54.69799736130315 0
28.6538233996672 55.97023685464104 0
27.9332438855991 54.67917405761963 0
187.4957936581276 11.1219192493449 0
34.82066915473963 1.272406953576606 0
116.0090299359843 36.40881937462563 0
58.90334353621003 8.102572431700068 0
55.68145010927407 1.332421944466049 0
18.4806351813219 52.95603866652065 0
16.36900260066571 51.56485469103515 0
195.4735403211324 15.335314945963 0
196.7957145637792 15.5036406117401 0
59.91232645187024 71.53265385902932 0
58.42526203029609 71.46516918229266 0
187.9372202505329 34.35992270347263 0
52.02363065091622 81.50572273634295 0
166.6401403328448 94.25020869003887 0
39.99349151549907 52.64602297686936 0
66.03443643217692 32.96305782698047 0
47.4748660734947 14.08182984927279 0
188.9792935811717 11.18977059947291 0
188.3036602113653 77.08822174243396 0
66.72176896566728 34.2939537958444 0
67.40737948858963 35.61788736733901 0
37.75687455370979 98.75151364900231 0
37.74998719345137 1.230589935321483 0
144.9350848599992 60.95983830400894 0
43.87698555249403 12.58737365243888 0
111.302135925393 77.66058015550756 0
49.61557423750656 85.28279369122495 0
60.25326988669006 63.78929501154456 0
42.65814715311562 91.42644144160273 0
21.17292016624407 1.170176871625756 0
149.3121361683913 44.2709205916228 0
116.1251259923864 33.82052047064565 0
66.14919359362865 30.39812943539767 0
189.7840547052664 9.941210825759036 0
192.3098299066641 87.57548767975757 0
193.7838933873952 87.65183391298228 0
193.1132186883138 86.32683181074187 0
194.5920932161805 86.3972483097604 0
195.3914554019226 85.1417293629864 0
196.0479371562244 86.47690908576264 0
196.7509372733158 85.28564443483259 0
196.1541907944626 83.9155862047968 0
143.5660308733842 58.32026506626978 0
184.5080729782518 27.76742812801508 0
40.74918204564079 1.261268750803509 0
40.75655903987946 98.80704909194971 0
185.1935644199677 29.08944076268914 0
140.9064119706877 50.43386827782392 0
141.0194328558915 47.85366719880369 0
140.3298056782625 46.53344697488014 0
138.8384000435934 46.47216840590188 0
150.3342668822994 74.12360221807097 0
16.70456363874075 98.79369870330045 0
99.40119727329191 40.86095289185697 0
69.2439552582195 27.94890284750852 0
148.6969415467364 26.21253846197721 0
195.9709041894641 38.56713243408397 0
148.2254146560362 36.543003067075 0
74.1669036496281 17.79007792658557 0
33.06369281225095 36.55744528613642 0
2.692381673377895 8.727143593983044 0
116.7722790680103 71.433837541236 0
117.5898547702978 70.16815688108638 0
33.84895200040219 37.98407355814643 0
108.3120252470753 77.53067608671219 0
62.09134583399216 72.91755349502421 0
164.6681325709288 20.44948286808318 0
163.1757686127966 20.37272798544898 0
160.246004213445 31.95073840565669 0
66.26022914793893 27.81350611228256 0
67.06291901222096 26.55580934333102 0
77.85048793427536 36.03967552022669 0
76.35504676494158 35.98648791821134 0
59.45331529196928 65.04635952928585 0
57.96475271627554 64.98277617208873 0
42.5127110851413 43.50873924620426 0
118.1280018450981 40.40837043088688 0
116.5962183301059 40.34235012541459 0
115.7958715363724 41.63026331026213 0
116.5194658256902 42.93666466951057 0
115.0055688300202 42.89301928865249 0
65.39738036478772 96.30156961084704 0
43.22088808152611 8.726627126169753 0
141.3536945084352 40.12054126474631 0
117.7317013847878 31.29955042881266 0
137.2386792019523 65.78744325034593 0
67.0359076416531 93.83333771059725 0
140.6653075714295 38.79758379229906 0
76.04967827699306 77.37625404509674 0
69.33474148336394 92.6389767736901 0
116.7493769792476 54.59791445546357 0
180.101823174981 10.7507462631803 0
180.7784651613705 12.09261761935534 0
179.9721999410212 13.35401279763013 0
111.3324820902109 24.58560849381291 0
182.3945725179211 9.568546755636085 0
183.8709473450073 9.660151183110059 0
181.5797724541275 10.83852650433016 0
40.68834270456688 34.44352879665258 0
141.9312204523468 44.02074922709421 0
134.7186790366563 55.3483968065998 0
196.5002889736014 42.45731993772018 0
68.08669790420112 20.12275800629996 0
66.59569982390795 20.06186027244091 0
68.77864272303367 21.44759347956684 0
137.6899757608919 72.26980585140637 0
157.8641835932362 21.4600392997369 0
158.539088163404 22.78119366213678 0
158.6794416584535 20.1924850097112 0
105.3211191425585 77.39984703480344 0
55.33992453913672 73.88863928899872 0
54.65405820670472 72.56741675000514 0
56.13913491756803 72.63670692471439 0
55.45206918230249 71.31758400985809 0
54.19443302543816 82.9055596981121 0
84.29087834690306 42.80170860030913 0
41.65022959194818 64.27828007846747 0
150.3996821760738 37.93234138498261 0
3.227077006470594 84.23256906752542 0
195.6194296136661 46.28722586939709 0
48.88097030995911 52.97279886705817 0
187.0670774909306 88.63346158816012 0
56.02323616467381 75.22277963656907 0
60.71415535632968 70.27185576109346 0
52.74576807996976 1.297426796908127 0
52.00024078714209 2.584105015673323 0
50.45683062878319 2.554484965729685 0
49.75215801125795 1.30092243089009 0
48.25080807658318 1.280295999865871 0
47.41390065140644 2.560382887843311 0
45.9714628378896 2.580343388703575 0
45.24724586227198 1.296420089664203 0
44.50507569090136 2.59753543300863 0
45.19859365741114 3.863377656015572 0
53.48338946133558 2.586966735178699 0
52.57802094022165 3.883735681951691 0
43.75060899988832 1.255866886389271 0
45.11363499127702 17.83998736380045 0
61.99434030330393 89.7097227171619 0
61.34394477210517 88.38220919423971 0
46.88776001777278 10.18575247592933 0
47.57888531253158 11.50630890207123 0
52.75051638958912 98.70126003199168 0
71.64134974599463 91.43712059613189 0
197.2807218626321 29.48553118707664 0
196.3934967918473 28.29410385635482 0
197.1824216284699 27.03446884974691 0
100.887291259274 7.300064636618266 0
72.45086402506786 90.17251595375504 0
73.94762022181907 90.24949669458334 0
73.25635544960622 88.91069673067595 0
74.75207064191621 88.97993792152813 0
109.1544891573951 23.19744295232216 0
35.34657729456998 38.05729501121584 0
55.76766151010128 98.67465068690723 0
47.6286908878774 28.30284637984486 0
45.47279373217381 26.94306830320358 0
196.4545879055604 25.76864105052989 0
77.04803704285113 37.30326389809373 0
61.81738593793465 1.545139476516411 0
155.7049590540248 20.04702245320363 0
57.62513381534002 72.72239149865915 0
185.1054942327422 82.0968750070011 0
186.5942083097649 82.16242455908488 0
187.2826735603617 83.48519991954656 0
185.9048372899474 80.83997829164076 0
187.3953741193721 80.91161475868859 0
186.4830970326391 84.74032482284687 0
58.78334661205838 98.69529590637097 0
58.09918968374135 97.26421479553667 0
151.1082695940815 22.43833377781449 0
52.61674413314412 15.58854460097501 0
54.10469069509915 15.65251986535081 0
140.4667913284375 94.43480663519495 0
195.2488228799959 87.72795971648156 0
196.6062380535268 87.86649192775756 0
48.99938406996261 30.93417200481509 0
48.20172468475398 32.18691904208903 0
48.8876597338694 33.50230037480154 0
47.51456836811047 30.87524950608721 0
97.07575908640219 25.26844741853634 0
96.26548087777945 26.51974554858384 0
188.7690799487674 83.55289944453762 0
186.2568294957126 1.235667407828835 0
186.2790484751071 98.71861130835883 0
185.6638482404096 97.42864008846257 0
187.2850191966483 97.48769203338455 0
61.74206361398369 63.8552956627091 0
149.3801146257485 27.54330430835489 0
64.91683320067168 1.185564638856604 0
96.69982579320754 32.97295457047442 0
53.19821381398783 19.48596432545858 0
46.41093710176989 90.3005963310836 0
148.6738405636772 42.99717523799087 0
14.68591473290329 56.58346076361958 0
48.4827252191261 60.72073458208903 0
46.9999672378342 60.65869681792882 0
47.68595560416391 61.97370690794228 0
195.0180027112097 42.39073825256953 0
55.62111969080994 32.50586811063685 0
54.93196016094718 31.18628560282547 0
57.21274277889117 29.98825369223008 0
43.46198094836578 90.19597898418218 0
175.4739011503135 80.38610203461606 0
174.7811986780073 79.05989304423301 0
173.2935055418417 78.99830161812389 0
174.0867075630617 77.73578567183844 0
172.60126015831 77.67480132471331 0
171.7999775902606 78.93442614828889 0
176.2603027410267 79.11657825802494 0
47.4044749927421 33.44120991343957 0
157.8986535202874 71.86534414674696 0
147.0878995023817 28.73349485746946 0
41.48720848709301 33.19106019213955 0
41.37683542893629 35.75349590669857 0
137.0048350508737 70.9456850789617 0
196.6537839281754 54.28045683773922 0
197.469871294936 55.70712404571548 0
196.5535082126265 56.88576841021215 0
195.1179929883737 56.77457954023486 0
195.8021695259297 58.09221355412737 0
197.2949454859681 58.14494428134504 0
196.4391046651612 59.36303681729341 0
195.003712284033 59.33012299721338 0
195.689783645256 60.64414369809812 0
197.3202041351927 60.56631083710386 0
196.3957054841725 61.95273188630984 0
57.56796362733698 39.03757816206827 0
184.9641392060786 17.46530294876601 0
186.4521070361818 17.53292734833747 0
187.2539260254349 16.27659091190731 0
187.9398717490355 17.59941713438803 0
188.7413910549346 16.34358136122154 0
189.426236125122 17.66466183399071 0
190.110934724855 18.98183634220511 0
178.8911349154456 19.78101199126764 0
179.5818708413415 21.10315783027463 0
178.0927320246468 21.03825490666647 0
176.6029329075651 20.97367690474028 0
175.9100892888491 19.65096795208865 0
175.1070379497786 20.9092717466954 0
174.4161292045316 19.58416620647736 0
173.6097860587649 20.84173999728776 0
172.1204067929798 20.7740414463284 0
172.8169471613706 22.1008108369309 0
174.3057694297617 22.16680042432873 0
191.606086192897 69.49174174445893 0
46.21338572241065 78.6298427160384 0
174.8144417438222 11.81346710740332 0
174.009033907666 13.0730093931567 0
108.2565582057986 60.70289409051615 0
109.0604244248901 59.4422560185123 0
102.329919547197 77.26897159410669 0
61.17699715289904 76.7550537907066 0
165.283626066056 72.28446430639363 0
168.2138639053529 72.38995195159397 0
99.3760024433635 24.0714481362483 0
69.35659321062019 25.36151761881588 0
60.63649958339481 19.80903576441715 0
59.83356673346007 21.0643764921362 0
57.65877887015873 19.6792104251726 0
192.6181898214027 29.40958269807104 0
111.8287677946811 14.26410771452517 0
159.061513563834 79.67729537376864 0
159.8636301080893 78.41778322870843 0
161.3551083204748 78.48224089139484 0
160.6654170760878 77.15847274788679 0
159.1743430849131 77.09413830166116 0
162.0458600666826 79.80581598153785 0
162.8471480268626 78.5462691062389 0
163.5385247103421 79.87033464288442 0
164.3409402063998 78.61091119930769 0
165.8327385838263 78.67614793718387 0
165.1411686618157 77.35164819572674 0
163.6501074528024 77.28718211368187 0
155.0312847335495 69.15665582577329 0
171.3585188141385 72.40534602223764 0
43.59977814279276 70.77555293048293 0
159.1552857374456 93.93168731839137 0
194.7043073287965 83.81310740748455 0
195.4952420683383 82.56846149438172 0
197.212352516486 82.60483738563562 0
49.57298901221777 34.81915095854806 0
54.79354801137818 16.9726866571242 0
141.5753832749974 18.12839351744928 0
140.7731798684196 19.38937057783383 0
174.2770644760236 72.64042751876497 0
126.434162653542 73.07397452724931 0
127.1244561882984 74.39973966455071 0
48.25988331613581 65.85780406729901 0
48.94523653695824 67.17458897239794 0
47.46256752867994 67.11023876545902 0
194.4455167575567 38.50348243376376 0
197.481964888429 72.26949225640824 0
115.1450844370247 57.11792126981608 0
192.6252534148204 12.63988733742309 0
77.38330459989643 29.54587528999541 0
46.77736833971058 65.79236039310655 0
45.97990772296112 67.04343079865947 0
44.4981589602035 66.97343302921733 0
148.8414150379939 74.05680352176662 0
151.0224085583058 75.44747789992908 0
165.8404377065598 11.4227138372259 0
166.5266452717236 12.74775004063938 0
168.0271322863656 12.81082382166247 0
167.2036746524474 14.07729558468282 0
165.0322547820888 12.68137519320461 0
168.8323701939762 11.5502678349206 0
170.326793657262 11.61739603028973 0
169.5210933573776 12.87661550697348 0
171.0161817151331 12.94219476035803 0
171.820896587696 11.68260770862057 0
170.2119655453862 14.20339545482971 0
172.512136428587 13.0076444120476 0
173.3175663348956 11.747601726657 0
173.2059370607009 14.33515200586154 0
92.80750672524894 19.89235330961253 0
48.66298908497437 38.63945744864832 0
193.2039282564068 66.99969449998174 0
193.3096370616452 64.41063589450542 0
195.6250427474146 63.2363837964288 0
128.5153877647905 60.27333500416489 0
129.3206427419929 59.0106407651197 0
130.8195748699346 59.07318398641976 0
128.6363943359046 57.68013101383695 0
127.8261310047789 58.93934444307792 0
127.1446597582938 57.61116142630971 0
127.953697730969 56.35270956673444 0
126.4592440478489 56.28618151220559 0
131.5228135582191 60.39402475271521 0
124.9622874981313 56.22849545233542 0
125.7619336434604 54.96375949786366 0
54.46107787617844 24.69849036141397 0
52.97219620333825 24.64502916237424 0
52.17883452328085 25.89670609413059 0
196.8124481002527 34.763541699793 0
198.2769174149425 34.93353692931525 0
195.8024860628743 74.85209492002593 0
153.6227737917629 66.52930251915663 0
155.2738370713836 66.42842483776285 0
170.9995426033928 80.19312023833689 0
170.3081778338538 78.87012162391599 0
168.8180977112739 78.80517008543653 0
169.6166375129822 77.54543185638605 0
168.1288852014372 77.48186415908545 0
167.3249892738604 78.74104062240573 0
152.5993773345556 22.50598160685486 0
58.08618851202588 79.20298920783821 0
57.39915180225115 77.88002788773653 0
55.91076455895209 77.80892001638937 0
7.46161486180965 70.3366402723006 0
78.87848115137086 29.60415121768991 0
42.7388294816734 38.38031859268612 0
43.53584821164576 37.12987379012463 0
70.83337421262856 92.70180133724881 0
178.4910051735268 13.27245106245224 0
179.167843126411 14.60454347913821 0
57.78797805381007 53.33570359102737 0
160.8780737547057 71.99436236815833 0
160.1892024627365 70.67280811291485 0
162.3986288581365 71.82869822920487 0
171.1160453001605 27.18134210989068 0
66.58459521023983 87.32037581495459 0
154.2081560243536 19.98650648822281 0
37.90949360062739 65.34893614134741 0
194.9091456875797 61.90229558419341 0
70.13629826567963 7.268986562500466 0
70.82861999735989 8.593562026094745 0
72.32438180753257 8.658342744072741 0
35.80476226202533 44.48916399511474 0
157.876746657272 88.68725156588357 0
158.6794580988528 87.42435490215144 0
160.1728569303221 87.48812199835393 0
159.4802859527393 86.16549057078123 0
160.9746148576011 86.22946675513865 0
161.6670475267756 87.55200374425021 0
162.4687997152711 86.29299068980161 0
160.2962068291326 84.90767791575365 0
163.1617352697832 87.61552730610222 0
163.963025039081 86.35296207787215 0
163.2863222211289 85.02952283758721 0
164.780979171763 85.09461398352667 0
165.4632234483167 86.42025983289469 0
157.9963035413798 86.10043122061089 0
156.0765101346059 79.54875540825242 0
156.8775810925895 78.28856017349872 0
168.0653709338093 27.01360371463687 0
158.370554144231 78.35312499162652 0
169.8379486236331 89.19616580550733 0
169.1454776437833 87.87015556626778 0
167.6510452466372 87.80660431456273 0
168.4531473915159 86.54444099631414 0
169.9497417622108 86.60924968423711 0
166.9582229984041 86.48435630613918 0
167.7713624587953 85.22245735350128 0
166.1553766814359 87.74351026044097 0
170.6404139179888 87.93382525185609 0
172.1344044940945 87.99650745705935 0
171.444365067992 86.67287231168912 0
172.940178456489 86.73461612592749 0
173.6290954093576 88.05886114269533 0
174.4380601945212 86.7972879147942 0
175.1235685250165 88.12067975704596 0
175.9306418683569 86.86037047073802 0
176.6171579811727 88.18281037715536 0
177.4187534073568 86.9211119858916 0
178.1095468304888 88.24434740685399 0
178.912368595311 86.98323231264919 0
178.2303395749865 85.66607683819527 0
179.6064264726438 88.30835738165602 0
180.4137250593676 87.05495482644368 0
180.3003464044048 89.63908356558117 0
177.3103076392912 89.51009181112633 0
172.8274444045223 89.32259773768985 0
183.1033675577967 75.5389753455128 0
183.0070753609593 78.11984081938651 0
181.5042486161536 78.05680762641009 0
152.2452103250008 63.88679960694348 0
69.68846322572411 84.86127956481495 0
68.99954516803157 83.53366047208709 0
67.52278291301033 83.47034147008634 0
68.19712590864044 84.797223292166 0
68.88446055255454 86.12364689065261 0
183.290132898441 1.274106129982798 0
182.5355804710285 2.601362198467342 0
184.0312414703056 2.478933226355174 0
166.969773421149 19.25039895672073 0
169.2686995662857 85.28580676921089 0
50.2995704125458 86.60629070593316 0
125.7505027025225 71.75184698294792 0
181.8713817931556 19.91186806003918 0
169.6337666880586 94.37457312966123 0
75.91181515668883 79.95840413699318 0
76.59917481904665 81.28356414911427 0
66.37343322429703 25.22963053481621 0
6.020389298240502 17.69285351406303 0
54.32412519385024 10.49620959998735 0
52.83514281862428 10.4343176776693 0
189.1931418510598 22.81777729342379 0
62.07832320668365 56.13697397611348 0
166.5234796944827 79.99978792896661 0
136.885992659241 73.52944946395007 0
67.94116862103876 75.76051585271898 0
68.63061623244326 77.07798592596558 0
70.11541853074631 77.1373607948638 0
69.29578358050125 78.39596061612687 0
150.9742591993644 61.26590807073565 0
190.4495332746548 28.02713078827937 0
79.34450594878004 36.10472938599391 0
176.6476374720972 71.44748752263429 0
194.6756040461644 16.59922573833341 0
73.48154737150412 83.72951462926683 0
32.72882456606484 61.48835394131693 0
176.9337685931807 27.57594871516172 0
56.44287056439803 48.02994462633063 0
46.27087062759227 25.68673625572131 0
146.7849789837552 70.07840434678856 0
147.5818179021298 68.8230095765114 0
146.8869493695137 67.49685393597098 0
148.383383418968 67.56643553212909 0
145.396093630168 67.43611523293515 0
146.1961505796417 66.17725983514042 0
121.0617748863531 76.79459110268894 0
122.5473482238489 76.84182931037996 0
159.8542870568939 11.16231400730632 0
185.4215136340051 23.93952558800898 0
115.3201880972882 35.08299567978658 0
47.12610586067151 74.80967636386799 0
41.63430146307911 47.39161487359738 0
162.1490861790092 94.05745715843977 0
107.6811500019091 56.79206682649966 0
156.8698058822205 11.02305890173656 0
155.3722363370917 10.95601696943876 0
156.0636360580018 12.28335272844736 0
146.5100526817248 41.63527027985326 0
151.1756719038839 36.64733489905857 0
132.0591800557664 30.66030273265974 0
163.755397196682 24.28009687655942 0
162.9414952524961 25.54064474136591 0
62.77951442409636 74.24034271104151 0
136.0009425560249 10.13212440679068 0
135.2059084048763 11.39188221631908 0
133.7095699696081 11.32101362127999 0
134.3843766890072 12.64667400001009 0
67.885369095066 1.21636415657197 0
69.32745998899799 1.251275528608147 0
70.1540519685295 2.490273373790558 0
54.19381956478804 66.11628448522288 0
143.9932475575897 31.18286855562625 0
150.0814945894243 12.01997488127137 0
139.74649723249 25.81841407869206 0
66.45936680897356 5.819190491093522 0
133.5505861682886 30.7254749042711 0
165.3517258313636 89.005342727979 0
132.5395175402959 53.96277877386684 0
73.33798180679297 72.11001392951937 0
74.14144245601071 70.84932341082281 0
72.64736473154774 70.78421109943025 0
73.45117431146051 69.52306392495305 0
74.94535917541013 69.58796987742755 0
71.95730759995868 69.45819542689748 0
72.75799356046744 68.2006778491521 0
71.26454444089313 68.13624577777519 0
70.46374302544427 69.39321855411995 0
69.77209014400606 68.07117372833916 0
68.97171305263092 69.32736939724165 0
68.28049588179708 68.00589877085059 0
67.48026456528763 69.26187125420614 0
66.78825071874937 67.94165224603086 0
65.98764112491979 69.20018425374909 0
68.16917194742896 70.58679474516994 0
71.84368631652187 72.04493541433692 0
71.15337897670861 70.71893663054331 0
66.67697034108602 70.5250396855959 0
64.49596336663976 69.14112994741191 0
68.85791186140744 71.91310784095913 0
64.09472815317551 43.22003841461404 0
62.60484716206656 43.15831836520847 0
63.40570818680223 41.89832850296682 0
61.91622825524823 41.83725387374297 0
142.1840471012263 89.31652714541039 0
141.4924106731281 87.98861922671385 0
139.9971407213528 87.92375503494878 0
140.8041686825191 86.66134647069609 0
142.2976083439319 86.72612889836307 0
142.9892605206078 88.05384070855925 0
186.5651660117514 31.72725876870936 0
76.47413778033824 83.85894397064581 0
140.4365226144377 27.143286479069 0
138.9438010163036 27.07797953133675 0
139.6336103579591 28.40252597116536 0
138.1407407863117 28.33791528325956 0
138.8303391688116 29.66243492124607 0
138.2537875167413 25.75296885013899 0
55.28259928488613 40.22348445893363 0
129.0729994678211 30.52968412022961 0
175.7469085099192 1.297006677375947 0
174.9540061112213 2.570723570330529 0
173.4932458026103 2.593093049432326 0
174.2232432412094 3.879904338805645 0
172.7460484025976 3.875611211980399 0
173.2925418885925 5.169198497398334 0
171.9988925969488 2.593428676530266 0
171.2500610574206 3.875881208212107 0
176.3378800082401 2.551627024282752 0
180.2770791293955 98.71316069623063 0
181.2022731766171 97.43767650174428 0
43.99352626462729 43.57210786271636 0
1.282894689168572 21.11129455093284 0
2.643444452689863 20.31449039803259 0
1.282894689168529 78.88870544906725 0
2.565514936335489 79.62944623213571 0
2.643799240228347 78.01442025545987 0
1.143770910204523 18.14811278887237 0
1.506801717210905 81.83815367981772 0
169.7501682909987 1.29887516139717 0
169.0010105992692 2.597858169870847 0
167.5008212246188 2.59781943030584 0
168.2515118869783 3.896201950310129 0
166.7520736912849 3.896197209244491 0
167.5016392646143 5.155466683239425 0
166.0030787387682 5.149376218674718 0
165.2534749318262 3.88919255257921 0
168.9443716032543 5.155731299691759 0
164.5046480463822 5.135213562671112 0
163.7550473383516 3.885981524282364 0
163.0062390206967 5.13264563469432 0
162.2566322600894 3.88533174588045 0
161.5078154922215 5.119989817382447 0
160.7582018035022 3.88342488079234 0
160.0093748425861 5.117896111985488 0
159.2597479761778 3.883145415799596 0
158.5109867441122 5.180854945564064 0
157.7612773807347 3.899023279164609 0
157.0346605896344 5.260186207633055 0
168.1702383512581 6.543651801234212 0
165.254250947812 6.491757160563701 0
159.2640104878134 6.502361163736168 0
162.2575380138322 6.453293174979088 0
160.0085782521211 2.600431869130354 0
163.005434553929 2.599527469382039 0
166.750551733237 1.29907306694696 0
170.5007735994403 2.593824630730282 0
169.7410234715944 3.886339709770262 0
170.4984120832038 5.198540999806426 0
150.3135304171184 6.832343414506965 0
11.39837713396756 64.00189786117177 0
54.13600131136547 32.44266497144588 0
72.23778589066988 1.243077138812687 0
73.7477940274309 1.240540067357308 0
74.59348515092087 2.50956992295631 0
55.96953131684004 41.54971083483932 0
145.2474183982928 36.41248987680612 0
146.7364976378323 36.47765998411147 0
157.8142735866581 6.312520606844551 0
165.1390872615807 98.78350942051917 0
1.270263298954646 24.16905908171101 0
1.21335203412012 75.92896516954141 0
2.607013471055922 75.26015653153161 0
106.9975711586345 55.46474026222955 0
135.1679561979627 78.63782293574253 0
1.191366879334737 84.85680687647132 0
1.249030576627149 15.19330466671097 0
2.502555417404707 14.4838596702379 0
51.7977876842826 69.87319147786859 0
136.6475079771437 28.27266384838753 0
145.5992242906612 28.66467742903859 0
113.8254398055985 35.0180959045721 0
193.1891607870345 33.30133221154465 0
80.14760155519622 34.84330425170963 0
189.3456967368009 3.594456841501739 0
118.6471949153328 27.45178425586123 0
76.74917545966316 1.267232120300072 0
78.24975500034542 1.262226301277906 0
79.09275934514881 2.561233499281073 0
80.5866656435642 2.579841709077968 0
81.26411722964434 1.282088335728368 0
82.76139968159583 1.285586872576232 0
83.59006750140746 2.608555727177688 0
84.40049200301428 3.943635282521001 0
195.7063752454229 77.42199353512299 0
146.6332596606323 22.23653967239137 0
145.8299492429261 23.49618722853123 0
117.7003038430788 50.74332029112944 0
116.2005026708256 50.67302258954957 0
115.5280574999297 49.34760884536682 0
8.292935564081347 66.54213693682559 0
111.1399213004158 12.94058864803019 0
111.016683103487 15.52218674960225 0
109.5273442408996 15.46266438009825 0
108.7138308912823 16.72188789138599 0
157.653860696816 98.75961790292624 0
126.3336810180452 58.88398933813851 0
143.4413315941839 60.8924857729512 0
74.62619305471773 7.462449247555085 0
75.31847657750198 8.788681922266356 0
76.81477525751444 8.853456646653569 0
9.34231136675794 65.35116891279159 0
46.66586116275288 68.36301840550442 0
150.2452469128052 98.70027078177378 0
150.9989245681355 97.4199859833404 0
152.4791460131145 97.46295813998657 0
153.2462979245962 98.7393375596034 0
154.7452869248489 98.75629408415372 0
149.4999999845522 97.4023574290711 0
150.2499245630486 96.10403988514513 0
148.6989276579082 96.07934748234574 0
153.2498319935432 1.298941107103559 0
151.1371473399543 2.740602417279703 0
189.7640813975756 26.7090700853271 0
44.56407316481111 47.45257724516339 0
46.05727096551577 47.53297759756617 0
42.37208151500488 48.72316760869592 0
40.15124299954584 47.36912773345649 0
152.9275953479089 31.58316749144448 0
149.8318750627726 58.58422766963022 0
148.9426516527661 57.20304843914402 0
16.05158710434544 59.21194717399904 0
142.1779425863515 55.67327416155358 0
142.0641433708951 58.2504624664722 0
145.7687749564291 1.304827503958194 0
143.6608795050534 2.749428202578592 0
142.8130576763476 1.461699491289608 0
142.1955680333986 2.952027522425226 0
148.1521531936297 2.596785883956613 0
141.2718985196337 1.769703117057148 0
140.1272585156557 2.775037245632525 0
138.6731809951126 2.36821424269246 0
139.1445848080787 3.974972927588396 0
137.6230961890233 3.467352632475666 0
141.0507142912763 4.15716141727961 0
137.4261843358844 2.206188638618414 0
136.1472350075219 2.747350181483768 0
136.5203124558305 4.472996219559782 0
135.078301080541 4.006871553095472 0
135.2894919274577 5.459042528493981 0
134.1485346274033 4.877111302396372 0
133.6332621358027 3.805332061775466 0
137.9108487279351 5.009054609910017 0
139.1924528097086 89.18622451264082 0
138.5044840905047 87.85868991199631 0
158.9940068935732 29.26525845971121 0
158.1916437884611 30.5218839806238 0
136.5503321566387 81.29115958678705 0
137.3538000844966 80.02967546304757 0
138.8483218030067 80.09493378203543 0
138.1578309939107 78.76848314824244 0
117.5029090454537 36.47070896590809 0
180.9202606466916 74.15462290496963 0
179.4123636813422 9.423947235785263 0
145.1762612341855 89.44672639842989 0
142.0415900315228 41.4438521910915 0
113.5903380659346 40.21957789347911 0
130.0988045594226 91.38416298851126 0
129.4068768323883 90.05658525759463 0
127.9114428311569 89.99219726559339 0
128.7239125861959 88.72863630062258 0
130.2227928182254 88.79356450922475 0
130.9087793988963 90.12175397560247 0
132.4026594584551 90.18774001415659 0
133.09552933664 91.51704587506028 0
56.19555432375101 36.39820255425899 0
139.9769115152193 37.47453165974019 0
36.52703939511301 62.74318336190385 0
120.6215250723741 34.01761269116909 0
52.35781753634992 57.02818229428682 0
79.48589539431086 84.00359982998435 0
76.32692894918728 72.24090759177165 0
77.13075759226183 70.97950084099887 0
78.62544182978746 71.04473584063214 0
77.93446821842031 69.71796707636628 0
76.44001194206892 69.65289974977847 0
77.23922130616415 68.39522522339846 0
78.73271610810313 68.4608123281956 0
75.74453862314755 68.33082347186132 0
74.25009988309725 68.26686673848459 0
133.0170478815711 9.99920651936386 0
132.2127036469831 11.25534060956461 0
130.716269394047 11.19628458018715 0
131.3883901645281 12.51633945384083 0
142.0539458473274 75.04915369317901 0
142.8560799648196 73.78899530537763 0
115.4321342533572 32.4957858691543 0
123.4515373983504 39.34700229712215 0
124.1406982854702 40.67208245229624 0
123.3383426939887 41.93128058224556 0
124.8299448708915 41.99636055088047 0
124.0277784147689 43.25530621767797 0
125.6333150070731 40.73632366697632 0
126.3213406971738 42.0619765753091 0
122.5361056393128 43.19035906808734 0
123.2256377436898 44.51448880725667 0
124.7169887213943 44.57976724796563 0
123.9177441626807 45.83684709923562 0
122.4241026875125 45.77315942929262 0
123.113423964574 47.0968434366218 0
124.6103231560541 47.158366822667 0
121.6212425716981 47.03249951414497 0
120.9315383628362 45.70866612557116 0
122.3108268593022 48.35642857346246 0
128.5270565191625 9.802567718685204 0
127.7223515281959 11.06021384955851 0
126.2169463680774 10.99885752051095 0
126.8894565095093 12.3139550168016 0
129.2193763759469 11.1244438747202 0
130.0212169651265 9.870089256320583 0
125.5279681991608 9.676421038113169 0
124.7141192941932 10.93133464202853 0
140.7900427850726 53.02343206721698 0
142.2854999666315 53.08697465598277 0
140.1032749472517 51.69728862984758 0
52.08425373250716 45.22228725481999 0
51.27580373653961 46.4687327399513 0
51.94458390950264 47.80061630715378 0
50.50625431588134 47.78984155214887 0
133.5649570313803 47.54163490586356 0
132.8762837430221 46.21801431780926 0
131.3856061815519 46.153296338347 0
139.5392324217335 81.42130603686596 0
140.3411857420024 80.15808566855588 0
52.94560454090159 7.855606042814124 0
69.7049845400515 34.43157100829128 0
148.5869531697724 11.95314907306014 0
149.2754095343828 13.28213523609344 0
148.4704134337916 14.54306036233723 0
61.96560155121133 58.70408585493812 0
124.0319743547359 9.608898850243058 0
123.2243214630725 10.86609450045785 0
121.7252737056673 10.80312233309394 0
122.3962222707869 12.12029848487246 0
121.0363043432015 9.47449309614553 0
120.2248167250465 10.73394497419854 0
119.5399964981685 9.410795541409556 0
118.7345773769489 10.66951468124077 0
117.2426926411143 10.60963993429357 0
117.9284334716035 11.92238613945194 0
116.5502055450465 9.280566632561843 0
42.66907570868357 57.90695344024184 0
115.9473760323987 55.85793988985812 0
82.10879229487128 7.783707247237196 0
81.30633108135271 9.048673618971705 0
79.80946770555887 8.98378558036454 0
79.11676444310628 7.655122160099829 0
122.2374431676906 31.50633332429912 0
122.1429001237672 34.09421032695123 0
79.42826031288521 69.78368416865358 0
80.923825997791 69.84778150735299 0
80.22673092124684 68.52589936357003 0
81.72132267077531 68.59036579766955 0
82.41776529552527 69.91277240326485 0
83.22017580718861 68.65379433048236 0
83.91324467961665 69.97714976202303 0
84.71819283876717 68.71555273432443 0
85.4088247060098 70.04084769141662 0
86.20816649140319 68.77971129738387 0
86.90304247713219 70.10453858565077 0
87.7063972035547 68.8412961589564 0
85.51287197525826 67.45962370131865 0
88.39860837307154 70.1688860216226 0
89.20377877282942 68.90686502116662 0
89.89436311754368 70.23313648530703 0
90.69428011114012 68.97250832784266 0
91.38865579885189 70.29675870787327 0
92.19095143781918 69.03828338943703 0
90.00233645526407 67.65535795156032 0
92.88393736180126 70.36145374198665 0
93.68921033953683 69.09996693650683 0
94.37966738715849 70.42515508603613 0
95.17937905325773 69.1649584965229 0
95.87407934612392 70.48880935089343 0
96.67033436104857 69.23210595276404 0
94.48736028293749 67.84861388318646 0
97.36919282568411 70.55222250529219 0
98.16451419437496 69.29667673629577 0
98.86424850785113 70.61623794665717 0
99.65918448147706 69.36091403366638 0
100.359249752012 70.68023950986773 0
101.1539016986703 69.43052449551098 0
101.8541830246375 70.7442336826482 0
96.56741402131345 71.81923526369602 0
92.08153199341122 71.62647593722569 0
87.59566481966141 71.43316018393581 0
83.11009131948126 71.23981781181605 0
102.545029320502 72.07817809909089 0
99.55842074782498 71.95017159257893 0
76.93378620014778 90.37327787576757 0
77.74035922360952 89.10794487572615 0
79.23637329884694 89.17454009358072 0
79.92644318639498 90.50821569298168 0
127.1049427079926 91.25316104250081 0
126.4183961683202 89.92642623622773 0
127.4674713131103 33.04851725582394 0
128.1623363825132 34.37148398597585 0
132.292812893331 75.92034298137075 0
61.56793373440844 32.76792639731507 0
196.793791506129 68.48180413058537 0
198.4696470469646 68.51300039572131 0
69.14066138705834 47.31887767583427 0
69.82976005415489 48.64722193116476 0
71.32098504325089 48.71252325462883 0
82.92131936749668 90.63862209329892 0
82.22996026300203 89.3061792742714 0
70.7362848498296 28.010960413022 0
128.13608391798 17.53568407551395 0
133.9166371424152 56.61055873472542 0
142.527240337917 81.55115390022459 0
99.3396087106769 77.13787403239112 0
124.4749975533229 83.36263216892311 0
77.84692664274304 19.24352420952884 0
75.55343180977351 20.44514457847838 0
60.30208638100624 27.5434944780369 0
127.4665695139263 83.48991260775486 0
128.2712373368329 82.22676518808426 0
129.7666991885809 82.29160951198196 0
126.7795771479474 82.1692518093987 0
130.4574354909897 83.61884510094359 0
131.9529315773445 83.68439440211831 0
129.0758311885523 80.9643878756165 0
81.61506623721604 71.17491845124826 0
138.7164268043557 32.24547178453332 0
112.2491758889119 20.73440119185529 0
106.9666923747016 21.8049597218095 0
61.80422265426107 44.41553054911187 0
43.31013095803479 42.25742574023373 0
140.3242931922322 29.72712086165763 0
139.5209550342588 30.98590809714726 0
110.0350777932911 36.14617676348809 0
82.10401968338832 24.6068405875586 0
123.574939773198 53.58891194333713 0
73.61580375707808 47.51522579884689 0
74.30532640703586 48.84482037167653 0
75.79763574305443 48.91012889675846 0
194.8099030672728 81.24096260016995 0
112.7498835379136 98.70108357078607 0
113.4997663024007 97.40227187781936 0
114.9994726104546 97.40218762972565 0
114.311007377228 96.08652038375749 0
115.838899040526 96.09345624503243 0
116.5144620557005 97.40953328965989 0
112.7746294452006 96.0533531909926 0
109.7500339853531 98.70109731731029 0
110.5000000074869 97.40222532353584 0
109.0003530043968 97.40216003010363 0
107.5005178986204 97.40215923993192 0
108.2445088885432 96.13668681959351 0
106.7447698019397 96.1352518111957 0
105.999532178703 97.40745249314907 0
105.2425541570522 96.14432408957451 0
150.6297009131719 32.77245170752288 0
105.1334313450698 29.51100130450314 0
104.3281637725526 30.76680454106528 0
102.8346788967396 30.69999584833371 0
103.5062894892134 32.00616436972565 0
105.812848457073 30.82110533222068 0
30.17456344999967 39.13972362751377 0
6.063036690085582 81.7720353077154 0
187.1375319449907 18.8552314728657 0
60.14144662966608 66.36986430118579 0
117.0399725321089 29.97381752181514 0
85.1046740864666 7.913542946371116 0
84.30141537324141 9.178455035074769 0
73.12932935372278 7.398006587809981 0
116.1908666034552 84.29393165489579 0
116.9950640976008 83.03960238731494 0
118.4911723557688 83.10124357947805 0
115.4989407372015 82.97644066899971 0
116.3232230612359 81.73835395963127 0
114.0102766526071 82.92567477252786 0
119.1829747294224 84.4254895430838 0
119.9870796964645 83.16634769031657 0
153.7234793421821 30.32493016623584 0
106.6226745996282 29.56460160841457 0
132.1871331164327 44.89443576352567 0
112.0041503617422 97.39385161057839 0
111.2436546727222 96.15368472506316 0
109.7376979738581 96.18070681182098 0
104.747518494602 37.21330069904019 0
103.6400638056973 12.60776891825402 0
102.1690604962063 63.02917854169777 0
83.96211250132961 84.19342766276081 0
84.78695808292427 82.94553247408463 0
82.48630845331948 84.13072510694931 0
74.53089738302701 43.67512434937119 0
75.3330735452713 42.41408532041809 0
76.82580911811746 42.47926524269777 0
73.83999613568288 42.3499581938359 0
73.14882912478319 41.02414386698443 0
76.13503414182 41.15220504169804 0
93.75505188396212 83.331176727672 0
85.91645446225063 90.76684403805469 0
85.22522985260711 89.43650030381293 0
87.4141333512066 90.83127672457007 0
1.282887883397322 40.37040891938643 0
2.565643902764052 41.11108904217892 0
2.565683749751202 42.59220079783259 0
3.848202781073269 41.85168979041306 0
3.848353132795467 43.33245826497896 0
3.848136463845719 40.370485733127 0
5.13059319522597 42.59209245843829 0
5.130748791770813 44.07262504677567 0
6.412797188360329 43.33230670374507 0
6.412960037674665 44.81268828495842 0
5.130923393976218 45.55309226959855 0
6.413111223644862 46.29316291926607 0
5.131175245963362 47.03354128051847 0
6.413257530066488 47.77367343451778 0
5.131567659771719 48.51404456044038 0
6.413473562527415 49.25406742146144 0
7.695326334885848 48.51374238289939 0
7.69552784255886 49.99398958679918 0
6.413760434617018 50.73430086398558 0
7.695825631093015 51.47416146393437 0
6.414067320506092 52.21461072144571 0
5.131872059598308 51.47465172775236 0
5.132344723645815 52.95504827251618 0
8.977210678483459 49.25370264439898 0
7.694865483558061 44.0723002133044 0
8.977039470413956 47.77368137208763 0
6.414444312751513 53.69497857659876 0
5.132733389949777 54.43546684516745 0
6.414835271046528 55.17534120030987 0
5.133153152435256 55.91586105547378 0
6.415191072323964 56.65569080724531 0
5.133548518668135 57.39622458101997 0
6.41272852550351 41.85193698896894 0
3.848745418753992 46.29413794447789 0
3.84945122598991 52.21690656433946 0
3.849453189545471 50.73494728650852 0
3.850197619840841 55.17788961341003 0
10.2468416199473 48.51352727767956 0
10.15953060262757 47.02979805319489 0
8.953931678355204 46.29240455153619 0
6.368684965314145 58.13604511178896 0
5.125940828976056 58.87663068211825 0
3.851436013510394 58.13674661032985 0
3.851480983336543 59.61558003188993 0
2.569321854503727 58.87734009487783 0
5.166677361090166 60.29808494244099 0
10.22085092746056 49.93103692831013 0
11.47331668026303 49.22389216070697 0
7.607599607851853 55.86996642820031 0
2.542692859455414 60.30893719707719 0
2.566003980371107 44.07310567568941 0
7.674639794808272 42.62688971148176 0
9.170103125742656 43.39669774699325 0
7.860895683510492 41.01164609618534 0
6.41293430702386 40.37177177930575 0
8.964782615822955 44.88050924541842 0
7.689127728305806 45.56410890693367 0
2.565648319261243 39.62980251152678 0
2.565841797123483 38.14876936135958 0
3.848186365721602 38.88935365586015 0
3.848432940699951 37.40847855750285 0
5.130503671786741 38.14899529954097 0
2.566151073349744 36.66791556955366 0
3.848615704855547 35.92772636640531 0
2.566076458130851 35.18645096766915 0
3.848961784170726 34.44709747094191 0
5.130942484395845 35.18766089693535 0
5.165825535001701 33.80043167582139 0
5.130477569602917 39.63026077349157 0
6.412564095585594 38.8894081268346 0
6.443938297632258 37.43495315515417 0
5.166954037220975 36.65460719962033 0
7.836423016969292 57.47987240822808 0
7.59966076438478 54.42609189897978 0
7.67932361008279 52.9517828656084 0
8.974266960128801 52.21233656086501 0
8.970489269838012 50.72315816965037 0
10.4452489640698 51.42433012294227 0
10.29752054270566 52.93855708158235 0
131.1230707584888 17.66666370062427 0
130.323399756096 18.92767013187364 0
131.8170037235906 18.99284310944925 0
132.6184567944299 17.73175798050814 0
119.6418325031606 57.30832621297796 0
80.8381122988697 19.3734497770463 0
138.9499275849883 43.89313070665122 0
146.9509909572687 48.10551213050081 0
147.5608410040954 49.37989554682575 0
123.8185432570003 28.9747851390116 0
124.5345868168325 30.31222412328566 0
172.6262399618107 10.42136782238369 0
61.1162998785745 43.09135479231166 0
85.79887965000769 9.243488282795127 0
102.1415197688793 29.377064112277 0
101.3254816975049 30.62185545252261 0
118.1230416714805 90.86317553571538 0
118.9431603136577 89.60345367113689 0
116.6244205884131 90.79825512721783 0
115.9413505605023 89.47037071190799 0
114.4478107358441 89.40411304107431 0
131.1604366436597 51.31698134960243 0
132.6525062857393 51.37950324628472 0
96.73585544073875 83.44418373854393 0
128.8548813687597 69.30342891594226 0
91.54103876579694 50.89887718344423 0
90.85038148111238 49.57744740785275 0
89.35659600985497 49.50811279770451 0
92.34438219935373 49.64370098587874 0
90.16017578376932 48.24614977132642 0
88.66615462425602 48.18085934204525 0
87.86220858782652 49.44706871040732 0
106.7413511140823 26.98593415768667 0
142.7317535136741 25.94914017446447 0
130.7989011937698 75.85510065165805 0
130.1092784747692 74.52891833678716 0
33.11530014337274 56.21242006351678 0
33.65250182859756 60.0988825954215 0
108.7091822509324 83.96719088068934 0
99.72946554728797 83.57489947173664 0
108.8815777102489 47.76965517751698 0
108.071474609514 49.03388483328971 0
86.96368744111882 84.3296352541862 0
88.4816212630495 84.39041516864256 0
111.2207604875266 27.16767716006394 0
112.0202967174327 25.90140746391963 0
109.8438390826499 24.52469301944088 0
107.6586581611677 23.13258041193783 0
134.3756896981585 63.0724108403996 0
78.09393847135799 47.71150499861291 0
78.78389594897799 49.04212213737598 0
80.27709417431434 49.10741653426115 0
102.7229085093802 83.70565439723268 0
105.7161585947457 83.83641909794387 0
144.485889718152 88.11925624762605 0
1.283369741973459 35.92674881622072 0
92.58489309478404 25.07542496420891 0
91.77073960599857 26.32972669151315 0
90.27215616074182 26.26383599011087 0
93.26469529862678 26.39321329526149 0
94.75952514445962 26.45574239275879 0
37.50756488724737 39.43460400907347 0
86.60146125562089 24.8161240899623 0
87.29347894244596 26.136695883683 0
85.79047898479995 26.05436950676017 0
88.78086975785311 26.20194881001615 0
87.96526860996701 27.44418011358593 0
85.1041976345025 24.73840883367951 0
1.299287896946481 27.05264261847373 0
2.562014099545252 26.26067426779108 0
1.221618058507417 28.53706478049218 0
1.359226393524821 72.83484796656276 0
1.283037971792908 55.1847959532826 0
2.567907943917589 55.92135296055944 0
1.282882353117287 52.22160711694595 0
2.565771174776799 52.96287456775501 0
113.6318734980835 90.6685608146187 0
112.1327698337231 90.60355728714759 0
111.4504703433459 89.27448261147502 0
109.9570752103729 89.20788038833398 0
109.1401014848147 90.47279782563731 0
107.6407213918875 90.40756480454286 0
106.9591384007697 89.07825941522887 0
105.4658870868654 89.01161618932501 0
104.6479980452094 90.27672648886639 0
103.1506605848687 90.21199758157087 0
1.528150564462123 12.24564858549473 0
97.90345457181718 57.67141309767653 0
97.21280796764195 56.34277861315086 0
95.71906167815668 56.27777886838905 0
157.7518016835094 1.29955353655064 0
156.250392546001 1.284513883058601 0
155.3854688567832 2.645075593061755 0
157.0003541879038 2.597645162854562 0
1.282796897365785 49.25898763972731 0
2.565893691953903 48.51800018252664 0
2.565880932649947 47.0374220877666 0
1.28299554720256 46.29609373305865 0
137.4715034535661 94.30325316276544 0
193.7604092661076 37.18687887086129 0
106.4614444228477 51.55551550432656 0
105.6550686549358 52.80781778226395 0
136.6622229812249 78.70296061428792 0
112.6243931198952 63.48477099108653 0
143.5460916745341 75.11363812994469 0
122.890022685401 52.26139889991573 0
158.6893667717295 70.61296026861888 0
82.57444399029627 47.90764712753345 0
90.72285688106997 32.71252509704192 0
89.91868874591884 33.974035959474 0
88.42366036243993 33.90874871418563 0
89.1139855256815 35.23538825715217 0
91.4130664389352 34.03912021796965 0
87.73262294543942 32.58196730732125 0
86.92847804231819 33.84311056509469 0
131.7238568321367 38.4059052344127 0
129.8948004330647 46.08777023072532 0
18.48405580480195 38.55203390202466 0
190.6770758959345 22.88419272739221 0
89.55954468875764 78.00774983284477 0
67.07381067517719 43.35226659408693 0
67.87480125858502 42.09264700604691 0
69.36528308225087 42.15615232405239 0
70.05515624011863 43.48097631276146 0
70.85718379710985 42.22172717319465 0
150.2501680064568 1.298941107103559 0
123.6431467467189 17.33875981470989 0
122.8336002561522 18.59619587609953 0
125.143711937533 17.40535663720485 0
124.3388293667786 18.66625429479649 0
108.9470024903943 62.02889985977701 0
81.30447178888306 42.67229436531296 0
1.27247227617238 31.48187889389839 0
2.578986904675304 30.63174745479628 0
2.507984768359833 32.20804546375766 0
1.271543739200553 32.9607620322568 0
2.554069195706617 33.70316805930275 0
57.27425365285667 63.66812934331654 0
89.81452800616688 19.76254213634452 0
47.80948272754481 76.12789448370189 0
113.1993167638298 84.17670207179036 0
111.7021596877896 84.10333191456999 0
136.7857991075692 59.32091852119505 0
133.0961461721982 74.6595504320436 0
96.39421824567746 7.104488202285111 0
155.831201325306 67.89949957152882 0
145.709592510373 98.65777842539984 0
85.32558574159147 19.56772577681181 0
111.5124817456655 72.48478332850047 0
112.3165960595535 71.22452244747276 0
53.97145628614373 54.5083660764952 0
96.60523203893241 18.75864907650262 0
95.80104023965231 20.02214348303414 0
79.00921931261489 43.86945330799261 0
108.46300016652 21.86981306328459 0
130.5826846718837 64.2484862065598 0
99.1250845030667 46.04309891615711 0
36.59995462762761 43.24206594943608 0
91.87594916397308 40.5408496890765 0
90.38149952640737 40.47585250477391 0
89.57847192101411 41.73684002434597 0
108.5146201787745 72.35374999804131 0
135.5077106154439 70.87978345961891 0
77.6196223947114 7.591277544835208 0
130.7604635524563 98.69295044167579 0
131.5 97.40223161660575 0
130.0021315149925 97.46491274296034 0
129.2523331804874 98.71007665511161 0
128.5013696338066 97.41400187380503 0
127.001238229407 97.44939039695103 0
127.7447579857716 96.07687972440866 0
126.2507035080575 98.70817352592647 0
125.5012157512652 97.45562773659748 0
124.7507972706714 98.71043626847899 0
124.0009255795235 97.41122014355156 0
122.5013004054943 97.42993101714174 0
123.2455092818716 96.06517868172978 0
124.9889569687674 96.20434299366975 0
121.7507831047137 98.70414104519637 0
121.0019745005937 97.43289858162389 0
120.2510279601129 98.7053985108728 0
119.502522694053 97.4047905568988 0
120.486860230677 96.14409396478956 0
118.7543519171322 96.09761593198724 0
118.0029840166091 97.41259415044027 0
129.4786013864069 96.27447839710183 0
103.7500723032385 98.70103590306034 0
103.0001067912195 97.40214982301953 0
101.5003246526643 97.4020812643675 0
102.2424431959689 96.13453039286711 0
100.7513202781034 96.19731876091151 0
103.7326732263291 96.18072694488825 0
100.0006845699083 97.40180057341675 0
104.500000004149 97.40214830180904 0
124.9464703194394 39.41041735232709 0
133.7606238657326 1.298345133458795 0
132.2277784126964 1.284986768241971 0
131.4653616361867 2.577476147701006 0
129.9948602329263 2.594543963543465 0
130.7200269026406 3.878675346821893 0
129.2836152276479 3.856469009249203 0
128.5057460764762 2.590967825702478 0
127.7519061840632 3.896748917788415 0
130.0378008619043 5.04061945526341 0
127.0020525161858 2.596919480512277 0
126.2263186160419 3.881803809511268 0
131.8365628126809 69.42781210796025 0
75.63612921059701 70.91436957783191 0
113.7652698750755 54.46761104298858 0
1.125771506042383 67.03700759911986 0
57.16505132232742 66.24214649080437 0
35.01879784148321 45.7583989535629 0
32.73892622212583 46.91778097949699 0
30.53497731631583 48.20754287981987 0
28.29630858711187 46.92614134007893 0
29.05215364164998 45.60082545774814 0
27.64497863872421 45.57596747168465 0
26.96214326110828 44.15740756941273 0
105.5252826095357 72.22191732451142 0
57.38945808457873 61.08595589095897 0
56.70097229326222 59.77313843036955 0
64.66960571601821 47.12188436688293 0
65.35737230264952 48.4488060948298 0
66.84721219878796 48.5147097820868 0
67.64968520351556 47.25252349208429 0
93.03488977457869 50.964350880453 0
93.8330664298646 49.70698081342287 0
93.10524299195437 48.38026109324516 0
86.56838751942206 77.87661572369065 0
93.42128192961556 57.47633753778496 0
92.73051040410361 56.14736200837578 0
91.23644334863262 56.08239399950347 0
124.7501298997446 1.29896310802409 0
125.4970563419658 2.595459152152372 0
124.0005910408955 2.598411204701037 0
124.7853289135228 3.842147523120339 0
123.2734558285978 4.087194238962219 0
125.5206049294192 4.97566852794742 0
122.5048521917939 2.631341544960165 0
121.7533935392609 3.90041254554486 0
121.002514666575 2.607554042821349 0
120.1333069397349 4.182466409292651 0
119.4823970342885 2.652805120402846 0
121.2102180647564 5.30659344498514 0
118.8581905217105 3.826886710278508 0
117.9093830783361 2.888865599079629 0
116.3619257760267 2.673993355585814 0
115.6513489363251 1.314821418985261 0
118.7243499288401 1.362768501209509 0
123.250956504435 1.304766249813397 0
120.2432379206465 1.32050155093814 0
150.4220479630531 21.10894704053748 0
103.1702576517718 22.93811344292872 0
102.366694286821 24.20130765049233 0
98.65797229959946 90.01503574547498 0
186.5680426538427 14.95306853345357 0
103.8622904378502 24.26604692091778 0
115.8352065343967 58.44322145089024 0
97.5157726852246 51.16082901728121 0
106.6485963784107 12.73981183448473 0
121.7651572576748 24.99820668287676 0
124.0756218672645 23.80370057271275 0
122.4593903953096 26.32086830874827 0
117.2530428543536 98.70358390738909 0
83.57633473069436 77.74611849811554 0
121.5069365690654 49.61650680701391 0
123.0000905518814 49.68030627528837 0
53.22537482432579 36.26713800158065 0
47.18100351112732 38.57375470503537 0
119.4392745686765 45.64389133410943 0
111.2360564816182 1.293327788792318 0
109.7477348203791 1.266497186725914 0
110.3311671626988 2.547268749076636 0
13.20611443221202 56.47721383818821 0
111.867039883241 47.89966586281824 0
112.539023411252 49.22491968332864 0
145.5016224006976 64.8571721061063 0
95.57608714185675 25.2033652660194 0
50.37046622863968 33.56723920719948 0
148.3915247030388 84.39889947925491 0
149.8840033379432 84.46182355653561 0
149.1934879326006 83.13678214958298 0
129.8919855404545 12.44749388549994 0
1.507293532904129 62.60605051787532 0
180.046419198338 27.55129057363145 0
90.05537339503596 14.61738010328244 0
88.79407446755124 9.373385107706724 0
120.1291830607346 46.96779531431745 0
118.711950865595 61.16035951091871 0
14.31244308072449 64.1676263571989 0
145.483645600597 31.24790181232697 0
82.74994948408599 98.70101154069292 0
83.49992233963968 97.40206973416588 0
85.00169284579789 97.40084566048824 0
84.25135020704404 96.08401924937226 0
85.75195116723532 96.07590878132163 0
82.75010737351904 96.10323303151551 0
83.50798300833213 94.75593489329097 0
86.52043944051655 94.74209068785913 0
87.26424330587959 96.06865260526001 0
88.76308488033868 96.05941675687544 0
88.03375848974811 97.37017550077255 0
89.52436059430126 97.34494051252626 0
90.25571710730711 96.0473079636801 0
91.02551768628344 97.31225985887997 0
91.75477017171022 96.01301000808336 0
92.51196655250705 97.30122858267461 0
93.25376150465216 95.97497499937732 0
94.02588930306374 97.24911588102438 0
94.75156286528897 95.96366322491031 0
95.5110350065229 97.24773024368947 0
96.25993643239646 96.06032768144209 0
96.99013251479164 97.30203534427021 0
97.75193374747178 98.60394191266484 0
94.75566701826057 98.61284561508329 0
91.75605322926185 98.64782640809418 0
86.50983328860215 97.38478750548626 0
82.03731514059473 97.36223942169715 0
88.75875099938423 98.68216484952981 0
172.7488119833593 1.297385797035304 0
106.7500004273532 1.252185797810462 0
107.3681485569162 2.491592145574408 0
73.03845013786781 43.61057072368319 0
127.7514134898775 1.299851761663255 0
147.8728435051921 44.2622269421704 0
87.39255043674788 40.34492592440981 0
86.58892496572564 41.60585032594646 0
85.75315187343936 98.69649223116609 0
92.35655719909059 13.41858519686639 0
155.3855612712264 78.22425515638459 0
115.7528042179995 98.70272861733427 0
138.7010748360314 15.4097545604875 0
137.9001077965528 16.67073604082136 0
182.1617683257114 31.50097092324834 0
132.6386818813992 34.56521738805618 0
129.2984482731219 25.3586189122924 0
132.6358018127758 68.1656133269132 0
81.52915888353394 37.49644568213252 0
67.62518951329231 13.64384979562185 0
37.54899706035695 56.40315428110272 0
77.51629367479548 43.80458040837017 0
78.31838215607813 42.54392460588514 0
46.20418966374404 61.91049271961134 0
120.0952568216907 63.8103298757603 0
120.7838550338344 65.13362641789017 0
119.983637529198 66.39065364252663 0
120.6790862706616 84.49107024032733 0
30.78738037832174 40.42560123896353 0
113.4272627338626 62.22418900986953 0
137.5874063579701 58.05874720634938 0
162.3604341541082 88.87813733534439 0
127.7122222188946 61.53477302440129 0
99.34816420414579 91.34072385152348 0
147.538031952034 35.22034085140892 0
70.61175503764829 13.77366344275327 0
139.1751682281859 38.73272977195417 0
88.93852712075952 57.28137454264775 0
88.24780825856453 55.95241504953562 0
86.75367122033076 55.88748839890772 0
89.58950736184673 24.9429790105136 0
110.5533856911134 59.50759675422277 0
149.7736580238152 87.05185351751258 0
45.3043050641806 12.70641741222835 0
115.7446828403718 10.5430807564754 0
106.750068999848 98.70194661993025 0
27.78215456075556 59.82878349257717 0
97.98054581703018 38.20859144384102 0
99.39740194462583 57.73691212167929 0
131.4980829827846 43.57051425003545 0
96.16504822120575 12.28887949117703 0
96.84188906910715 13.60962540568117 0
80.03642815851791 20.63793094215806 0
119.3379193648387 28.77811063010194 0
156.0166796646578 29.13159928013368 0
186.680878499517 29.15318041748193 0
73.59714306969536 13.90232795363008 0
107.4294213026426 28.30946238068777 0
120.2127597311856 61.22933355595111 0
142.1656542322802 72.464475013802 0
114.5410813667106 19.52653336785326 0
90.43279524252365 57.34678235746167 0
88.22001117678525 89.56690120401726 0
110.4483807269445 11.61255459579952 0
29.87919475207036 44.25911078014516 0
124.6845964512896 27.75309401619085 0
133.6779130595309 44.95875067630711 0
81.99574812771485 43.99871038453104 0
116.8396600145421 18.32872989160398 0
191.2722644825899 77.22606927115959 0
84.74332406145227 32.45096854414092 0
94.86462507637367 40.67112630294272 0
121.8455675087667 41.8656294432996 0
85.95021590149504 57.15148578831453 0
31.6357169195993 56.14215786468277 0
103.7500077096773 1.241545017282455 0
102.846915382719 2.389585394837539 0
94.91544457825309 57.54183626312586 0
108.6107019770734 52.94680887829095 0
131.2624476735745 82.35707723514389 0
100.7503349036233 98.69834150010786 0
36.82469737278926 38.12348806064197 0
80.58457568214266 77.61528307066553 0
95.34276646731701 47.17551272473019 0
135.6188547325569 34.69741140028448 0
109.2406699364218 37.40268636689123 0
5.13051214037921 41.11137292062411 0
92.56699549570142 41.86734939389631 0
92.01886119611774 88.43320458313842 0
120.2412518673904 44.38464597548269 0
84.45603009555109 57.08695831960084 0
83.76520969554554 55.75787213057435 0
82.27113358553406 55.69310142853007 0
81.46805027244139 56.95688561464399 0
34.54885204076872 39.30396910545741 0
107.4534795394819 61.96376368467747 0
134.2406611029282 32.04954571892272 0
77.45630826514414 80.05808364884629 0
181.067474373277 4.350251584880681 0
1.282861563927554 43.33309251891135 0
94.75 1.29903810567663 0
97.75 1.29903810567663 0
100.7500006518157 1.250561063556212 0
11.35490072768195 97.34531201617416 0
133.214578846898 38.47133937286321 0
181.4225903397057 80.64243809738819 0
67.39038128310828 86.05928105719093 0
53.16864979931047 72.50336395097517 0
100.403183411234 17.62487928938749 0
7.690298994278692 47.03512892787346 0
15.25387947660242 60.42451937492589 0
145.9351811722454 37.73482796132446 0
20.46675086084676 39.96903354970811 0
107.6105522656021 42.53811496612323 0
6.415904755614037 59.61639122950577 0
6.405364569656399 60.94266751782484 0
76.98799105816563 56.76295460466807 0
77.79053396037354 55.50021364043698 0
79.28370233566854 55.56472537736676 0
60.05902237210363 15.90734168885997 0
97.29751834382382 20.08698422203126 0
80.61369244086978 41.34597846747734 0
67.13829112627029 77.00875458716087 0
33.64512588495525 43.11128772336794 0
141.4669700334031 37.53944392692729 0
79.9743786911468 56.89270390155797 0
20.36072966408703 59.46759990080672 0
105.3760933728543 7.495310796225013 0
144.6770137497753 32.50890742025902 0
137.1223514293598 68.36474333558095 0
162.4812992247278 19.05079634296434 0
98.45215085626255 27.89801005805082 0
109.4566362061488 32.23841045562126 0
84.40404301032812 40.21427497516499 0
134.6915252867375 21.71073635566398 0
180.8128324416336 28.83702396144452 0
23.99002564886555 43.96803043555854 0
139.6503002663501 78.83282751630054 0
58.83001627915915 44.25615627418806 0
147.9958515226776 41.69584945358415 0
144.0209688296593 81.61657971132576 0
110.0941109382394 53.01283442420932 0
100.6201815903415 46.11649177791786 0
11.5051997864345 61.53105614065048 0
150.2408699021311 93.54179403486677 0
166.8479185623329 89.06924338385356 0
147.3208569134904 6.703287960876835 0
13.60756477574651 48.76953939015053 0
53.39298379416405 84.16163087122096 0
121.734049567324 44.4494089172543 0
108.291231567601 43.86644545480318 0
72.51067459382053 56.56933785904805 0
73.31254539311186 55.30769585652799 0
74.80478371630562 55.37206114628218 0
37.32654297932133 61.51993111307524 0
148.912343676932 37.86566213013221 0
119.8983182962477 68.96428262018121 0
118.387958911193 68.90512403283579 0
118.2888513558276 71.49046495290207 0
81.06371197663628 30.99394453199621 0
12.23324370711086 46.27260076908897 0
60.8591846791349 14.64823139354771 0
60.16898916404622 13.32733707557666 0
60.96952670075091 12.06705627343813 0
62.46069735984116 12.12798525890361 0
118.486119341016 66.32489718879378 0
82.33486973221039 19.43883643279062 0
87.05545227092348 50.70484754381494 0
86.35489728435127 49.37863721755611 0
142.3794368255882 16.86704255464394 0
168.0157423423481 80.06431792280534 0
93.72404688625392 16.04316944318078 0
75.4951789795771 56.69882035102205 0
110.6673019074422 56.9223465863285 0
110.6739438653769 6.430628403943366 0
39.45114580748179 45.97103155960758 0
21.29927263118435 55.71216813592828 0
130.5839079977291 47.41153420890709 0
142.8436058872584 40.18466316601095 0
139.4040531906915 33.56920859741858 0
144.928705145408 77.76451220700645 0
86.39757319068349 46.78929015761129 0
113.6686599572356 6.556633624404007 0
68.03687366394325 56.37609747649977 0
68.83799361507603 55.11586636933943 0
70.32905530628125 55.18010152098117 0
42.77961012481213 55.34447813012287 0
43.58145046329151 54.08674887378916 0
45.07780575677781 54.15700532102663 0
45.90875460224073 52.88459624987421 0
42.11264915327428 54.0251924076878 0
42.95614996137212 52.72902399820219 0
127.4897617469311 49.8633355505612 0
82.19326091937896 75.09199484206651 0
103.6627554310743 63.09433899582553 0
138.2609615872942 42.57127569825818 0
53.45877400253529 47.88577455744267 0
51.28029813568014 49.13457515023764 0
49.01744380405534 47.75746467596321 0
104.579219312059 59.24770820008561 0
96.24691967185423 43.32354068799756 0
156.1631130992825 93.80382727087331 0
134.4792432416661 43.70001963944831 0
121.5047470778791 66.44710842584058 0
81.08076269470709 47.84136855659967 0
51.56065618724377 58.28049991498 0
166.0017914181494 2.596772311543361 0
114.9201833158662 62.28908407686674 0
62.71708089843984 40.57524283887135 0
64.89849595201811 41.94993332380549 0
91.16564853819902 75.48561371469533 0
88.17457039510579 75.35417775391184 0
114.3425355076449 58.37812256077709 0
92.43461107046481 80.71541406157201 0
57.2848740724267 80.4594440407003 0
85.09453720616126 41.54056477478797 0
21.08386797378203 43.86564293072626 0
40.23938886808727 44.69918403457896 0
85.18374664415212 75.22315306220493 0
61.75136210022421 80.65570114480727 0
87.52835932873674 88.2373833608282 0
98.26318589010297 66.74804668056127 0
138.4800326105565 20.58219377591423 0
94.2866807502481 36.75650449141986 0
114.003702229022 66.13546769475755 0
61.0693674171259 93.56024683898093 0
198.8022439140151 21.13015482155735 0
172.4913695471566 80.25752709498779 0
115.2574478684747 54.53228313207632 0
133.3101040696201 19.05795069847024 0
88.21211392832743 5.454717943439427 0
72.24645952939096 78.50208800281639 0
101.2568915211859 66.87008371861586 0
10.767368555576 43.48333398049918 0
131.7080883026678 21.57799550486565 0
83.02948400413537 20.76801053743517 0
84.5254016687369 20.83287559521015 0
91.32755595370112 87.10463781410591 0
48.0193930457874 54.26773565225047 0
94.62997769934108 28.99669792131937 0
98.38839719039093 80.98448542502396 0
95.39701403974891 80.85313394789237 0
104.0869904216465 19.08354416408502 0
190.4554656493515 61.70977831551849 0
12.4115534953128 57.72442384083607 0
96.34882377103665 77.00675795395692 0
94.15692468427412 75.6152745187143 0
198.716999401801 81.85185185185181 0
101.3810910213079 81.11503747061781 0
2.946586073236674 22.68124873766513 0
85.32061296459537 36.36536294202895 0
119.7590516703393 88.34114713018985 0
91.6394921568623 28.86671946467181 0
107.5668270708078 8.889405962359888 0
128.0658018328011 53.76879735574407 0
132.7572881396429 82.42256825055397 0
142.3822640740772 33.70156411338458 0
104.3735692592985 81.24556351356735 0
84.16132913501815 28.54022429502608 0
101.0947520054771 18.95344152994704 0
104.7378348767407 39.82202760406378 0
175.8162342986319 89.44745153573166 0
17.5554435879269 56.8240446053081 0
114.2476608505681 10.47889331675925 0
116.8818273875731 68.84970092699066 0
198.5435273711099 27.04360571725656 0
135.3934038810578 39.86052956560743 0
17.41517941656896 42.3987179363554 0
111.3663597976709 7.756303316279883 0
93.28587391597574 9.568146023860287 0
98.98070760052789 3.396715305737565 0
146.976681694937 14.47617273270003 0
147.6656997204373 15.80368988995647 0
126.7970496152933 65.37870350543351 0
103.8179474051598 43.66643174193445 0
10.12525488544071 42.23809941326594 0
107.3658080900273 81.37606701976708 0
136.4339093137755 50.24879003982416 0
71.01897103562104 56.5053268191752 0
198.4738020617996 18.08304417795354 0
198.8207315118235 15.11454927498077 0
124.2394307296663 21.24889045615144 0
88.55237682870722 50.76961853226583 0
95.98345039541825 3.29200528022475 0
115.0875585725323 76.53030546525406 0
36.75489273466297 57.65326166416926 0
110.357089553849 81.5051956634763 0
68.67555057885623 40.8297689462547 0
89.48680029471221 10.70236849457802 0
136.2088764210733 55.41233308933161 0
76.60092674058413 47.64517502939388 0
65.79541085337962 21.32460060337419 0
138.378981525183 73.59456592749225 0
89.7107784074261 5.515792226796862 0
145.9663900963918 54.5592374670819 0
135.9740298714592 94.23724465503213 0
68.99896608128675 16.27678519247057 0
137.0101473981521 54.15217809880794 0
88.64120356340717 81.84331200331926 0
116.928383374584 32.56013064378628 0
110.726906671917 37.47195913638173 0
128.6260320408881 40.85968280088165 0
120.1273714364634 80.63379682021281 0
8.745957285559228 39.63563333257968 0
131.3763505847134 79.76880440627133 0
130.7921630230359 25.4238560393804 0
132.2849118429278 25.48988719078001 0
132.4126054409007 39.72979660238511 0
136.3077452918994 36.02096615556292 0
144.0100823558745 64.79382447178199 0
117.4685895939989 5.423154707355678 0
79.20307742259561 74.96083839297131 0
198.7289939588032 61.15040259921233 0
102.2310314747897 94.02626327558724 0
94.99696980712871 21.28559311090717 0
132.973373036833 26.81614222346041 0
114.2084353124873 94.58895978745407 0
91.10067059259703 92.28753112459944 0
105.2257368274114 94.16348139878433 0
94.30441729121627 19.95714979887303 0
34.32875787736775 44.4309652380207 0
127.1261294676602 40.79949089427299 0
108.2191227649633 94.32746105360781 0
72.12374358028833 47.44889670732916 0
152.9793466280007 82.00479709696592 0
103.0043836794335 44.92805152957131 0
111.2138275393099 94.45819395962482 0
172.2488757879089 85.41095944980984 0
59.61457606265651 93.48622586413528 0
118.0702243918672 23.5371648681452 0
163.398775532992 15.20724334008919 0
144.8541034565129 97.22827734914509 0
81.16121157307579 81.5156020338771 0
83.93924628131595 33.71217734746335 0
129.9877860518162 26.68497877939888 0
54.26255759741247 49.27315936871339 0
74.63796393322015 24.29525852978765 0
75.32644027357946 25.62048839138421 0
128.0524544903538 36.9527205912218 0
87.98985026593691 10.63768408710613 0
191.5833822493646 55.33923031109384 0
92.89030373598298 2.823530680103765 0
81.82488316268793 66.02408449152925 0
140.7861110531013 69.81611562084308 0
138.3877433053636 56.79854495227944 0
164.6562476440636 87.67799271496358 0
123.5575549230291 87.21116874733258 0
70.51033686444399 33.17765034488163 0
198.7733118487703 41.86603988070102 0
198.7054075721474 44.69858326417413 0
149.8777731363775 67.63733502940175 0
53.52612334568602 11.75557633313621 0
142.267415320063 19.45442661413772 0
135.9703653685509 77.37601071051301 0
128.7216007623878 21.44646750065544 0
136.4291915305959 67.04095876314599 0
114.9748767244029 25.99312080476344 0
8.65937191313094 58.85850176464376 0
86.82182602626364 19.63227988741944 0
125.6101013615014 23.89503616257021 0
118.8791954390721 75.400753943148 0
191.4007837359449 57.92306828544738 0
83.48990696250453 44.06399748852074 0
115.6103000360765 63.61435541836747 0
92.00458569018235 21.15613993621887 0
3.848480508405302 44.81320419676813 0
94.75229814400481 43.2585236417607 0
5.131750194645278 49.99444537766654 0
138.9575228386712 77.50583697689649 0
57.32236003389447 27.40355482777195 0
54.81688607888428 53.20125496502416 0
56.94647103593507 54.61031521523986 0
110.9510794541883 32.3092160463035 0
91.31144246472415 19.82732429397935 0
66.8980725740158 65.37167021648492 0
60.78433270570935 53.43784874639133 0
182.8510985758832 32.80735090184365 0
68.55484182942165 26.6240070055489 0
132.2445989936666 95.33744648775992 0
135.6340536714761 85.14177075089199 0
69.88488045195993 96.47005895061997 0
78.83631902269728 65.89939438201337 0
77.535424894634 94.3331911659065 0
115.7798140414098 77.85599993188831 0
87.51703731541052 20.96231356221011 0
112.5639980438968 29.78254166330991 0
73.71180733794858 95.41573022815471 0
53.30498636283642 16.90682661727396 0
74.17416676862598 34.62386633990024 0
89.01241730892552 21.02670096985561 0
139.1700641916808 21.90814941070192 0
143.1950694036517 49.23841194945557 0
41.25963849921962 38.31632056742641 0
57.85728478915949 84.35955302628487 0
79.5696122336831 30.92944544115646 0
67.81317980507741 61.53482297964025 0
151.2526261052701 70.28403561171766 0
141.4397735320959 6.479397355945146 0
126.800710133338 48.53974578843657 0
40.35096320314565 42.12496943419171 0
163.7507260643937 1.29861891220348 0
129.2503806076171 1.297405787645332 0
1.283059688470047 37.40789269926336 0
141.8029276851782 12.9512498611745 0
145.0594074470042 58.38676229626716 0
165.271398214196 24.34019876128402 0
147.812498326456 63.67507796614331 0
147.5510608980123 18.39051327783763 0
64.52965578669169 16.09954602380891 0
57.99307898548171 11.94630987067188 0
175.619206660877 10.55310076789163 0
157.7352362748329 24.03902235885023 0
159.2363466943165 24.10032247043304 0
118.5343633693049 30.03895815291877 0
142.1554634426444 22.03964582329649 0
146.4298571689925 61.02908680291596 0
61.23006419621056 40.49300706718037 0
64.83270567388956 61.40618640197457 0
103.3952205025212 17.75502292178787 0
177.2701631986227 72.71781317202961 0
144.108677705641 45.40512976205576 0
132.530391550325 87.59970011679358 0
137.1281427158773 85.20585923183357 0
10.7125202192647 62.76654438835633 0
61.0539054371315 62.5331266050174 0
191.9587428114277 78.54398496079862 0
66.13390525924126 13.57967065464735 0
182.6760800195642 66.42991415006756 0
51.57209402611588 75.00839534776756 0
189.4559012560759 84.87149963774533 0
189.5402600977274 65.527215428456 0
60.8805928212043 31.4457399870224 0
146.1718499456603 15.73739335006091 0
151.3408093630512 17.26265925372442 0
119.5711078182277 76.72746647083544 0
92.82414439800449 87.1695726423934 0
92.79241800463383 36.69169618742151 0
126.1920010579437 27.81428143343112 0
189.5436091568153 15.08106380337685 0
40.39497354857708 59.09288275660784 0
192.7322911121287 26.83866648246365 0
140.917324440971 67.24351945885519 0
45.54290123043199 77.30526586333997 0
156.9320810290792 25.29649117252409 0
56.5396918601607 45.44839914453709 0
155.9355077732132 14.87419084487126 0
103.0589473377907 25.52909566952362 0
180.3222234978983 5.58095715251622 0
155.13085627571 16.13477026890645 0
2.565851164263705 45.55479640876261 0
46.60861528851986 34.69286933624688 0
137.4764459776772 60.63746559113701 0
5.494244849666842 63.81163023475766 0
75.84962405976786 65.76820368719569 0
132.4065330306732 73.33403383792188 0
4.577053708879475 67.64364371712114 0
143.2975485652224 13.0170802668688 0
72.86437868901328 65.63572107634866 0
140.3410624529163 63.34127203507929 0
147.6998033429599 83.07273128714156 0
190.9137608501949 17.71904671924424 0
187.8362991175152 70.60884650655464 0
47.11056200560367 58.09217713942638 0
156.6493559512519 83.45549592874116 0
87.29690347839067 9.308403843155922 0
73.60371702270062 30.72308259160791 0
144.6000144043841 85.530662363538 0
135.3816820675729 23.03673447550926 0
66.546620609851 56.31125709966626 0
80.37271887214159 29.6676875672393 0
184.5351550868127 10.98972250768976 0
80.03537062608072 37.43120484687821 0
148.0112337985343 8.033628141857484 0
114.1759153529107 27.25675544858874 0
156.9627638329833 92.54119306097465 0
191.2520477178201 60.45869728716135 0
156.9872188150184 75.70490044268669 0
85.43416670412739 33.77758535259451 0
69.93384345769434 29.27227082757631 0
153.1524073612333 26.42250903794955 0
148.009018060583 24.88755304856188 0
149.304317653387 80.55090518662344 0
145.7557392784536 93.36660032849949 0
63.96832075928601 28.99999735207791 0
160.8653491107348 88.81465905409394 0
193.6443192729157 23.01286473756882 0
188.7366617700007 33.10684603528953 0
198.7675998522928 87.63896559224102 0
198.716999401801 12.22222222222221 0
198.8249570146587 84.79924071587466 0
73.14443023460933 24.23026196768301 0
148.8586158364087 90.9040569474345 0
186.1079637222797 25.25886770170098 0
74.52031051743305 26.87788680640809 0
159.6083856327026 16.33494463552893 0
74.05899808644864 20.38202978746433 0
65.87389902878263 71.78773836686148 0
159.9224736042412 25.42385058922235 0
69.88059152186317 65.50563579582827 0
48.95787258800157 14.14263476720358 0
46.63934754795214 85.15194230387881 0
3.664499571958615 71.46338596192601 0
72.79013468400419 82.40317456771945 0
125.0517356338998 87.27446550110665 0
59.28001894061629 33.95524587229116 0
144.9082931122398 10.49312728401461 0
142.2941453382688 69.89123765899332 0
143.7608863872072 19.51947116861042 0
164.8900124017827 15.2743898060677 0
190.1089581387968 35.73933745407346 0
145.0530256336626 75.18732780197706 0
145.9811512240045 88.1846480843148 0
94.06131033293532 41.93232336668954 0
180.9596756369789 23.74334845378625 0
46.8418363084307 46.27523224752289 0
157.6790921643392 77.02900240412073 0
143.6742443308972 72.5393900901892 0
46.38397042059962 39.82327095367262 0
91.78940555922398 93.57345494225689 0
69.45950690239742 90.03900419392203 0
63.63028797324792 36.72414592973474 0
52.42685908452591 37.51898194054213 0
106.874071809012 7.561213908350247 0
88.30932978474539 36.49629010453055 0
92.59343001867146 8.238898047328334 0
45.51871097456594 60.59639379039032 0
45.74169058040269 55.47521349903995 0
52.135196736459 62.1672727580177 0
192.0706107697706 44.76225217603595 0
182.4079679756051 74.21827884219938 0
72.34791239258522 42.28564066092948 0
174.5614316908847 84.2215736363777 0
164.503054634962 2.596128962676651 0
171.1308502737639 10.35794098935818 0
152.1179633084854 32.83910507844107 0
79.89334808570334 76.28767759211172 0
53.96430051251448 88.05982872675911 0
108.7198923220936 67.2007023312282 0
70.92443894641033 75.8770380659965 0
4.695888715677626 62.52676358746344 0
72.56480232834674 87.58125338194669 0
65.78128228978657 88.58144567579632 0
154.1184192675469 72.99433345845779 0
93.3986892980694 6.974139244833651 0
50.87403616314366 56.96409579001892 0
65.40790471463396 65.30732181289173 0
84.5339044397258 88.10677862322041 0
86.7227036448587 89.50148584838075 0
176.5473843549676 6.696918251853312 0
112.1712995344189 6.492268112389837 0
52.03836357626701 11.69366690678874 0
45.34669691720184 48.88275134196336 0
52.70907451672636 66.05188625989042 0
84.99575573242635 10.50795811484065 0
118.8743114134405 22.27581837891917 0
45.72550757442303 88.98075347202058 0
138.1491209156744 45.1510174947046 0
74.41001924296201 96.66848037895045 0
83.72770526401985 89.37187581226534 0
127.4869251046468 66.70037312264353 0
186.3361346913792 20.1100397869704 0
64.86101868871245 92.43010173105645 0
182.5605961723437 21.23297555372296 0
39.89424040493871 35.69425428517854 0
53.00008630276666 41.40602470059683 0
169.0529932391778 23.21786610216988 0
77.05137264926618 87.77798288921437 0
47.35119764010207 69.67897650379737 0
93.51023905666715 88.49436481498049 0
42.44690002620739 63.03102422293436 0
125.065365129911 36.82406381410731 0
36.86836418373595 55.08053301546407 0
101.5633371845448 25.46410846222767 0
101.8992801116582 17.69003281000709 0
83.49854989501421 10.4427148341645 0
128.9647837052204 33.11140480668826 0
175.7927249041581 98.69111587361732 0
135.7453420479568 48.92640622624686 0
191.6141163391628 47.37337220304164 0
152.289237688454 80.67994541464212 0
181.0712772733978 21.16781211172516 0
55.21375476610049 59.72057300318062 0
141.7076106039873 49.17490796406931 0
153.3169273854012 74.25283258798815 0
88.99572673244963 4.225631227871659 0
40.96750329960879 62.96614383202747 0
50.75581197301354 93.08386705061577 0
66.44959675172561 75.69215654645456 0
86.10054487426716 71.36807729415609 0
134.7047355665078 38.53694731212752 0
60.65445658275127 36.59463287285843 0
191.8187931945153 30.66395087244633 0
176.4959939135815 23.54808771257504 0
60.42939846041822 41.7478119662655 0
150.3486107776502 90.96047263679525 0
161.5062796235582 2.598091657227357 0
186.2705398451274 89.88881137929042 0
37.94430822705349 48.5630764552479 0
80.73363158861459 89.24109837096822 0
160.7432940505464 24.15819846842843 0
114.1173794817163 63.54945022477388 0
58.23154425712223 23.57165089953187 0
81.54047165379927 87.97578871484239 0
47.16644283633109 21.83565590175932 0
177.8353077637933 76.59945799094849 0
56.85715868257219 20.93357397294491 0
82.80392663736096 9.113094087409067 0
63.48233782009611 5.692034802310594 0
53.62615364923047 78.98343812593586 0
70.27095705654492 21.514650245758 0
94.89649734581303 7.039283455245936 0
50.65949822703114 78.83133491188045 0
144.259136642996 93.30144113584139 0
91.76407831189474 43.12828456555584 0
86.1244240153615 35.10422093134396 0
148.3547688312283 17.13054830440649 0
141.9290837495851 27.20832531589591 0
191.0514694158942 82.36621942396343 0
50.01482401389043 24.54632450325051 0
184.6214641056713 25.19359555165614 0
146.5180134979442 24.82194080180124 0
51.81780325220046 16.84209270899804 0
138.2751502088685 93.04095954047723 0
160.7511140244577 1.298394923356085 0
104.5723319060862 8.759645004511817 0
78.54737064443719 87.84432420752576 0
41.03428053972583 43.44234438949987 0
181.7941078482112 89.70589037240424 0
45.23843270575715 32.06606974308566 0
47.75212423290809 42.45284011751507 0
65.57169524228192 26.48772549338093 0
85.78540876703397 42.86684466936995 0
64.84401000578634 78.20763121855974 0
128.8537405261597 35.69461640025997 0
79.0093311095748 10.24870166310839 0
80.50570679800288 10.31367341771782 0
91.07297452200297 41.80201878305078 0
60.59575812909679 2.82689537864826 0
129.4426581686102 56.41858897691748 0
3.849248763066299 47.77461878438001 0
50.99957370212064 71.12429575816117 0
53.44829441380967 31.12710426987647 0
193.9861668847876 32.04944291908331 0
78.31207746973497 8.917367442906631 0
193.3103943933364 13.95953633918805 0
62.69753731490634 23.76991184942444 0
131.6028628699614 74.59442390796187 0
118.185340170162 20.9596159202953 0
65.63346781744363 60.14889004032054 0
69.66101950328317 70.65317262422904 0
148.8171275074115 6.765710080500227 0
151.4319440016864 31.51616859330498 0
54.42605094210713 94.54462222927334 0
150.6515515571186 15.93670184793258 0
181.304457479256 16.01236835903079 0
65.6967031188648 40.69453890948358 0
71.65707641877702 40.95979879834439 0
57.41402614340343 8.041447826334462 0
46.4420546609512 73.4942121990473 0
100.1788582024002 22.80813748541318 0
51.33740079438697 63.41883343028674 0
63.72729336068433 17.35746053939892 0
179.472525852856 23.67827501685715 0
3.850137434011955 49.25462577282662 0
81.38902688484936 76.35355984964022 0
97.08605119367148 8.433980562155725 0
192.8445020726448 7.515990458673656 0
49.49928504980809 87.86088454719587 0
3.194878409082435 67.62985262469194 0
88.08392134926032 41.67154292180251 0
41.87421458088077 59.15628785647679 0
2.565547597160162 49.99834157923861 0
60.4876306803989 75.43450048978059 0
182.0177315705757 84.54654821398205 0
102.7033740886702 16.42769905104859 0
58.3452208190584 20.99893085682013 0
134.0161799850379 37.21325924081638 0
109.864258843625 58.18206803852459 0
191.9337640363856 28.09102542156291 0
111.4779286294764 5.188331582770843 0
143.4554412932644 94.56142205948875 0
88.77540089822848 42.99771776337805 0
58.56990306249114 15.84430672442399 0
47.92320104010774 73.55994903104855 0
103.8803230246411 7.431355042082856 0
74.06059917647713 87.64819584039947 0
138.9691704222282 94.36498705810777 0
76.01794022583772 10.11999313724183 0
98.58389739532258 8.498656451390914 0
74.52126181095895 10.05452697956184 0
60.94947313941236 81.91215762468393 0
187.038057146829 71.86195507490213 0
77.62775648275772 41.21685783098241 0
11.11575820104136 35.84333814379772 0
158.5066704950455 2.597935777759545 0
2.565892425263542 51.47884761958023 0
188.7459650076912 66.78472512316696 0
183.3953969072329 87.19058605558131 0
48.16186475268465 15.39718274096214 0
54.58800275899955 5.288757045642271 0
149.9948754568941 81.87551627388596 0
108.3710733826835 58.11684626421457 0
99.39003422297682 7.234429123126247 0
183.8213439879532 26.44810103380075 0
59.36997843001693 14.58565768685401 0
158.1158545425613 16.26848975874442 0
73.82207794145111 8.722299662702063 0
134.3668297650059 46.28193957355234 0
182.9065243538263 13.49810361612155 0
103.508066592029 15.1764836999511 0
113.3142139516273 64.81013099435498 0
97.87973316211041 24.00670102072667 0
159.9682839356298 75.83261801372427 0
50.07082817941827 91.75905162156391 0
57.19154831650791 13.20395643081404 0
100.8712292522792 24.13638372617879 0
157.6598846741651 93.86687522216086 0
137.3367499864208 29.59722308655946 0
142.6070118793535 11.69501316110869 0
143.4203384335087 10.43840068954151 0
192.0703040148476 75.9757968618982 0
1.282463019280982 59.61322828546962 0
3.849831337346757 53.69765685609563 0
46.31011866675967 6.33858863800436 0
185.4525794508546 7.183654901037478 0
87.61911095583153 35.16973087425708 0
134.817670105226 35.95525557916275 0
101.5785397124301 8.629232327613359 0
2.565661907693638 54.44223547767339 0
142.7320749216532 42.76330370292137 0
127.0250064231862 43.37665141297833 0
41.70886442020691 95.24443948128797 0
125.5192338981886 43.31936555359467 0
57.05561408159859 85.61549411000172 0
187.2585970020783 66.71535984952192 0
150.182254767169 26.2866503742582 0
154.5637168475845 12.21926603710478 0
152.2612242194729 13.41581604241834 0
121.5999833241778 63.87438985360068 0
151.0031892195475 8.164870440842577 0
70.03643231494473 9.861330407614759 0
71.53075769606488 9.925717088139962 0
125.4190378137561 45.89543972975965 0
90.5862737097949 71.56247428350503 0
82.88439880648177 76.41901046509192 0
171.4321409174134 19.4494037532568 0
75.55527405287432 37.24510635901466 0
151.8259766159308 74.18844805057185 0
146.432233712731 77.83535966033708 0
3.851345061999581 56.65827639735748 0
161.4562794083809 75.89549689996537 0
69.33214422924607 8.526359491949023 0
79.81143836834337 42.60789953222377 0
130.5716398372324 81.03010613694966 0
141.2677779744709 93.17043261306168 0
151.487093649972 81.93980730650091 0
52.37042437825517 73.75613230796685 0
103.0837888864415 59.18445134628548 0
176.0024796323154 5.241255827733461 0
123.1159991363294 63.92834602259103 0
152.4994222694039 8.231178408619037 0
112.5107719777558 66.07056537174822 0
63.80619174219767 67.82100964981024 0
129.4204686507255 73.20357319133495 0
42.65618639936281 4.862280313763456 0
74.2847859968447 82.46794594286578 0
61.289703319862 74.17682746017665 0
185.5392104489977 71.79990297637399 0
133.7765165776483 25.55653563364197 0
67.0498477842464 9.73406846788258 0
67.12379083154255 60.21340819654566 0
126.0644492247372 13.5719149630596 0
42.33476573090813 65.59120957166836 0
162.1544742704291 77.22376374678508 0
170.6385814746993 20.70821727166665 0
134.2550379426914 48.86257085639183 0
47.86488203305687 39.88850327711447 0
186.575746514862 65.40332236786952 0
125.3045318877372 48.47817093027845 0
149.1588279395485 15.87031440835414 0
146.992812082144 64.91815460379226 0
84.38008676258131 76.48445960007817 0
123.8021684844476 48.41959597049214 0
153.3065520768215 6.966525220060774 0
111.0180365471442 66.00560910122938 0
89.80369160824641 36.56191130992518 0
53.91092401523608 37.58426025045966 0
53.16252542696227 89.31544392188889 0
65.5553190430166 9.670214850974219 0
42.05728160679014 37.06600587224361 0
51.3411741415874 80.16965180885944 0
190.5728359534245 59.18695706630351 0
181.9069363917963 87.12434987798321 0
123.5335625179992 19.92745189005618 0
159.954362607668 92.6674726381403 0
133.4535393814533 50.12104815368397 0
90.60821781655591 35.30054690210585 0
49.97497550843036 7.734135353492093 0
143.794740395492 86.79206264964765 0
102.2817765779611 60.44422757148516 0
92.10226877627105 35.36557980378068 0
46.78582679034275 12.76313036762761 0
155.6221619108593 5.708483201588692 0
123.7016893251065 50.99599115187536 0
69.57894869146243 20.18637095431438 0
128.3883969919939 79.63717892693781 0
190.5884760473181 75.90819672622644 0
110.2139517205427 67.26637852502213 0
182.3747105300749 93.61396212319809 0
151.2661636876702 87.11596614017201 0
85.87543728234127 76.54970890319981 0
151.7136502906189 76.77187299206322 0
121.9817589599371 19.8234334128967 0
133.087087051456 24.23018149195674 0
95.20489549889002 32.90751914752381 0
114.5152769375015 36.3439421730926 0
95.07214932654666 71.75574867032603 0
60.76609303710642 34.02057111053887 0
127.8126344243509 75.72575781018487 0
142.6199304745616 45.34113013811031 0
41.9845952472803 56.59591798139351 0
155.2157507946577 30.38820064395622 0
45.48900224648347 94.1347621765822 0
99.68706506361625 33.10648011607479 0
62.89187149942666 54.8608343019933 0
197.1397982474946 46.33825939820315 0
52.82053928822989 63.48373722542092 0
160.6501470821622 93.99504487889563 0
51.67455036449626 55.72012990955842 0
140.2103775236394 32.30967125687318 0
127.5866984541211 80.89887102700339 0
97.38945497827865 34.29938936369139 0
123.9207068922616 62.66779181659972 0
193.5440635794428 92.76706090097392 0
188.5497559524717 4.756564704430446 0
43.81559648298219 65.65793701371462 0
152.7541530816612 87.17572931222041 0
149.7641411182115 70.2175205478529 0
134.1291775762293 34.63159831504434 0
133.8896541050893 22.97036379102346 0
157.5563082155509 12.34849905077125 0
92.90667982694708 34.10385036702961 0
133.3412762953911 52.7021135205169 0
128.6165995012773 74.46419451931438 0
6.320235266379299 10.07461175847203 0
87.37089502978903 76.61506679361676 0
55.39626696187724 37.64963645929232 0
157.4268643226735 14.94205594500286 0
68.61437874425349 60.27816384007039 0
108.0303917140836 65.87533801468503 0
75.78297009034783 82.5347731282625 0
198.7192604090656 24.07407407407408 0
189.569193999843 82.30251103229381 0
141.4650681014377 20.71456714161447 0
93.71144260359701 32.84217778784232 0
66.38592296566853 42.02708024399168 0
121.3002709866572 18.50806986782636 0
159.0469959942275 12.41750210565331 0
101.4783465439113 61.70463725056941 0
39.06851022730585 3.476953814134198 0
150.2192782168331 76.70661831751565 0
139.6389461551219 45.21358666674138 0
162.8377862992359 11.29767265627087 0
88.86671066434675 76.68070787854629 0
164.4378236790194 76.02291409075072 0
65.10562195822094 20.0001003982551 0
106.5371338564755 65.80993554789364 0
180.2722343485602 22.42368126691763 0
55.13510829364051 95.90256191325869 0
4.204542561627932 94.35432167858099 0
76.0909026771383 2.51579125017895 0
141.1417575520158 78.89573151302193 0
133.4398601482491 33.30756768053936 0
192.2815916409886 20.35526341454162 0
162.9475636091638 92.7940375366771 0
48.5491257975266 41.20365038856673 0
154.8367975259652 7.006449884864516 0
44.92579926333661 90.24017310537081 0
141.6111702420847 85.39926065728753 0
99.97749768422972 61.64337781452863 0
149.963163534355 14.60989797722796 0
105.7324172580874 67.07089847428347 0
90.36269802827702 76.74622217269189 0
191.4765931137492 21.62583775180866 0
102.3839387044085 7.365708290473194 0
70.10512261511465 60.34263183778397 0
77.28698436595222 82.61406125691167 0
139.9724821034137 20.64895490867459 0
61.63589215808578 83.23627516455053 0
61.4537418494566 35.34054762692426 0
104.2402805097402 67.005244831383 0
53.50653660149196 64.80039108456407 0
91.85882815623104 76.81168827467957 0
49.26842816183476 93.01463615927624 0
63.75025187350176 53.57184480198316 0
150.6854517836107 83.20055899882166 0
98.19439306615453 33.03865727620377 0
93.35345569027366 76.87636103066735 0
127.2642241020998 55.02707174814272 0
140.1157867900713 85.33544093594298 0
165.9277817416121 76.08815173696877 0
103.4404488300629 68.25722413821178 0
46.31488874259175 59.3444754304838 0
164.441831836793 92.85683151905198 0
166.6301596171452 77.41893667420555 0
65.90519808228548 18.73979371494531 0
66.32764454641077 78.25952276007018 0
70.79489718669268 61.66570256943344 0
56.0822154974643 38.97023156270109 0
194.1057627826314 12.69879263797664 0
94.85075347391566 76.94189002797302 0
181.5636430627727 94.84863358414998 0
78.54111571410587 20.57251950663056 0
72.28674589385153 61.7314528190191 0
43.70384969684021 68.21984914779462 0
42.85394144312376 35.81493664724573 0
185.4713778779951 91.14617062614735 0
97.14865880288627 75.74429808727788 0
156.738893480798 13.61483319404468 0
57.74177954838187 86.93795152477492 0
139.3103197438774 86.59667285510034 0
133.1994842749106 21.64415802582617 0
132.750164086513 31.98391231527033 0
141.8336829819957 80.22285837357074 0
103.1882440791767 6.1106758668789 0
141.9612875635673 94.49903710624721 0
139.2813758985379 19.32243021616101 0
59.03102058457724 22.31811831811459 0
74.85998147304494 19.11783240686314 0
40.86574419323151 96.43330428222839 0
97.84271462998632 77.07336013677359 0
121.5774008625074 13.37465524173145 0
165.1408840610876 94.18398651187873 0
73.08829251725538 60.47319409755463 0
150.7686818837649 13.348435423832 0
151.3750009024132 84.52622169468205 0
104.016328279138 4.914004833393427 0
100.1404013139421 75.87552084925301 0
51.3494090004442 10.37330099348015 0
165.7040429081315 14.01333027471421 0
95.49548245915915 61.4475112526186 0
46.17499761672705 95.45126038512063 0
132.5095412107047 20.31744508895326 0
46.7193524174498 32.1272314189416 0
65.24462295139138 53.63359064076704 0
131.2589421386857 31.91834953116559 0
100.8346948442243 77.20339480870811 0
72.67586969207358 17.72830757434299 0
52.48323437945618 71.18860088613515 0
138.5909393835231 17.99555311208957 0
58.67993145079631 13.26672626012858 0
141.1303406517229 45.27753165449694 0
73.47660893200873 16.46671770876314 0
103.1318236072431 76.00717106759285 0
105.2104776728864 46.31468947405968 0
167.8849638866392 15.4043808302649 0
59.22653640049919 70.20665962064335 0
26.70752394287118 52.04737407643304 0
53.85002137580474 90.63807335901376 0
103.8259057656245 77.33444901258873 0
185.5287006829807 38.77966147946286 0
46.42578471420261 56.78122293458093 0
137.8168790906242 86.53207130341201 0
119.7698296936054 54.72632877107217 0
106.122507492142 76.13815208502075 0
137.0985778196877 17.92978860472171 0
49.05883559207885 81.33857322573972 0
168.7119046826855 14.13483706635598 0
189.2465836866158 90.0099296916014 0
167.4330527745643 92.98323347449009 0
50.03269634013542 41.26969031851804 0
106.8169554197496 77.46530247981212 0
129.7654131594092 31.8530684324753 0
150.5741079343946 85.78891980736751 0
139.6545422151277 62.0178881731629 0
54.9908479443508 64.86427797020842 0
109.1128649342115 76.26897885408873 0
188.3548369136914 93.81463681914559 0
76.76281145413535 61.92582146463489 0
168.9071680407315 76.21555728895447 0
58.41977452710458 88.25442673718202 0
140.2173508235574 49.11386036376739 0
179.0360879764706 84.41179785989264 0
109.8076167719272 77.59597022513796 0
170.866715116576 15.54023500403379 0
184.6007195733786 75.60569398398961 0
74.58072897803106 60.53674828943826 0
197.4781642015612 21.8512850869993 0
187.3658108124648 30.47193356186245 0
142.6639126016082 95.81029815040634 0
48.25846094557987 82.58976700409842 0
91.01296732642105 61.25249287862591 0
112.1018308743182 76.39900741713981 0
168.1362826065239 94.31728163953272 0
75.43946956316462 90.30932451294791 0
77.56584226050481 60.66780658221369 0
171.7059924742879 14.26379692999535 0
179.8130977237327 15.94385842610183 0
163.9765867133825 19.11634463613251 0
123.3701575894316 22.4604116185447 0
114.2875343833997 77.78986693599859 0
170.3964637629921 76.28014296502202 0
90.20993711572557 62.51026102304934 0
131.0172329305925 20.25339115120552 0
94.69311727061987 62.70563587772143 0
75.27074157664323 61.86056879016485 0
136.4063184234051 16.60357029264779 0
54.24224390050554 29.85922268467578 0
74.6319528566716 91.57513133124205 0
138.2766135367838 59.37939648811734 0
46.90031576177165 96.70248090531376 0
178.7836489912697 22.35831506659946 0
3.950892455782181 32.84110152563912 0
50.71743024253753 42.58468495266897 0
52.07341653557366 28.48619255810436 0
81.24330624757152 62.12068406824099 0
149.0747423983948 68.89247712151688 0
188.6233655669321 35.67426278387999 0
99.17605778373631 62.90130938434581 0
171.1042577444653 77.6134676109517 0
55.3398221795259 90.70503469553871 0
86.52830489096078 61.05798726857022 0
67.35445173381871 55.05378137804607 0
82.04660559499868 60.8624221451356 0
2.569894631397858 57.40054383228527 0
136.5246601311217 14.02713626789519 0
52.86947471122312 27.21043647100022 0
52.14694397331183 9.115160005301846 0
137.210256372922 15.34695935990839 0
129.5237346744023 20.18746342678361 0
62.94256167530042 35.40623437823115 0
76.24557933872198 89.0436612061028 0
170.4271101541724 93.11034590969859 0
65.45904310129234 29.07003969346629 0
49.9550043262472 94.33954933446179 0
133.0114315430286 60.45281931955382 0
53.96768701843529 71.25314472122136 0
135.4002723485947 90.31968757369955 0
1.287013568877654 58.1421812893407 0
153.0689251694516 12.15285037490882 0
181.216738493162 85.8005118488132 0
85.85420836740349 1.37973938634299 0
85.62524929304931 81.70612320228977 0
177.677380313283 14.53191516798371 0
187.1367029046098 35.59005983220173 0
50.69923201744137 25.8605869705463 0
143.1884593228978 32.44360627650018 0
70.14597756765507 91.37071495769609 0
10.17925770939438 6.471776546889714 0
60.51992995625922 22.38289896945971 0
133.9040345511071 90.25463445529539 0
128.8306501999698 18.86179730291705 0
171.9212754234642 93.17341456204112 0
188.0820943890495 82.23266109091793 0
56.25255729876308 70.06686192416265 0
62.0096157544159 22.44939044251822 0
79.05951272446492 60.73108851227096 0
52.19943346806113 42.65339464526451 0
176.8257820000189 15.81320328221584 0
120.5467517379639 36.61342029987327 0
65.29619866441712 67.88266305817301 0
173.8559098112538 15.67144371000845 0
76.47283546875639 33.39136384650533 0
186.3453259952171 36.71777097703583 0
55.75898974050771 97.20431585006098 0
54.76688260112103 70.0019191504054 0
127.3618024727834 35.63153511975993 0
178.4516064386694 80.51634988143628 0
68.23134553006406 53.75915204282831 0
8.568858052526025 92.17384959282523 0
174.6979786844868 14.39553202700182 0
121.1448772127559 57.37124133806174 0
79.75025199520418 62.05548415091861 0
177.046697818184 77.85381456489331 0
173.3730589251763 76.40570049837319 0
127.3364909321325 18.79578438911023 0
46.83130411364543 29.56110844338535 0
75.77996383843112 32.0856706967968 0
172.6224400700073 94.50160877390645 0
125.0731382501395 53.64441712485215 0
125.865882339688 35.56576094084922 0
56.81444827355573 90.76300523004696 0
174.8622899536353 76.46906712270081 0
177.2950520885463 22.29338618698685 0
65.21617402446577 17.41893236930336 0
64.42901409493351 35.47175502692397 0
56.93485862634859 71.38090680022586 0
137.0118232138616 87.79286796563174 0
125.8389162396299 18.73007289906687 0
66.09759154323575 66.62587058846279 0
65.34465860641652 31.64575593091726 0
97.68095956388022 62.83588374999749 0
146.9690437123832 31.31947788613899 0
163.6517326757763 26.83914893636688 0
96.9886461228507 61.51112054871183 0
83.54027732885855 60.92663283555714 0
84.23186007399687 62.25071447685526 0
131.7218403400312 88.85956564541686 0
85.72577282657707 62.31688005351442 0
93.19784624869033 62.64034070203517 0
174.9131235034817 93.30181454973746 0
69.714983196213 53.82773408828717 0
59.48012606127769 12.00807081848303 0
67.84582107803703 92.56326767335403 0
92.50624137379195 61.31617681779422 0
88.71543909747908 62.44529930871605 0
51.46197491700286 7.794833786892646 0
88.02303328595865 61.1228430029913 0
50.64322332699248 95.65471217495356 0
146.284132455703 29.99133393010531 0
66.83992411490995 31.71609428414068 0
188.5578711258939 88.69326729800981 0
34.44669331106752 2.659006320294552 0
9.009355256833373 53.85474145466674 0
175.6163153625991 94.63289867755887 0
7.733137424044855 79.26384128389236 0
61.08206868187678 9.483580253043414 0
112.7962463046262 77.72535698609036 0
181.1028175313974 88.38015553918606 0
47.56267299950512 47.66454624038442 0
136.2065078849985 89.05658829036815 0
123.7609598240341 31.585472578387 0
129.5365811328803 87.46738951996468 0
177.897176086908 93.42168928405975 0
149.1849594323738 66.31227807401297 0
189.1055278896289 8.630090306928587 0
71.82735857667235 55.24829482219161 0
175.8017432983989 22.22934262359681 0
179.3919947608383 93.48493605045539 0
128.039519060435 87.40389306458329 0
76.69459548308191 28.22124253329373 0
148.5752631705273 28.80129517484911 0
65.54732967534522 93.75767168944226 0
114.9777281934572 79.10554322940689 0
127.2299089236145 88.66460401033831 0
60.39190576377612 8.158984950822955 0
66.22845876384761 95.08279984330467 0
118.2535766630915 54.66654391722844 0
60.28199229326337 10.74585000928237 0
72.70489499714715 53.95296727090943 0
107.8779365457098 17.95728110120976 0
56.47717760301896 64.92432906136804 0
51.32703001865966 96.87737992331742 0
151.6677598760463 26.35930698126026 0
107.1834372428067 16.62647597301427 0
11.04692090131063 2.711123422010701 0
188.19442504384 79.66196079304132 0
125.7378602938896 88.59957355515593 0
7.319588924254774 85.1617830944591 0
150.8651578256203 27.61393089251683 0
106.505110785574 15.30559166107059 0
187.5070471963606 78.34081672529362 0
160.5342785742934 12.49019851513774 0
98.5091847782528 97.34043783279685 0
74.18968973837713 54.0217317645774 0
63.93563971427302 96.24546587151463 0
132.0716791153901 64.30481173828996 0
114.0223019535291 49.29059902162273 0
147.6840788668507 66.23534710412031 0
124.1205741291917 91.1235932722839 0
66.01525275338213 16.15959049550348 0
122.6280849649273 91.06007004653904 0
76.30706542664421 55.4409294584998 0
74.883985380298 97.8682683993547 0
138.1611008721861 61.95017637668523 0
121.1290564168758 90.99576599095769 0
140.1171260613859 68.49339262835892 0
113.1946863781033 50.56231705318427 0
3.881202162218955 61.19877071833155 0
67.58881385967942 66.68958542653309 0
169.8463393188734 21.9635249431634 0
111.050832311484 49.15770457348914 0
78.09344844928981 14.09538757228525 0
56.58884034038664 62.3506316310224 0
77.1816382603001 54.14724827030079 0
109.5611318005819 49.09609672807349 0
194.3226476047688 91.5261348046417 0
101.3299735284989 13.78548264814236 0
66.81702036121324 14.90001090926523 0
139.305250823623 69.75742937678639 0
118.2556882242315 88.27694814502905 0
64.85827543199983 8.347008444827551 0
58.21299933545082 6.775462669894189 0
82.58176978113551 14.29032446214745 0
69.07935616102731 66.75276595101677 0
137.8116254492969 69.68942125735884 0
78.66742437065923 54.21615228627943 0
117.4410767670194 89.53670538791521 0
21.12570619867509 98.86582764147813 0
87.066557924297 14.48454443917176 0
115.2668972568889 88.14041568194568 0
65.65983526125621 7.079523059679879 0
113.7647089432112 88.07985202091038 0
160.2333443217761 68.07521108664481 0
80.78657696022503 55.63556400634879 0
144.2501169356749 59.63970854438985 0
59.01138249340529 5.509735621606353 0
52.25931210448482 6.53487174119266 0
112.9494591307445 89.34039758101926 0
70.5712607426692 66.81909790306273 0
84.01721775758368 67.39786843641036 0
101.059041147786 55.19937914862621 0
64.9719943268651 5.754566935681382 0
172.0291231395641 23.35775549410752 0
99.56587357179582 55.13726014470289 0
81.66104908036729 54.34175077902683 0
168.4580274936399 19.31618225389416 0
68.308720598669 14.96471702968024 0
110.7774455371082 87.94403494855251 0
150.9835186258392 25.03020729633461 0
98.7063256080615 56.42277651688731 0
53.08580044015225 22.08242520327222 0
114.2787581000852 41.54761236942761 0
48.74705299058294 19.29887187875621 0
161.3441510057904 11.23173567965659 0
58.33153433043414 4.21941202658423 0
72.06360561544129 66.88431263798412 0
83.1476905749789 54.41079495345889 0
109.274623237908 87.88379517338871 0
151.7892972685133 23.76889544432847 0
189.8995980508157 74.58251600038795 0
105.5158116973802 55.39342952823039 0
124.928908504016 89.86270891067292 0
103.1933882498647 56.60943138083288 0
96.59342050723946 54.99712845934532 0
166.1763548074876 20.51068451703054 0
95.09260862503787 54.93723657137991 0
85.26868874057509 55.83053592576869 0
56.01037805375769 58.46493835186362 0
124.3830461928996 69.15101509688054 0
171.5750314950683 84.08998666911226 0
108.4584353419029 89.14430062476691 0
119.0154798254878 36.53452629645446 0
94.23055102905012 56.22324614159277 0
86.14267216774041 54.53699805239195 0
28.74692109613167 53.39562629164708 0
92.11230316230215 54.80133931631871 0
90.60872230653135 54.74154145745917 0
170.7610381742183 85.34935849934298 0
106.2875181391084 87.747564642909 0
18.33186551467374 97.12511211709962 0
87.61463984905413 54.6127153438631 0
89.75567397941018 56.01975225919162 0
52.88455791907273 43.9767440771444 0
102.6876498130501 33.25190915821745 0
73.55597084340235 66.94926730341346 0
173.7512487943484 85.47659388023803 0
88.51734508727856 67.58757863640167 0
65.91668604009827 35.54209842725734 0
69.80130646560144 15.02961415961195 0
168.587237434132 83.96415778365282 0
167.0893139030032 83.90383810485132 0
104.7840866432987 87.6877431445582 0
166.2767006926993 85.16020524921457 0
5.531719657143796 11.2993159580357 0
173.5153364759314 23.42191539495369 0
65.77342819417689 4.489317923735669 0
12.17318471057183 98.68903422682138 0
103.9677713655137 88.94818912384298 0
100.4900447411079 31.85409670376779 0
175.2453444399427 85.54105332445988 0
133.6794973634369 97.87422669596472 0
57.50011599667049 58.52387829628847 0
57.23337679495346 49.42712081117447 0
66.60652181307255 36.86217760924175 0
49.80600671864143 46.43505811291455 0
179.7229409947563 85.73287530993828 0
101.7937459216703 87.55353738014414 0
8.112248919611488 2.546084261142255 0
66.57763487731009 3.225395178323353 0
25.7967468154568 97.23337077531613 0
176.7375675591154 85.6036694158748 0
71.29519289054085 15.09426506622382 0
58.98894779741612 58.58715983057219 0
154.0792011402599 22.58376757371528 0
24.25 98.72384965146458 0
100.2922048588329 87.49203166882793 0
115.7442716079537 44.20592260511198 0
92.98780342042213 67.78416772008318 0
58.71032501456106 49.48554467608076 0
49.43794643609389 20.65088203972033 0
99.47503724716512 88.75166697977123 0
177.5431730752586 84.34875719005225 0
75.04949571512012 67.01549153816225 0
147.2090115824448 98.68372632556131 0
13.241794911082 37.04055930679707 0
154.8877561145409 21.31691139835047 0
59.78702040627452 57.3355859138802 0
188.3048494576649 9.875373693370214 0
117.1446681305639 80.49152249808191 0
193.7780388539347 70.89326782568051 0
57.22521632848615 46.77693004024338 0
97.3064136513235 87.35396406395299 0
55.22449615865362 76.47368687097753 0
95.81066559374085 87.2890988342923 0
60.90551015484775 48.24404487955005 0
193.0943698062935 69.57326336069988 0
169.1525325621358 20.63990944641341 0
76.54229548699115 67.0795755887407 0
159.3577698904451 21.52363161684703 0
61.27642272987678 57.3957229145911 0
111.2444795920917 43.98433841622274 0
171.3319054710164 22.03179323121858 0
78.03592220681097 67.14467180709823 0
99.81972557332401 30.53500100577301 0
162.6103472872292 83.70958951113811 0
61.68679937280242 49.61493782507366 0
70.38904476895038 35.74814184584073 0
161.7923170114746 84.9687272696459 0
164.1037603795764 83.77317548078526 0
159.6216977600893 83.58464983871811 0
62.76588409674755 57.45352291082005 0
110.5337546347487 42.66004822577611 0
3.993227032144162 30.41928307222749 0
158.8085879593454 84.84066787892019 0
71.07950701572908 37.06320949874852 0
97.61546079907029 29.13291540745341 0
79.52957682275755 67.2098441289874 0
155.0411778692275 85.96841872366717 0
12.63774256406761 49.96341825725122 0
27.19219746129696 55.96939452528671 0
19.49726934285147 60.68449728715593 0
63.8829932878556 48.37404369508791 0
121.9789339690675 72.9204479082897 0
180.0897097055092 94.79032728440271 0
193.9983116003828 65.74901982571421 0
81.02376272131238 67.27410353876772 0
121.8535757018328 75.5330340851465 0
43.42939684597989 22.98775805493509 0
64.67404572402413 49.75331710116493 0
82.52175531632574 67.33725888942669 0
101.9275850285447 3.570754823455907 0
68.09707994626513 36.93391149172363 0
107.0664094169106 36.00945156434194 0
114.8338804110589 48.02000447322923 0
116.3378345330231 48.09154486020958 0
124.0326867678207 76.8842115872354 0
68.89988874090091 35.68262061952987 0
17.26420646866347 47.62691709886666 0
115.9833590252692 72.68785883592274 0
66.14060244136175 49.80538587646374 0
119.1903637271765 67.64590912062424 0
123.2390626414408 78.16506100265454 0
84.8143373219593 66.1406027024249 0
104.0225045744176 38.49764344583427 0
72.78516109168294 15.15733890327302 0
175.5647636001669 77.79195895430971 0
186.825321938035 9.810752380986742 0
125.4143998767432 79.51570939321867 0
110.7992271415428 71.15970271457397 0
113.0934382190533 69.96739310652063 0
151.8291045569535 91.02523205470618 0
109.3003749588791 71.09430159025953 0
107.8028715796796 71.0267538459438 0
33.48725460851216 48.32472294436074 0
106.3111856415845 70.96416936411217 0
86.3084594918698 66.20644610333478 0
29.6215227274123 52.11341929103964 0
104.814155705479 70.89640371633267 0
68.37114122090728 48.59026061080372 0
113.7966306702274 71.29602347272035 0
114.4913297298046 72.62350094590887 0
180.6997709688824 79.31151996149943 0
193.6475382765103 90.21308129009967 0
86.99725405718353 67.52551180712115 0
69.14438890840982 49.94947000245411 0
43.50962670987248 3.649997963967273 0
87.15845027689919 28.68629162508908 0
84.96395993969178 27.28897820435223 0
70.60342160714907 49.99625527443627 0
126.1035269224408 80.83280755975078 0
182.5459932238823 4.249870957681182 0
79.79685630799634 25.77637185022196 0
89.30805143692928 66.33993378763965 0
177.7439211878198 79.1834945122321 0
136.6725292582428 61.88008290163308 0
72.56999757910133 37.12860757241788 0
51.486950700673 24.5995942329224 0
72.84546659492985 48.78692145748984 0
90.79854244168408 66.40563849591149 0
102.5164667918921 38.41230071363584 0
135.1845798176724 61.82169133395471 0
74.27870899411201 15.21992617525594 0
73.36737061017544 35.8788994003593 0
73.61842239319809 50.14543679648096 0
75.7737560052545 15.28160416300709 0
94.99632639007871 88.55304164685697 0
91.49495705690642 67.7209117977763 0
115.657193390805 94.64862917875092 0
74.86334814367598 35.93615679762161 0
75.07882171972568 50.19241530222224 0
101.9566202541687 51.35961208271873 0
76.58274471804972 14.02601721858183 0
100.4578861046726 51.28469809494819 0
52.29120242872348 23.34272708068733 0
94.19159188144715 89.81600917350053 0
93.79123319712899 66.53525679351756 0
99.69913845648412 49.92705629688747 0
94.87887596754173 91.13797820961875 0
77.32283424863314 48.98347552305979 0
78.76120299814767 15.41726159673891 0
98.23529715098998 49.88066514468935 0
95.57319222212193 92.46063498172332 0
12.76982717791543 92.1329969936603 0
78.09556967587855 50.34136099736872 0
96.00826096149471 51.1129839522721 0
95.28092371921605 66.60271039865749 0
80.25837810931009 15.47931617769314 0
156.2869938971117 3.941166187393485 0
94.77963233289105 93.65402973888143 0
79.55715059227184 50.38851857747007 0
81.06969174690275 14.22084880233903 0
95.9694017983747 67.91702111633019 0
34.96660831310749 34.15284218276988 0
81.80276288734555 49.17988604083712 0
83.2485727551645 15.61238279095203 0
93.85795792797401 47.10382877260714 0
97.4620870359102 67.98228499449051 0
82.57532375161705 50.53730111857412 0
84.74629484203405 15.67430558831649 0
91.61507209918722 48.30559305085598 0
84.0484027736837 50.58967820066322 0
90.84934694415908 46.94778796108611 0
198.7972294209913 73.00757045783183 0
85.56064581229037 14.41655520507909 0
89.3991938903881 46.90858136298161 0
75.66797177739321 34.66930630030824 0
87.14162839374487 48.12424436894953 0
87.74155021304067 15.80377669979063 0
98.9562904084225 68.04689116123441 0
89.23542917261359 15.87083704573987 0
113.4950800454365 25.94506929602377 0
100.4586085392596 68.11848787678781 0
90.73101082722046 15.93475759367923 0
157.3270317531587 84.77742589013631 0
91.53924985516714 14.67313583259677 0
187.554360028469 95.02414656552071 0
93.03619348704952 14.73590694388963 0
101.9488354753439 68.18583504189735 0
102.6332427840427 69.49888381183592 0
120.904389195958 12.05162267496781 0
94.53141621209193 14.80096710764764 0
156.5199074500686 86.03624386442306 0
96.02579857977709 14.86716635161065 0
174.0633041401093 27.2463819976203 0
194.4418369857966 88.97497481839724 0
97.52283347530691 14.92785712089909 0
75.08634861780911 30.77508944813079 0
112.931853584051 22.04971139866347 0
98.34029344966811 13.66157122015218 0
102.8239647264957 13.85702814149911 0
100.6586899988505 12.45735710053581 0
99.15952137934529 12.39675856542826 0
149.6600604639123 53.35044066703125 0
75.88834755687928 29.50513556966061 0
198.586830753341 58.15547248810463 0
117.1106136300835 13.18463779629011 0
104.3287516871835 13.92156426564752 0
105.8343886606128 13.98800215664542 0
116.2980099688823 14.43967377817783 0
108.7409488077267 50.37400670832895 0
125.3927602096001 12.24921548795567 0
107.93700459688 51.62701469485845 0
113.9963005706617 15.63761423911774 0
114.8079097969178 14.38226601007975 0
106.327746782166 54.12976580497836 0
119.4168319589817 11.98040601499697 0
144.460542675863 4.00435271199553 0
111.6958036013365 16.83554746407378 0
107.1328089839699 52.87791747066644 0
118.6032837647078 13.24079364988629 0
123.0729766640726 13.44570337474474 0
112.5060117193399 15.58028573891369 0
109.3809951575479 18.04409993813946 0
123.894894874928 12.18589544203377 0
128.3909092682485 12.38371829550805 0
127.5682760162243 13.63577313282369 0
110.2024683016499 16.78040477407498 0
177.3224451024981 98.70848410788443 0
132.8880292465463 63.0276904502288 0
130.5560548942732 13.77328244487401 0
132.8815833236593 12.58144953318769 0
132.0526576051591 13.8379190074441 0
141.9220177464245 10.3895418664376 0
135.0400736881998 13.96855332712491 0
140.4358710042567 10.32113699855714 0
132.7714232465998 65.59952795374234 0
138.1458390348626 11.50528914150645 0
101.4704645025833 44.85957972294732 0
103.3295930058209 70.82267320897753 0
180.6369268478788 14.69476078440202 0
131.9736651528512 66.85816052526164 0
104.0287008234045 55.33476269857812 0
181.4410240571642 13.43557675772498 0
60.68646943100566 87.06498488384852 0
101.7603411111441 37.04664918793225 0
31.7249503670659 1.332806667220737 0
131.1657927167929 68.11648064280101 0
154.2291583403146 87.22772794475088 0
129.6699600661433 68.05704938443526 0
120.6288549595318 17.19233353870563 0
182.2448591644416 12.18301925015809 0
75.99527099180249 26.92657391254653 0
128.1765726722102 67.99338212831017 0
10.18729610772751 45.57461066483161 0
14.76899093781397 53.9918953568627 0
22.113729156689 54.46605524372675 0
126.6867479747 67.92604222676148 0
76.79094048640323 25.66774672149354 0
24.27822980911486 55.85920144296342 0
125.1919531495251 67.87203340542445 0
77.60091170141793 24.40558063568338 0
6.195284138205665 12.60584810566047 0
154.107062290394 89.82308885693752 0
153.3071740865154 91.08713093518669 0
153.4287513947861 88.49278920298119 0
125.0840465265121 70.44376137938154 0
117.5125219522064 19.64035117329473 0
79.10907373766395 24.46725007657736 0
119.138229106964 17.12066832848916 0
34.06278671130622 52.30270917018946 0
118.3239325067687 18.3828066601942 0
9.311816122268112 7.670298050548304 0
115.2157784476921 20.83869611615144 0
63.121191277975 83.27758112307195 0
183.0555931182668 10.91351648899686 0
116.0272456370725 19.58459188268888 0
81.29182730703297 25.8449783020565 0
5.757669297203719 3.748011938794349 0
113.7341003590693 20.78748315736337 0
151.7187227103665 93.59122199819285 0
82.79325655344807 25.91068417197628 0
84.29590949401974 25.9772141859247 0
64.58223898516202 83.3549637363767 0
151.0265786152445 92.28009770411933 0
113.6083275467618 23.36541042393457 0
112.8131067036122 24.63221953231281 0
86.47715144666046 27.36803700014772 0
89.4500878124865 27.51271818336967 0
88.64963738935559 28.75384192909716 0
112.6958965106193 27.21025994910786 0
90.94693227559959 27.57515367084666 0
92.44192329370492 27.64031175634869 0
95.44773821800403 27.76048991992373 0
93.94191140661026 27.70034144118752 0
111.8931840677239 28.4739319402259 0
1.276642476254665 10.70818176917989 0
124.2776155031411 71.70117233209449 0
111.0820621037325 29.74081170968188 0
122.7827609274042 71.65220076488367 0
99.13228768031669 29.21592548638606 0
110.262328718327 31.00875347686615 0
122.6602607368952 74.24170065811853 0
96.95622121286662 27.8225429710217 0
108.7716317650004 30.94541770551429 0
89.51659074556629 94.78344334388709 0
135.8566560937547 12.70705890554784 0
136.6698826440972 11.44781470929648 0
107.2919979775339 30.88258692911247 0
106.4802406315374 32.13445430158588 0
185.346314757739 9.738882110126696 0
104.9943671016591 32.07597423150663 0
7.801702014107136 26.66265613505299 0
104.1803087589452 33.3198741529562 0
102.0048991336567 31.93476450091672 0
138.9691383049208 10.25275091659967 0
52.4953613689403 54.45315244343553 0
7.010264975088191 27.99346344643322 0
114.2228555763151 44.1324636708263 0
133.6931068392505 61.76778178198828 0
46.53731109583249 54.23814761713217 0
125.2806384121598 82.13275034039494 0
132.1468579967768 3.80616413398392 0
142.7487698507174 9.108863189640587 0
143.5613323357318 7.819592330335368 0
123.7816995820372 82.07929826961353 0
142.8747220579687 6.496822326677623 0
142.1742008103783 5.242892538293518 0
122.2860147453482 82.01427641927935 0
120.7931247380413 81.94632332132423 0
17.58763692100115 2.632593275200961 0
67.80599994523729 78.32477870221018 0
53.07117243307293 5.289270605417393 0
6.803040651350244 13.86325902118197 0
117.806390853256 81.81131027076056 0
9.346524240095448 1.27541823626845 0
119.297146630022 81.88090592384668 0
69.9430813936973 79.7043791729015 0
115.6601112899478 80.4083822234447 0
40.64455585695668 53.95936822124727 0
184.6876084395481 8.415668494616362 0
100.2948413278934 37.00504398446483 0
197.2415068717479 89.19544701394371 0
197.6371731310044 53.06393319983599 0
71.58780361417308 77.1926613555413 0
183.9965726036664 7.089987023656739 0
114.8362189657712 81.66884355225264 0
183.2883358438634 5.729878277111972 0
112.5139378817861 82.87819200896433 0
111.0142000624897 82.81883089195257 0
113.345062335704 81.61823700707934 0
70.76541765082005 78.44821589664087 0
109.5116263866525 82.76026769197622 0
73.91204050013378 75.97668881970489 0
73.07114520050524 77.24414798342461 0
108.0193575651476 82.69107817605143 0
15.55714636152678 52.7926052254152 0
106.518638947011 82.63000484693892 0
75.39705386557814 76.05558808872195 0
105.0263426259103 82.56074130643768 0
66.85254724514118 82.15143900872165 0
103.5254134698713 82.49971940976381 0
102.0331097630255 82.43038069238935 0
66.98486429420811 79.57100899193907 0
66.18209336255883 80.82960529232375 0
100.5319861580043 82.36940374618271 0
175.0892647376674 71.24001491690311 0
99.03968148209572 82.29999993546711 0
97.53837443660628 82.2390765298869 0
66.04769317558998 83.41230694897024 0
78.81839464099632 82.69007827828621 0
96.04617620336454 82.16956975217374 0
103.660331445652 46.24424525150488 0
80.34431816728967 82.74682135562776 0
81.83246339265872 82.81563075317172 0
94.56062542801121 82.0987584865621 0
86.30053627558068 83.01523646757207 0
89.31529272887829 83.14284818308099 0
91.61108389231941 81.96269466160678 0
84.13151601468495 81.63976258623666 0
87.80605376071787 83.08414113920801 0
109.0681687380663 42.60375128270707 0
93.09213170877972 82.02630872891271 0
90.79035279584852 83.20773183667782 0
83.30849354302478 82.8830539996201 0
108.3840216684995 41.264749971874 0
109.1620053606823 39.9856518115639 0
108.4783229819821 38.64981835413786 0
196.4741549968133 76.15621969029658 0
39.33131426251254 67.9668494899183 0
107.7774824444006 37.32981387885471 0
134.6126949846778 2.630737261576968 0
12.47475976618483 38.42570607660705 0
137.8751486416205 97.99818889663143 0
14.59174559659048 39.76772547751001 0
34.95670264081775 98.74710341687731 0
197.2054903977399 74.84154901948401 0
13.82356685884213 41.12440055898406 0
117.2592069942112 96.30225908427246 0
31.66786680903043 98.6478087753469 0
14.50838816761254 42.4086619224303 0
16.64097216557438 43.70866152119824 0
62.28595959440106 84.56633189939825 0
62.95390581796833 85.87730971237285 0
15.88009640623672 45.00370195442855 0
39.40423929452663 48.62783212109201 0
198.7795175982089 55.18518518518507 0
18.02649916387466 46.30468418850874 0
62.14973918520845 87.13113351283397 0
27.62022618789071 48.19255536896751 0
42.43064505089937 29.41698702344325 0
197.9042083765665 90.48440668026879 0
173.644058360115 6.537983736574922 0
163.0387128910003 31.95063998670232 0
59.87629731404561 88.31261553970455 0
1.44172120882439 89.23012155636681 0
95.28002969994517 49.78938149249929 0
94.57827389315035 48.45281986243658 0
191.390720222368 40.91192176376288 0
189.1848508747047 50.81408294670169 0
178.4277259317942 97.33647545194711 0
113.2221591905669 2.585376967442201 0
190.6912811084655 39.5769254780858 0
154.1107998525576 3.256773530717162 0
179.2171076213928 28.85896151370984 0
59.06668667341616 89.55455089534313 0
71.59761578969619 2.455421212737775 0
58.26744021700204 90.81068619813088 0
51.0490569311438 3.869236570050106 0
189.7212755104693 57.78796889848694 0
11.49835365790656 47.62099875790517 0
2.499424089419179 16.10870887740992 0
4.620789298107113 95.52315220996215 0
198.7644081569155 30.04876661182849 0
58.93968281526223 92.14412609961312 0
58.16106591190871 93.42099120643647 0
190.0629348784851 2.43472260506789 0
187.9691619706624 40.27557583922758 0
58.83043859148023 94.78201531099194 0
113.502406563014 42.80308768384888 0
48.2833606454017 49.02136073760467 0
139.9748482666591 5.040008932183213 0
155.0682739806944 37.4124267062117 0
6.759672908535578 16.41889305967847 0
18.21542873654948 62.90408727354692 0
82.0889171651627 2.604032563187189 0
2.482119803643187 66.29629185834028 0
58.08156564293756 95.85743066138677 0
81.28943378973042 95.98880752301673 0
3.019758728654139 6.262814855174874 0
150.9544981400144 94.81597048848201 0
13.82726102754202 5.233029724036506 0
13.43915741704068 65.35948965132592 0
151.5259455387895 40.5148535025622 0
26.52678247663862 54.66824767488641 0
42.76283795111804 74.66074011988441 0
198.7954860445919 65.60118619670057 0
146.828383942418 50.69112850011953 0
25.08256562707039 54.59815148863134 0
91.00475520373949 94.7964449383083 0
39.4010078332306 31.8686598386865 0
6.149483076795264 97.14963697583765 0
138.4213108397311 6.431735700512242 0
15.42036690445818 1.203244295179793 0
59.4597854581346 97.56309733335102 0
143.3704549777399 97.10567856053439 0
18.13696630127519 60.57541377752638 0
17.516398412135 59.32938333752065 0
118.7212553110471 94.59187750454326 0
16.83271600739687 58.02117355583187 0
171.9656278479883 4.91532772588247 0
16.15476041081868 56.71104561911874 0
33.39972959838795 64.97738265650489 0
15.45882844845715 55.37520499440915 0
1.180215338515396 64.0740740740741 0
169.3810625228769 28.60219736505384 0
24.69819165976996 48.08079889482819 0
151.7067290793412 96.14759462949279 0
6.572271640978911 21.54839995093944 0
41.88485931266202 87.98423272110388 0
39.76106829531878 91.20169318845014 0
184.2735718667158 69.11319500785514 0
154.9276165686606 35.83071883407103 0
150.5019436741426 57.09502132253914 0
82.89487864132482 3.912936555688347 0
6.98462249966893 23.58389787432905 0
6.828399410375084 83.12826288124653 0
48.87624577237365 2.573728133278344 0
198.622223306121 91.72234164493959 0
163.3425967142617 70.73937186475496 0
147.4767239475495 52.08894900628152 0
131.4903280299304 5.036094590213139 0
79.95615312028751 3.872760140691362 0
35.74374736373744 63.90317019674997 0
162.2916607222341 98.77623967944601 0
182.3930716680277 64.75638568683908 0
180.7786852214747 96.02432376463238 0
14.35380537146071 97.49161381714768 0
27.326867537225 53.36516555853701 0
2.50043033642649 24.88580086507141 0
148.8115859160843 1.306663652599809 0
110.8185479806095 3.91852611561653 0
9.101691468093662 29.52597583937697 0
7.690422630628916 29.3552448901298 0
2.449601990386455 85.39921229154517 0
197.1552450350495 7.783693176949036 0
42.0795810756273 73.24598066479858 0
80.51845576141137 97.29877010925806 0
120.079426594164 94.77886619641134 0
154.3158330049914 65.28482133903793 0
194.0094495704368 96.62935657526103 0
193.1182250220234 97.92735018421178 0
170.5505733323245 6.657648590999649 0
153.1901994443833 96.23021764624436 0
37.08862266595442 97.57675354577279 0
92.51153020998296 94.80623551331098 0
158.9972118164558 65.65617100600468 0
189.4140130548477 49.10913346679453 0
42.08495823456442 90.1867593586631 0
197.5954090457523 84.24903293833809 0
183.3365635432112 70.4633123643205 0
48.01310437101105 3.830121990153238 0
114.1196946405937 1.307291847387077 0
2.521667042321155 82.99973764692474 0
35.96385285028455 94.81398041488076 0
191.5197603884969 52.63511081964711 0
61.92114258438332 98.77582122104967 0
40.81899895970211 29.49808184079281 0
197.7078078229234 33.4704806332839 0
78.40473162368778 3.788179158724688 0
142.8698838734421 4.060648614645665 0
197.4392575808798 19.26077493374573 0
195.7397774096705 5.183134960045294 0
198.7883885110637 70.07560808762656 0
26.90974453968126 46.86027287349513 0
183.312500241476 98.80839002383972 0
39.11282255606378 29.66750830431288 0
59.17061880965223 3.013642995848727 0
99.34855270769735 96.18347356945641 0
151.8544774965915 37.86618408881723 0
108.8169832503164 2.553835205376174 0
13.753565191135 2.951729180139914 0
9.000165028861261 31.7996940002806 0
197.513049081673 86.74911158371069 0
2.328408542473852 18.65409422867823 0
132.8556578184116 2.514723134991314 0
196.938745686646 94.14461836845373 0
18.34209451416322 36.03835760588711 0
121.7883269976316 96.40296018852104 0
153.9915263859675 97.55704316361017 0
4.082037894408842 4.011815975065488 0
41.37175170655784 71.8267719596786 0
38.51934495894018 97.57608885608381 0
127.0136303093182 5.039672653596831 0
173.2078979103215 28.34749741798669 0
63.26540755722625 99.01183441721221 0
88.19391685445137 2.860495955827218 0
54.83698832824188 2.537575180979502 0
185.5612631859018 2.426681582164974 0
44.56366320485181 16.43964075847438 0
41.28137171726659 14.24204225440308 0
77.58463160391723 2.530044287341838 0
30.69861683178443 59.81506646954159 0
10.70465955738422 93.53957303606104 0
151.3032132939135 46.22213503733074 0
94.00588044366611 94.81327870130048 0
8.910332490475568 56.3260795684073 0
40.6503113155776 70.44777089143655 0
170.7998278955927 71.2581705030706 0
198.8761148490294 36.0499918771763 0
5.724866310429306 2.170677203499466 0
3.687353498529106 96.37352025967967 0
2.176925525277625 94.42028702036255 0
43.17010821976366 83.56836380691314 0
9.72237141331351 66.77698233454382 0
1.491285119851909 91.71278180783193 0
1.45053624732212 8.044291369321215 0
168.1997458181996 7.891998802060662 0
43.08165001543076 97.7381357954927 0
157.3873084165277 33.99696041222947 0
149.7278913868726 48.27489859316119 0
43.3143546476791 78.23763525230521 0
196.2513412733946 96.17314397634041 0
196.2589101164614 3.761363281108061 0
107.9166688113482 3.780885841990688 0
11.172404104303 7.787746337818149 0
46.57214808604948 3.807669379447148 0
197.8726336909566 5.697446705131959 0
189.49253299476 98.81685126029194 0
190.7523036628212 1.287411711091501 0
15.1768021148463 98.76396804912923 0
169.974190491426 98.8888511511272 0
45.64116982651558 5.124841051683433 0
155.4200783878337 97.54000011184061 0
138.1827672079104 1.135461642903159 0
25.46086133285597 46.9578235256632 0
123.2303702710502 94.61964979277066 0
20.99552557238675 60.87798621043012 0
40.03069894034012 97.60122863016548 0
198.7605137220473 64.03859196869843 0
6.200826381964873 34.47477689765635 0
185.2588569446821 96.11211493585321 0
8.031005729490971 1.208661520969351 0
198.9297746936709 31.48148148148146 0
54.02641760593919 3.858809075129486 0
75.49731648968483 3.795193650297684 0
198.8797014496682 38.92985080142935 0
64.63354261553789 97.28604732551376 0
7.895195388461502 19.31828127348452 0
197.4520388321654 67.31913223991745 0
185.7530835921828 64.33027767818413 0
25.0794522555459 59.74471715467584 0
197.6461700742105 11.46705178612775 0
186.6677648905533 96.22963243234142 0
7.610050699691328 36.85080968033178 0
7.461249242103534 39.63362353939078 0
42.96275370431766 2.406420502761335 0
166.7357990649598 6.176773331179277 0
25.93884965589157 60.95671193826215 0
111.7663190625072 2.557597336772723 0
41.7051692892835 16.40431895291928 0
105.9357062370886 2.412122819149928 0
133.9585835014205 6.16433697648462 0
122.3030156883696 5.022832836966607 0
190.8403814123438 56.65050153502982 0
1.076374314868417 68.50206330576853 0
197.5830873318593 81.20491270083855 0
197.4401323102533 16.83352992887233 0
178.5463939994343 1.181486126441392 0
188.5899173792791 2.398854280580821 0
7.408790133996874 14.98211840769495 0
156.8155450409447 97.53324209806655 0
197.6001917237975 14.42939203331466 0
150.1668707882708 54.76034873191256 0
29.63943260703587 37.91704784151935 0
95.54408958107734 94.87288123985904 0
194.244697393469 2.143143598631362 0
124.5324705257068 94.90064120345713 0
41.57267136623854 97.66109938359689 0
37.35882786280787 66.61467697139878 0
191.243777244983 45.78386782228549 0
8.856128352653613 42.06076479040566 0
6.449139067851689 73.99525468983336 0
99.95482387610255 95.02508031466715 0
40.07651679646898 69.1667979284118 0
198.9166691333676 50.58807889165713 0
197.6564504915949 61.89308854942592 0
73.91381551731916 3.670616936392243 0
198.7303641964091 8.112062064025729 0
16.37489631044639 34.76491177399607 0
11.91826821172155 65.16069654216173 0
41.92717017947136 13.08562162203507 0
158.8372560489927 31.51639669160851 0
66.42325402182502 98.84297313881916 0
41.46041903769867 2.35990482355961 0
1.017336967711273 87.7777777777778 0
158.2918221503897 97.56122013784447 0
184.1727862581978 35.25918978315919 0
184.2419592137117 97.5188578978366 0
165.2319784098014 7.840382639438772 0
104.3376236605028 2.465401847135986 0
97.00816986408965 94.94156403583777 0
36.37222279926208 34.37042644578393 0
177.7345848423709 2.554758291875743 0
11.39386870462337 52.41667798503671 0
126.2941132485302 96.45926979246666 0
43.83224740622414 98.8695112772577 0
45.30148454294063 98.88986454667936 0
47.58861651439098 97.87004155000091 0
179.8122526277602 97.3841382174154 0
7.407519697140287 58.8638629871776 0
101.4746041153132 95.07304807355814 0
169.837239909299 29.72848794594624 0
160.6806180312026 69.45958709281665 0
2.427761075312461 61.59139040707076 0
130.7814071683607 6.199673014835582 0
38.16674291833951 7.00494687737914 0
73.08433016150776 2.465439791960172 0
39.98099386509966 2.315057522697465 0
191.538836288032 2.531725380431439 0
159.770750257786 97.58851028462485 0
67.74497101530451 99.06884205625904 0
197.7460500971615 42.5388681346549 0
2.334943509058576 73.83305426521292 0
163.7532282924146 6.13496914841901 0
103.4285958852992 3.637745299574192 0
187.0642085089997 2.398485377069022 0
22.4944595171778 60.55285223402925 0
15.41546900506268 94.0243843204849 0
29.8207994615741 60.94526109619491 0
3.609398861721246 78.99149029359864 0
127.7318362676391 94.74770453586366 0
12.84746302799257 6.35384977400404 0
6.854040747668975 78.14564934512745 0
10.20591282996332 68.00272455007904 0
175.4936496398959 3.804607676671097 0
11.57396082078191 34.75404847665593 0
102.9628347357984 95.09669866051733 0
71.0063401156761 3.69576811129582 0
153.4780003648683 63.98186576766078 0
176.6307950235707 69.1870152631729 0
15.72873729039303 64.10605605839024 0
129.3388581055359 6.161502856602006 0
38.46460178312563 2.296511545741211 0
18.80897947249716 37.29488621555821 0
26.00265472468067 45.44765707968791 0
164.6577009280099 70.96279336853496 0
25.20891549136535 40.07831890639314 0
177.8130525456667 28.47186877597188 0
2.228228311750925 76.64862622200073 0
2.348941991990756 90.47951094386629 0
160.5702525464594 98.83018018089966 0
173.6010600929357 71.56512334475718 0
43.4140363968061 81.22568269577675 0
197.5793004516112 45.21946553959148 0
101.4057603433791 2.326518731414119 0
2.450287109294507 13.32803148781202 0
69.10517931487396 97.43006584049678 0
9.893446685754654 92.25259611941786 0
33.19618511099051 63.66118155223968 0
3.651730852354689 26.78906537570086 0
2.455551532227133 80.78690611946661 0
2.387552086431015 21.64137883155208 0
49.7817935179218 98.94388058523502 0
162.2400666995117 7.744226341030654 0
97.77361569112257 96.13988087002838 0
31.69581945179014 36.9567619980967 0
2.250460291220918 10.04216744928261 0
153.393801062434 37.71549440078639 0
184.8309573275025 3.539901639208267 0
43.60192332845936 20.91404062873292 0
46.10473244563063 97.80840783157178 0
132.8574940951113 4.948801435888235 0
35.90016490889229 5.495699589471627 0
129.0185329349318 95.03285355948842 0
30.33234029879002 0.9608128530047537 0
9.149531520834927 91.02483430331593 0
199.0636424077651 75.92592592592587 0
7.211006212874935 96.88766561507711 0
174.6456770207106 5.151869030970857 0
25.9275125456042 39.12552227026108 0
36.93490613740423 2.269743546858265 0
104.4708444960397 95.13793814844097 0
197.5790608636314 28.15976301053048 0
19.80705753191864 99.07960410127663 0
191.0857961847242 54.18966301923248 0
7.956068691257101 98.74146921755207 0
197.7840103961729 23.27933661434786 0
10.33603481891394 54.15735315459653 0
162.7489172148511 97.62394663197341 0
199.047042414355 9.352942756092844 0
195.1465973459069 4.147536280640381 0
199.0722611467149 78.88888888888886 0
30.23004602638066 99.0756176317868 0
69.52450697680888 3.63107747679112 0
18.62384772771273 61.60944382403147 0
3.549400572583338 31.54419208945203 0
3.477288902447796 15.19655092447305 0
128.5401253606783 5.023174931451805 0
190.7214480766887 98.97049658497485 0
197.7928832790852 73.68216937118341 0
44.60792207886416 18.97282832225024 0
19.63991318899899 1.201893745816484 0
70.91695851684898 98.92503412126101 0
182.3190436807678 33.93617744925358 0
6.738992217514962 2.843710361021721 0
99.94220609570871 2.268212738240365 0
32.83993044087052 97.40259282965549 0
184.8909224198808 63.62127546015165 0
10.68228935480816 64.9201963359192 0
165.9060497645322 71.13932330105476 0
171.8778789764732 28.13263119736742 0
187.771461147741 39.16669641050521 0
191.8920379590224 97.38608712078502 0
160.761632944213 6.10611409632272 0
8.079471145688288 80.81073807927179 0
48.30849006066525 98.94471612884549 0
11.3343637989107 33.66100197041678 0
184.9537747453944 36.49986757543886 0
182.3182103047542 67.81866601177838 0
19.76804229394213 39.03526455251455 0
130.6944769220304 96.56593327586415 0
140.9626978531931 5.396517213686977 0
105.9534892176964 95.15486817248575 0
136.6551135796901 1.19985802596586 0
17.22894546098956 97.67306326023993 0
188.3881670574373 58.27081343837412 0
180.9063507461805 31.29811292390884 0
126.2742371480233 6.084819271666305 0
169.4461642649261 6.276860078914545 0
68.80803169549206 2.398890331486633 0
197.6304869414738 25.96377344593141 0
23.99405340384351 1.097024060301599 0
197.859105007813 54.48196652849141 0
194.3850509304776 97.81228081685498 0
5.331974479053102 61.49570887436205 0
164.2725142460386 97.67143321990858 0
2.339411867330568 23.6564913822622 0
124.769167908677 5.968251979518016 0
161.8743889341176 31.57553002216979 0
2.0173071448244 5.661544947140825 0
199.0228030209882 90.5751822691048 0
0.9153939202389267 71.47406800921871 0
163.8097893989894 30.59854670961629 0
22.38418612623821 38.98012305456117 0
18.84075599085423 2.481554206610966 0
72.25268717323084 99.13666950782752 0
10.05468019405033 44.41645863342079 0
98.47236612289534 2.213495486039349 0
180.3259439888463 70.66340667799571 0
32.78975533215356 2.35838524372047 0
42.81601706428548 85.54330032515466 0
197.6456340329538 59.22904538673409 0
22.99186023370152 59.42494699827751 0
156.6468782384505 65.54788448737156 0
159.2508366044038 7.727968646708895 0
23.0641946719295 40.2198885712086 0
12.43063901840053 48.54239844239576 0
2.175587739836772 29.26917873647066 0
107.4585542535056 95.19426617900152 0
2.12071577652506 64.8860110451443 0
197.8325092697733 20.48750369132442 0
164.2260290974939 69.66082929244412 0
197.7723952486353 39.78458436857323 0
13.97884421751513 36.02696556943474 0
56.87116282533642 97.61601314142624 0
28.99003371536044 39.17920818471134 0
67.32828418574229 2.356875682849562 0
27.9310629240651 1.721786209675706 0
135.4135908183789 6.634465081134437 0
37.15938372414281 33.33820855870553 0
183.5549665273713 3.512380189211882 0
181.4812925341761 3.226582073881517 0
165.6934737562488 97.69654015547098 0
190.2323850954009 47.84716842301708 0
32.89503420348575 35.14845755951492 0
11.32398089880681 50.35798602534487 0
16.75 0.8575289497215905 0
35.69328080854734 2.135132723972205 0
7.423206835960684 61.56598766828607 0
191.3122402632799 51.18632748267208 0
43.03049838936023 24.0880465455797 0
167.3847728734178 71.27286182376848 0
167.6185407699934 97.94229328570449 0
27.84256443437786 40.71985481529605 0
96.97379360198725 2.17976752976552 0
43.10104507098229 21.84746493247154 0
133.8664073899121 99.0527440236613 0
50.53194120310808 97.85519393078133 0
73.61707250942061 97.57481074601711 0
5.362285321799519 32.6119755887748 0
152.7053374108701 62.83952330642209 0
179.2307305803641 68.80439725142115 0
157.9676856079174 7.485318220041691 0
108.9677155410809 95.24432488779036 0
35.8676403851946 97.67181048928109 0
197.6908674334181 57.10268493048781 0
7.707135066654757 73.92306562473451 0
11.06753945043056 46.27151658741887 0
5.602081123268604 98.05418707788172 0
65.83726457837494 2.315573270961707 0
150.50866929065 44.15615579524385 0
3.928951016431597 5.271532082093714 0
6.966393457777045 20.12931415623978 0
42.98482944126322 76.95969498571651 0
120.0940133408514 5.739200936635584 0
148.6629327914221 52.33385078483471 0
124.2591354307014 4.891565740105889 0
181.0980182041104 1.939463445201184 0
60.50569219403897 97.18312967425167 0
52.02558024642751 97.87077769253219 0
155.801967476051 33.81737374223486 0
197.8298277903622 70.88435830935177 0
193.2108268901549 1.391439960444821 0
148.7445044120473 49.24042191627515 0
75.33945710154021 99.05766768787319 0
21.57536783413198 97.78228891310617 0
95.44897432668435 2.172540969697394 0
170.7946362751449 68.81421339799057 0
41.66670115737369 10.81423030890801 0
28.45072397319197 97.77430129817608 0
15.54337936556064 95.20236385787385 0
21.629439067314 2.273634714548038 0
135.25 99.18682494138582 0
43.68651802939138 25.80171124753749 0
197.9130172737899 85.55555555555557 0
198.9576125943572 52.62618182544775 0
7.10825086669648 84.19520298956124 0
110.4680024651613 95.28248121795431 0
28.51608476460149 60.6895613719432 0
198.0392229519304 32.10959796977984 0
165.068616727258 29.00901870690308 0
196.0361925222251 95.10751605963713 0
187.0639528178134 62.60061503239234 0
8.540806587982374 55.13824484053727 0
64.33244650509104 2.270957150954075 0
122.0285408076251 6.039909392561036 0
176.2356323380353 70.34959828060599 0
35.02991711385779 64.71360724845009 0
168.8003368833126 71.37132513056636 0
6.81280608203744 22.61837235009182 0
167.9502864823219 99.00519714119199 0
36.74281285180827 94.18604623479524 0
180.179266168696 30.04363435288175 0
170.2644397473663 30.95169770324393 0
53.5258286324687 97.88523238291674 0
12.19031637327252 33.0951936355759 0
2.092207817651683 84.12354505878073 0
38.24446970452358 67.70730458646196 0
187.5893355083706 59.32685030066801 0
42.729605407637 84.52109949953842 0
168.3956318842652 28.09830628210894 0
159.19489084988 66.9891223753485 0
2.048013425236149 67.75327279046536 0
151.1340672594446 59.19843878581511 0
94.05699505445115 2.109254725260257 0
7.922575163600101 13.75324180487063 0
154.0325975329801 2.155713071110092 0
3.111221660196918 94.09007700638037 0
76.75 99.22206244785826 0
14.17031933035103 3.867430811790292 0
150.2888889127449 46.81661927784585 0
184.4887251027274 64.50219740370713 0
111.9286338261439 95.26504638815179 0
197.9005414390443 15.80765174915747 0
9.500532369366098 30.65676899612426 0
170.2017578157079 97.81718753105071 0
41.54496536690162 89.12679563999629 0
190.9161943956416 44.52527374271559 0
136.5765111303205 97.63823081291297 0
42.7467697758828 12.4948866016032 0
175.723985334336 28.43587410761794 0
6.381181960227366 85.84632226979153 0
197.9236702426758 66.25892465937048 0
117.9270366695085 4.332425111674169 0
197.7343722019108 88.1745167847856 0
189.0032362691703 40.60122525361163 0
152.3958094102011 39.87803831868872 0
24.99226613021038 97.97994284598968 0
198.9769550699002 34.00050644076451 0
62.92601282987886 2.285315977396209 0
59.72645490631414 2.211607965320582 0
131.7006592847229 96.32471723858743 0
185.7272215125392 37.70164171486037 0
179.3944253846323 31.23426261028445 0
20.91574022972196 62.01818533072978 0
32.63958089999244 62.86259718725522 0
54.99989209022866 97.945252334296 0
16.99447643766054 64.01677909500646 0
7.185157570489466 81.71203972135905 0
141.141436237507 3.096984167673234 0
25.79582879579002 0.7369120070462714 0
138.9923406139893 5.474612829271486 0
6.048006996845871 24.30267182239404 0
2.494650490276172 7.457672921488481 0
2.024768943419161 17.40736898535581 0
198.0693061323917 94.42609046990293 0
24.75006312024905 44.83981906310732 0
138.179458798056 99.16053219033388 0
$EndNodes
$Elements
7 20446 1 20446
1 12 1 34
1 12 608 
2 608 609 
3 609 610 
4 610 611 
5 611 612 
6 612 613 
7 613 614 
8 614 615 
9 615 616 
10 616 617 
11 617 618 
12 618 619 
13 619 620 
14 620 621 
15 621 622 
16 622 623 
17 623 624 
18 624 625 
19 625 626 
20 626 627 
21 627 628 
22 628 629 
23 629 630 
24 630 631 
25 631 632 
26 632 633 
27 633 634 
28 634 635 
29 635 636 
30 636 637 
31 637 638 
32 638 639 
33 639 640 
34 640 12 
1 13 1 34
35 13 641 
36 641 642 
37 642 643 
38 643 644 
39 644 645 
40 645 646 
41 646 647 
42 647 648 
43 648 649 
44 649 650 
45 650 651 
46 651 652 
47 652 653 
48 653 654 
49 654 655 
50 655 656 
51 656 657 
52 657 658 
53 658 659 
54 659 660 
55 660 661 
56 661 662 
57 662 663 
58 663 664 
59 664 665 
60 665 666 
61 666 667 
62 667 668 
63 668 669 
64 669 670 
65 670 671 
66 671 672 
67 672 673 
68 673 13 
1 14 1 42
69 14 674 
70 674 675 
71 675 676 
72 676 677 
73 677 678 
74 678 679 
75 679 680 
76 680 681 
77 681 682 
78 682 683 
79 683 684 
80 684 685 
81 685 686 
82 686 687 
83 687 688 
84 688 689 
85 689 690 
86 690 691 
87 691 692 
88 692 693 
89 693 694 
90 694 695 
91 695 696 
92 696 697 
93 697 698 
94 698 699 
95 699 700 
96 700 701 
97 701 702 
98 702 703 
99 703 704 
100 704 705 
101 705 706 
102 706 707 
103 707 708 
104 708 709 
105 709 710 
106 710 711 
107 711 712 
108 712 713 
109 713 714 
110 714 14 
2 2 2 672
111 864 935 891 
112 723 829 827 
113 723 903 829 
114 831 850 828 
115 891 935 754 
116 789 851 782 
117 792 855 796 
118 836 856 839 
119 765 857 761 
120 820 848 817 
121 760 850 763 
122 828 850 729 
123 808 809 725 
124 770 771 718 
125 827 828 729 
126 847 954 897 
127 761 857 715 
128 721 856 836 
129 790 855 792 
130 619 770 718 
131 629 827 729 
132 635 808 725 
133 906 939 814 
134 744 929 768 
135 842 928 741 
136 735 860 859 
137 861 889 734 
138 908 954 847 
139 845 930 738 
140 748 923 854 
141 441 905 743 
142 769 858 767 
143 906 907 740 
144 404 916 403 
145 447 917 446 
146 851 941 782 
147 740 939 906 
148 464 918 463 
149 412 919 411 
150 817 848 816 
151 759 850 760 
152 907 934 740 
153 737 937 788 
154 741 975 842 
155 768 974 744 
156 854 923 889 
157 931 952 882 
158 738 931 845 
159 623 846 624 
160 442 905 441 
161 430 913 730 
162 924 963 860 
163 835 911 834 
164 866 958 837 
165 835 958 911 
166 423 883 422 
167 889 923 734 
168 735 924 860 
169 846 981 624 
170 757 938 909 
171 858 949 767 
172 820 977 848 
173 445 923 444 
174 406 924 405 
175 882 962 931 
176 724 885 774 
177 929 992 768 
178 747 883 423 
179 848 950 720 
180 931 962 780 
181 788 976 737 
182 818 890 822 
183 849 957 723 
184 888 910 878 
185 789 908 851 
186 848 989 950 
187 909 965 757 
188 876 955 874 
189 882 952 883 
190 957 978 805 
191 799 978 626 
192 456 940 455 
193 865 936 750 
194 769 980 858 
195 735 916 404 
196 403 916 751 
197 446 917 734 
198 756 917 447 
199 837 951 866 
200 849 978 957 
201 826 846 623 
202 463 918 731 
203 758 918 464 
204 736 919 412 
205 411 919 749 
206 790 791 716 
207 719 817 816 
208 759 760 715 
209 816 848 720 
210 721 835 834 
211 729 850 759 
212 860 963 843 
213 743 905 904 
214 431 913 430 
215 842 963 928 
216 746 870 869 
217 733 873 871 
218 465 902 758 
219 746 915 459 
220 837 958 835 
221 874 969 752 
222 774 885 783 
223 850 946 763 
224 907 960 934 
225 829 955 832 
226 878 991 888 
227 903 955 829 
228 459 915 458 
229 755 963 924 
230 845 993 930 
231 739 935 864 
232 855 948 796 
233 856 950 839 
234 765 949 857 
235 719 890 818 
236 826 851 847 
237 626 978 849 
238 625 799 626 
239 618 770 619 
240 628 827 629 
241 608 890 609 
242 634 808 635 
243 622 826 623 
244 640 790 716 
245 637 853 727 
246 725 853 636 
247 727 855 638 
248 718 852 620 
249 621 852 717 
250 627 849 723 
251 633 857 728 
252 715 857 632 
253 726 885 616 
254 617 885 724 
255 720 856 612 
256 613 856 721 
257 639 855 790 
258 719 816 610 
259 729 759 630 
260 631 759 715 
261 611 816 720 
262 721 834 614 
263 615 834 726 
264 859 916 735 
265 734 917 861 
266 875 969 874 
267 822 890 825 
268 831 946 850 
269 730 913 912 
270 9 902 465 
271 937 965 788 
272 897 943 847 
273 879 899 749 
274 877 898 731 
275 862 996 732 
276 751 900 894 
277 880 901 756 
278 437 969 959 
279 738 952 931 
280 752 876 874 
281 939 940 814 
282 851 908 847 
283 734 923 445 
284 444 923 748 
285 405 924 735 
286 755 924 406 
287 918 991 878 
288 809 810 725 
289 771 772 718 
290 827 829 828 
291 758 991 918 
292 871 887 733 
293 793 920 716 
294 12 920 608 
295 881 883 747 
296 717 941 851 
297 608 995 890 
298 732 922 862 
299 864 921 739 
300 874 955 807 
301 834 911 726 
302 793 953 920 
303 742 940 456 
304 747 886 881 
305 723 957 903 
306 785 979 911 
307 907 980 769 
308 852 941 717 
309 853 942 727 
310 959 969 875 
311 727 948 855 
312 720 950 856 
313 857 949 728 
314 865 956 936 
315 728 949 858 
316 832 955 876 
317 884 996 862 
318 719 818 817 
319 760 761 715 
320 791 793 716 
321 721 836 835 
322 790 792 791 
323 826 847 846 
324 736 951 919 
325 736 956 951 
326 725 997 853 
327 718 998 852 
328 843 977 860 
329 815 945 914 
330 768 992 769 
331 881 886 776 
332 776 886 781 
333 809 811 810 
334 829 830 828 
335 771 775 772 
336 455 940 939 
337 769 992 960 
338 883 952 422 
339 934 960 753 
340 785 911 787 
341 854 984 748 
342 792 794 791 
343 818 819 817 
344 760 762 761 
345 836 837 835 
346 911 979 726 
347 726 979 885 
348 830 831 828 
349 809 844 811 
350 811 812 810 
351 775 776 772 
352 829 832 830 
353 760 763 762 
354 819 820 817 
355 818 821 819 
356 792 795 794 
357 836 838 837 
358 762 764 761 
359 776 779 772 
360 812 813 810 
361 830 833 831 
362 775 881 776 
363 811 814 812 
364 836 839 838 
365 792 796 795 
366 764 765 761 
367 818 822 821 
368 763 861 762 
369 819 859 820 
370 795 877 794 
371 838 879 837 
372 776 781 779 
373 812 815 813 
374 775 882 881 
375 833 854 831 
376 822 825 824 
377 433 745 432 
378 460 746 459 
379 454 740 453 
380 446 734 445 
381 450 744 449 
382 441 743 440 
383 417 739 416 
384 409 741 408 
385 405 735 404 
386 426 737 425 
387 413 736 412 
388 421 738 420 
389 457 742 456 
390 436 732 435 
391 463 731 462 
392 400 733 399 
393 430 730 429 
394 439 752 438 
395 403 751 402 
396 424 747 423 
397 444 748 443 
398 465 758 464 
399 448 756 447 
400 407 755 406 
401 415 750 414 
402 411 749 410 
403 419 754 418 
404 452 753 451 
405 428 757 427 
406 781 782 779 
407 815 867 813 
408 839 840 838 
409 764 766 765 
410 796 797 795 
411 822 823 821 
412 796 798 797 
413 766 767 765 
414 839 841 840 
415 783 785 784 
416 877 878 794 
417 774 783 778 
418 822 824 823 
419 763 889 861 
420 859 860 820 
421 806 807 805 
422 804 805 802 
423 785 787 786 
424 824 872 871 
425 788 789 782 
426 768 769 767 
427 841 843 842 
428 787 866 865 
429 872 888 887 
430 783 784 778 
431 631 715 632 
432 629 729 630 
433 615 726 616 
434 624 722 625 
435 627 723 628 
436 637 727 638 
437 619 718 620 
438 613 721 614 
439 617 724 618 
440 633 728 634 
441 611 720 612 
442 635 725 636 
443 621 717 622 
444 640 716 12 
445 609 719 610 
446 781 788 782 
447 785 786 784 
448 798 869 797 
449 639 790 640 
450 636 853 637 
451 815 868 867 
452 638 855 639 
453 620 852 621 
454 626 849 627 
455 632 857 633 
456 616 885 617 
457 882 883 881 
458 612 856 613 
459 824 871 823 
460 610 816 611 
461 630 759 631 
462 614 834 615 
463 766 768 767 
464 804 806 805 
465 841 842 840 
466 806 874 807 
467 872 887 871 
468 893 897 896 
469 787 865 786 
470 803 863 862 
471 722 799 625 
472 724 770 618 
473 723 827 628 
474 609 890 719 
475 728 808 634 
476 764 880 766 
477 717 826 622 
478 722 801 800 
479 724 774 773 
480 774 778 777 
481 777 780 773 
482 800 802 799 
483 871 873 823 
484 803 804 802 
485 784 864 778 
486 869 870 797 
487 806 875 874 
488 863 884 862 
489 724 773 770 
490 803 862 804 
491 722 800 799 
492 777 845 780 
493 800 803 802 
494 774 777 773 
495 728 858 808 
496 717 851 826 
497 801 893 892 
498 803 892 863 
499 864 891 778 
500 823 894 821 
501 778 891 777 
502 801 892 800 
503 777 891 845 
504 800 892 803 
505 873 894 823 
506 795 898 877 
507 893 896 895 
508 797 898 795 
509 893 895 892 
510 892 895 863 
511 750 967 865 
512 870 898 797 
513 838 899 879 
514 840 899 838 
515 920 995 608 
516 762 901 764 
517 821 900 819 
518 861 901 762 
519 819 900 859 
520 751 916 900 
521 901 917 756 
522 764 901 880 
523 888 902 887 
524 894 900 821 
525 731 918 877 
526 749 919 879 
527 844 907 906 
528 904 905 833 
529 832 904 830 
530 844 906 811 
531 830 904 833 
532 811 906 814 
533 789 909 908 
534 888 983 910 
535 845 931 780 
536 928 963 755 
537 791 910 793 
538 914 945 742 
539 794 910 791 
540 899 933 749 
541 898 925 731 
542 877 918 878 
543 894 926 751 
544 756 927 880 
545 844 980 907 
546 746 972 870 
547 733 973 873 
548 900 916 859 
549 861 917 901 
550 784 921 864 
551 862 922 804 
552 806 922 875 
553 873 926 894 
554 870 925 898 
555 769 960 907 
556 812 945 815 
557 878 910 794 
558 893 943 897 
559 879 951 837 
560 442 961 905 
561 914 915 868 
562 889 946 854 
563 876 971 832 
564 869 982 746 
565 763 946 889 
566 938 988 909 
567 897 912 896 
568 860 977 820 
569 815 914 868 
570 824 953 872 
571 902 991 758 
572 752 944 876 
573 770 987 771 
574 716 920 12 
575 922 959 875 
576 921 932 739 
577 757 965 937 
578 912 913 896 
579 884 970 434 
580 786 921 784 
581 804 922 806 
582 847 943 846 
583 775 962 882 
584 808 990 809 
585 801 943 893 
586 434 996 884 
587 766 974 768 
588 842 975 840 
589 805 978 802 
590 624 981 722 
591 747 947 886 
592 731 925 462 
593 751 926 402 
594 462 925 461 
595 402 926 401 
596 744 927 449 
597 448 927 756 
598 449 927 448 
599 454 939 740 
600 450 929 744 
601 741 928 408 
602 413 936 736 
603 409 933 741 
604 426 937 737 
605 740 934 453 
606 738 930 420 
607 417 935 739 
608 739 932 416 
609 730 938 429 
610 407 928 755 
611 749 933 410 
612 750 936 414 
613 753 929 451 
614 415 932 750 
615 452 934 753 
616 419 930 754 
617 754 935 418 
618 757 937 427 
619 428 938 757 
620 455 939 454 
621 451 929 450 
622 408 928 407 
623 414 936 413 
624 410 933 409 
625 427 937 426 
626 453 934 452 
627 416 932 415 
628 420 930 419 
629 418 935 417 
630 429 938 428 
631 854 946 831 
632 920 953 825 
633 743 944 440 
634 439 944 752 
635 782 941 779 
636 867 942 813 
637 440 944 439 
638 905 984 833 
639 810 997 725 
640 772 998 718 
641 781 976 788 
642 942 986 727 
643 737 947 425 
644 424 947 747 
645 789 965 909 
646 814 945 812 
647 865 967 786 
648 727 986 948 
649 422 952 421 
650 425 947 424 
651 754 993 891 
652 796 948 798 
653 767 949 765 
654 839 950 841 
655 732 959 922 
656 913 999 896 
657 953 983 872 
658 437 959 436 
659 443 961 442 
660 887 964 733 
661 432 966 431 
662 421 952 738 
663 885 979 783 
664 457 968 742 
665 438 969 437 
666 434 970 433 
667 460 972 746 
668 400 973 733 
669 801 981 943 
670 435 996 434 
671 733 964 399 
672 888 991 902 
673 943 981 846 
674 863 994 884 
675 940 945 814 
676 873 973 926 
677 870 972 925 
678 742 945 940 
679 899 975 933 
680 933 975 741 
681 927 974 880 
682 744 974 927 
683 852 998 941 
684 853 997 942 
685 941 998 779 
686 942 997 813 
687 431 966 913 
688 746 982 915 
689 904 971 743 
690 773 987 770 
691 872 983 888 
692 915 968 458 
693 994 999 745 
694 895 999 994 
695 825 953 824 
696 961 984 905 
697 966 999 913 
698 950 989 841 
699 743 971 944 
700 951 956 866 
701 944 971 876 
702 737 976 947 
703 742 968 914 
704 919 951 879 
705 909 954 908 
706 866 956 865 
707 807 957 805 
708 832 971 904 
709 807 955 903 
710 771 962 775 
711 858 990 808 
712 787 958 866 
713 399 964 9 
714 436 959 732 
715 903 957 807 
716 947 976 886 
717 748 961 443 
718 911 958 787 
719 9 964 902 
720 843 963 842 
721 788 965 789 
722 921 967 932 
723 902 964 887 
724 982 985 868 
725 926 973 401 
726 925 972 461 
727 914 968 915 
728 869 985 982 
729 745 966 432 
730 897 954 912 
731 458 968 457 
732 793 983 953 
733 752 969 438 
734 780 987 773 
735 936 956 736 
736 886 976 781 
737 433 970 745 
738 461 972 460 
739 401 973 400 
740 880 974 766 
741 730 988 938 
742 840 975 899 
743 802 978 799 
744 809 990 844 
745 891 993 845 
746 868 985 867 
747 783 979 785 
748 895 994 863 
749 722 981 801 
750 833 984 854 
751 890 995 825 
752 798 985 869 
753 841 989 843 
754 884 994 970 
755 779 998 772 
756 813 997 810 
757 732 996 435 
758 896 999 895 
759 985 986 867 
760 915 982 868 
761 798 986 985 
762 786 967 921 
763 825 995 920 
764 932 967 750 
765 910 983 793 
766 912 988 730 
767 867 986 942 
768 753 992 929 
769 930 993 754 
770 948 986 798 
771 962 987 780 
772 954 988 912 
773 748 984 961 
774 909 988 954 
775 960 992 753 
776 745 999 966 
777 771 987 962 
778 844 990 980 
779 977 989 848 
780 843 989 977 
781 970 994 745 
782 980 990 858 
2 3 2 672
783 1149 1222 1182 
784 1121 1166 1046 
785 1182 1222 1034 
786 1009 1131 1059 
787 1010 1136 1094 
788 1162 1187 1037 
789 1037 1225 1162 
790 1117 1122 1011 
791 1078 1141 1082 
792 1103 1166 1121 
793 1076 1141 1078 
794 1115 1117 1011 
795 1043 1121 1046 
796 1103 1121 1002 
797 673 1114 1000 
798 653 1085 1005 
799 646 1131 1009 
800 669 1136 1010 
801 1040 1238 1226 
802 1042 1173 1146 
803 1183 1223 1022 
804 1021 1219 1125 
805 1124 1274 1019 
806 1027 1275 1126 
807 1227 1234 1008 
808 1122 1284 1011 
809 1008 1269 1227 
810 1114 1172 1000 
811 1120 1228 1189 
812 1038 1142 1135 
813 1039 1144 1140 
814 473 1204 472 
815 1019 1186 1124 
816 1125 1184 1021 
817 501 1205 500 
818 1126 1198 1027 
819 1022 1239 1183 
820 1085 1199 1005 
821 1224 1238 1040 
822 514 1176 513 
823 1062 1203 1128 
824 508 1193 507 
825 1109 1172 1112 
826 1164 1200 1170 
827 1150 1221 1198 
828 1028 1195 1130 
829 1218 1226 1195 
830 467 1197 466 
831 486 1185 485 
832 1131 1132 1059 
833 1136 1137 1094 
834 1128 1267 1062 
835 1042 1213 1173 
836 1135 1216 1038 
837 1140 1217 1039 
838 1170 1253 1164 
839 475 1213 474 
840 1001 1175 1067 
841 1004 1174 1087 
842 1120 1189 1152 
843 1189 1228 1068 
844 1049 1181 1045 
845 1030 1176 514 
846 1233 1268 1098 
847 1028 1218 1195 
848 1032 1193 508 
849 1021 1185 486 
850 1198 1221 1027 
851 1012 1268 1233 
852 1000 1172 1109 
853 1112 1172 1129 
854 1126 1275 1156 
855 1156 1274 1124 
856 1056 1267 648 
857 1092 1268 671 
858 1108 1269 641 
859 1151 1237 1123 
860 1036 1221 1150 
861 466 1197 1019 
862 1123 1238 1151 
863 472 1204 1017 
864 1042 1204 473 
865 1043 1044 1003 
866 1076 1077 1006 
867 1013 1116 1115 
868 1101 1102 1002 
869 1028 1205 501 
870 500 1205 1035 
871 1171 1179 1041 
872 1130 1205 1028 
873 1031 1154 1153 
874 1015 1170 1169 
875 1020 1256 1160 
876 1157 1255 1033 
877 1067 1175 1071 
878 1087 1174 1090 
879 1152 1190 1035 
880 1040 1226 1218 
881 1073 1272 1199 
882 1190 1239 1022 
883 1018 1196 1178 
884 1148 1244 1145 
885 1147 1245 1143 
886 1183 1281 1223 
887 1219 1280 1125 
888 1065 1278 657 
889 1023 1222 1149 
890 1145 1212 1148 
891 1143 1211 1147 
892 1141 1234 1082 
893 1045 1181 1003 
894 671 1268 1012 
895 641 1269 1008 
896 648 1267 1128 
897 1029 1216 1135 
898 1025 1217 1140 
899 647 1056 648 
900 670 1092 671 
901 656 1065 657 
902 665 1181 666 
903 672 1114 673 
904 652 1085 653 
905 645 1131 646 
906 13 1108 641 
907 668 1136 669 
908 664 1043 1003 
909 644 1076 1006 
910 1008 1141 642 
911 649 1128 1007 
912 655 1175 1001 
913 1005 1175 654 
914 651 1174 1004 
915 1007 1174 650 
916 643 1141 1076 
917 1013 1115 658 
918 1011 1101 660 
919 661 1101 1002 
920 659 1115 1011 
921 1002 1121 662 
922 663 1121 1043 
923 1153 1155 1031 
924 1127 1187 1162 
925 1035 1205 1152 
926 1146 1204 1042 
927 1038 1143 1142 
928 1039 1145 1144 
929 1160 1256 1161 
930 1158 1255 1157 
931 1052 1181 1049 
932 1131 1229 1132 
933 1017 1194 1191 
934 1168 1192 1032 
935 482 1255 1248 
936 1247 1256 492 
937 1033 1159 1157 
938 1160 1162 1020 
939 480 1211 479 
940 526 1212 525 
941 1135 1252 1029 
942 1179 1196 1018 
943 1164 1253 1176 
944 1029 1213 475 
945 474 1213 1042 
946 1226 1238 1123 
947 1242 1263 1091 
948 1048 1177 1050 
949 666 1206 667 
950 1199 1272 1005 
951 1030 1177 1163 
952 1176 1253 1231 
953 1022 1236 1190 
954 1181 1282 666 
955 1193 1230 507 
956 1016 1209 1147 
957 1026 1210 1148 
958 1149 1208 1023 
959 1006 1229 1131 
960 1073 1199 1075 
961 1176 1231 513 
962 1140 1257 1025 
963 1128 1203 1007 
964 1232 1263 1159 
965 1165 1203 1064 
966 1185 1263 1232 
967 1132 1133 1059 
968 1137 1138 1094 
969 467 1250 1197 
970 1163 1177 1048 
971 1163 1176 1030 
972 1192 1193 1032 
973 1041 1180 1171 
974 1185 1232 485 
975 1177 1178 1050 
976 1165 1273 1203 
977 1248 1255 1158 
978 1008 1234 1141 
979 1161 1256 1247 
980 1011 1284 1101 
981 657 1278 1013 
982 1152 1205 1130 
983 1179 1249 1041 
984 1044 1045 1003 
985 1043 1046 1044 
986 1076 1078 1077 
987 1116 1117 1115 
988 1102 1103 1002 
989 1147 1211 1016 
990 1148 1212 1026 
991 1159 1263 1242 
992 1151 1238 1024 
993 1053 1246 1206 
994 1016 1211 480 
995 1026 1212 526 
996 1189 1190 1152 
997 1064 1203 1062 
998 1084 1234 1227 
999 1137 1139 1138 
1000 1132 1134 1133 
1001 1116 1118 1117 
1002 1044 1047 1045 
1003 1078 1079 1077 
1004 1102 1104 1103 
1005 1184 1185 1021 
1006 1203 1273 1007 
1007 1005 1272 1175 
1008 1007 1273 1174 
1009 1200 1243 1170 
1010 1139 1140 1138 
1011 1134 1135 1133 
1012 1178 1196 1050 
1013 1102 1105 1104 
1014 1079 1080 1077 
1015 1116 1120 1118 
1016 1078 1081 1079 
1017 1047 1048 1045 
1018 1104 1106 1103 
1019 1118 1119 1117 
1020 1140 1144 1138 
1021 1135 1142 1133 
1022 1078 1082 1081 
1023 1119 1122 1117 
1024 1106 1166 1103 
1025 1048 1049 1045 
1026 1105 1107 1104 
1027 1079 1146 1080 
1028 1120 1130 1118 
1029 1047 1163 1048 
1030 1051 1052 1049 
1031 469 1031 468 
1032 515 1030 514 
1033 509 1032 508 
1034 484 1033 483 
1035 466 1019 10 
1036 498 1022 497 
1037 506 1024 505 
1038 502 1028 501 
1039 476 1029 475 
1040 522 1025 521 
1041 491 1020 490 
1042 487 1021 486 
1043 494 1023 493 
1044 531 1027 530 
1045 527 1026 526 
1046 481 1016 480 
1047 472 1017 471 
1048 518 1018 517 
1049 512 1015 511 
1050 524 1039 523 
1051 478 1038 477 
1052 529 1036 528 
1053 500 1035 499 
1054 489 1037 488 
1055 496 1034 495 
1056 504 1040 503 
1057 474 1042 473 
1058 520 1041 519 
1059 1051 1053 1052 
1060 1106 1167 1166 
1061 1119 1123 1122 
1062 1082 1083 1081 
1063 1048 1050 1049 
1064 1082 1084 1083 
1065 1071 1073 1072 
1066 1087 1090 1089 
1067 1112 1129 1126 
1068 1047 1164 1163 
1069 1067 1071 1070 
1070 1050 1051 1049 
1071 1090 1165 1091 
1072 1105 1151 1107 
1073 1120 1152 1130 
1074 1097 1098 1095 
1075 1146 1173 1080 
1076 1063 1064 1062 
1077 1061 1062 1058 
1078 1099 1100 1098 
1079 1073 1075 1074 
1080 1169 1170 1167 
1081 1054 1055 1053 
1082 1071 1072 1070 
1083 1090 1091 1089 
1084 659 1011 660 
1085 646 1009 647 
1086 669 1010 670 
1087 641 1008 642 
1088 655 1001 656 
1089 651 1004 652 
1090 661 1002 662 
1091 657 1013 658 
1092 649 1007 650 
1093 667 1014 668 
1094 671 1012 672 
1095 673 1000 13 
1096 653 1005 654 
1097 644 1006 645 
1098 664 1003 665 
1099 1084 1153 1083 
1100 1073 1074 1072 
1101 663 1043 664 
1102 643 1076 644 
1103 642 1141 643 
1104 648 1128 649 
1105 654 1175 655 
1106 650 1174 651 
1107 1097 1099 1098 
1108 660 1101 661 
1109 658 1115 659 
1110 662 1121 663 
1111 1061 1063 1062 
1112 1063 1157 1064 
1113 1051 1054 1053 
1114 1075 1160 1074 
1115 1099 1150 1100 
1116 1109 1112 1111 
1117 1009 1056 647 
1118 1182 1183 1069 
1119 1106 1168 1167 
1120 1010 1092 670 
1121 1001 1065 656 
1122 1003 1181 665 
1123 1112 1126 1124 
1124 1012 1114 672 
1125 1004 1085 652 
1126 1006 1131 645 
1127 1000 1108 13 
1128 1054 1171 1055 
1129 1014 1136 668 
1130 1001 1067 1066 
1131 1164 1176 1163 
1132 1087 1089 1088 
1133 1004 1087 1086 
1134 1067 1070 1069 
1135 1168 1169 1167 
1136 1009 1059 1057 
1137 1088 1127 1086 
1138 1057 1058 1056 
1139 1096 1097 1095 
1140 1060 1061 1058 
1141 1010 1094 1093 
1142 1066 1068 1065 
1143 1093 1095 1092 
1144 1160 1161 1074 
1145 1111 1113 1110 
1146 1054 1179 1171 
1147 1109 1110 1108 
1148 1072 1149 1070 
1149 1153 1154 1083 
1150 1063 1158 1157 
1151 1126 1156 1124 
1152 1112 1124 1111 
1153 1089 1125 1088 
1154 1070 1182 1069 
1155 1096 1148 1097 
1156 1109 1111 1110 
1157 1001 1066 1065 
1158 1000 1109 1108 
1159 1093 1096 1095 
1160 1009 1057 1056 
1161 1060 1147 1061 
1162 1057 1060 1058 
1163 1067 1069 1066 
1164 1010 1093 1092 
1165 1004 1086 1085 
1166 1091 1184 1089 
1167 1087 1088 1086 
1168 1149 1182 1070 
1169 1089 1184 1125 
1170 1188 1189 1068 
1171 1183 1188 1069 
1172 1111 1186 1113 
1173 1088 1187 1127 
1174 1083 1191 1081 
1175 1066 1188 1068 
1176 1124 1186 1111 
1177 1125 1187 1088 
1178 1069 1188 1066 
1179 1154 1191 1083 
1180 1150 1254 1036 
1181 666 1282 1206 
1182 1104 1192 1106 
1183 1081 1194 1079 
1184 1107 1193 1192 
1185 1107 1192 1104 
1186 1079 1194 1146 
1187 1106 1192 1168 
1188 1017 1204 1194 
1189 1191 1194 1081 
1190 1114 1251 1172 
1191 1050 1196 1051 
1192 1054 1196 1179 
1193 1118 1195 1119 
1194 1130 1195 1118 
1195 1162 1264 1127 
1196 1053 1206 1052 
1197 1051 1196 1054 
1198 1177 1235 1178 
1199 1165 1242 1091 
1200 1019 1197 1186 
1201 1166 1243 1046 
1202 1046 1200 1044 
1203 1044 1200 1047 
1204 1191 1214 1017 
1205 1206 1246 1014 
1206 1032 1215 1168 
1207 1129 1198 1126 
1208 1031 1260 1154 
1209 1169 1261 1015 
1210 1194 1204 1146 
1211 1138 1201 1094 
1212 1133 1202 1059 
1213 1057 1202 1060 
1214 1093 1201 1096 
1215 532 1274 1156 
1216 1156 1275 532 
1217 1161 1208 1074 
1218 1072 1208 1149 
1219 1148 1210 1097 
1220 1147 1209 1061 
1221 1063 1209 1158 
1222 1258 1264 1075 
1223 1190 1236 1035 
1224 1237 1284 1122 
1225 1168 1215 1169 
1226 1154 1214 1191 
1227 1094 1201 1093 
1228 1059 1202 1057 
1229 1101 1207 1102 
1230 1047 1200 1164 
1231 1195 1226 1119 
1232 1207 1284 1237 
1233 1024 1283 1151 
1234 1144 1201 1138 
1235 1142 1202 1133 
1236 1013 1228 1116 
1237 1015 1253 1170 
1238 1134 1270 1173 
1239 1096 1244 1148 
1240 1060 1245 1147 
1241 1233 1251 1114 
1242 1178 1265 1018 
1243 1189 1239 1190 
1244 1077 1229 1006 
1245 1162 1225 1020 
1246 1188 1239 1189 
1247 1211 1276 479 
1248 1212 1277 525 
1249 667 1206 1014 
1250 1105 1237 1151 
1251 1167 1243 1166 
1252 1209 1248 1158 
1253 1161 1247 1208 
1254 1026 1220 1210 
1255 1102 1207 1105 
1256 1033 1232 1159 
1257 1074 1208 1072 
1258 1061 1209 1063 
1259 1097 1210 1099 
1260 1173 1270 1080 
1261 1134 1252 1135 
1262 1086 1258 1085 
1263 1080 1229 1077 
1264 1030 1235 1177 
1265 1098 1268 1095 
1266 1062 1267 1058 
1267 1017 1214 471 
1268 471 1214 470 
1269 509 1215 1032 
1270 476 1216 1029 
1271 522 1217 1025 
1272 1038 1216 477 
1273 1039 1217 523 
1274 1022 1223 497 
1275 502 1218 1028 
1276 1024 1224 505 
1277 494 1222 1023 
1278 527 1220 1026 
1279 487 1219 1021 
1280 1027 1221 530 
1281 1040 1218 503 
1282 504 1224 1040 
1283 496 1223 1034 
1284 1037 1219 488 
1285 529 1221 1036 
1286 1036 1220 528 
1287 1034 1222 495 
1288 510 1215 509 
1289 477 1216 476 
1290 523 1217 522 
1291 497 1223 496 
1292 503 1218 502 
1293 505 1224 504 
1294 530 1221 529 
1295 488 1219 487 
1296 528 1220 527 
1297 495 1222 494 
1298 1107 1283 1193 
1299 1020 1225 490 
1300 489 1225 1037 
1301 490 1225 489 
1302 1180 1262 1025 
1303 1119 1226 1123 
1304 507 1230 506 
1305 1153 1240 1155 
1306 1064 1242 1165 
1307 513 1231 512 
1308 485 1232 484 
1309 1113 1227 1110 
1310 1116 1228 1120 
1311 1099 1254 1150 
1312 506 1230 1024 
1313 1155 1250 1031 
1314 1085 1258 1199 
1315 1159 1242 1157 
1316 1101 1284 1207 
1317 515 1235 1030 
1318 1235 1265 1178 
1319 512 1231 1015 
1320 484 1232 1033 
1321 1100 1233 1098 
1322 1012 1233 1114 
1323 1127 1264 1258 
1324 1187 1280 1037 
1325 1034 1281 1182 
1326 1123 1237 1122 
1327 498 1236 1022 
1328 1035 1236 499 
1329 1024 1238 1224 
1330 1038 1276 1143 
1331 1039 1277 1145 
1332 1082 1234 1084 
1333 1018 1249 1179 
1334 1016 1248 1209 
1335 1208 1247 1023 
1336 1180 1241 1171 
1337 1041 1262 1180 
1338 493 1247 492 
1339 482 1248 481 
1340 1084 1240 1153 
1341 518 1249 1018 
1342 1041 1249 519 
1343 1157 1242 1064 
1344 1199 1258 1075 
1345 1031 1250 468 
1346 1197 1250 1155 
1347 516 1235 515 
1348 1193 1283 1230 
1349 1174 1273 1090 
1350 1175 1272 1071 
1351 483 1255 482 
1352 492 1256 491 
1353 469 1260 1031 
1354 1015 1261 511 
1355 1025 1262 521 
1356 520 1262 1041 
1357 1018 1265 517 
1358 10 1274 532 
1359 532 1275 531 
1360 478 1276 1038 
1361 524 1277 1039 
1362 1215 1261 1169 
1363 1154 1260 1214 
1364 1136 1266 1137 
1365 499 1236 498 
1366 1143 1245 1142 
1367 1145 1244 1144 
1368 1180 1257 1241 
1369 1227 1269 1110 
1370 1172 1251 1129 
1371 1025 1257 1180 
1372 1173 1252 1134 
1373 1183 1239 1188 
1374 1139 1257 1140 
1375 1171 1241 1055 
1376 1143 1276 1211 
1377 1145 1277 1212 
1378 1240 1271 1155 
1379 1170 1243 1167 
1380 1227 1240 1084 
1381 1160 1264 1162 
1382 1055 1246 1053 
1383 1023 1247 493 
1384 481 1248 1016 
1385 519 1249 518 
1386 1184 1263 1185 
1387 1202 1245 1060 
1388 1201 1244 1096 
1389 1241 1257 1139 
1390 1137 1259 1139 
1391 1091 1263 1184 
1392 468 1250 467 
1393 1220 1254 1210 
1394 1046 1243 1200 
1395 1259 1266 1246 
1396 1214 1260 470 
1397 510 1261 1215 
1398 1055 1259 1246 
1399 1142 1245 1202 
1400 1144 1244 1201 
1401 1207 1237 1105 
1402 1033 1255 483 
1403 491 1256 1020 
1404 1132 1270 1134 
1405 1014 1266 1136 
1406 1150 1279 1100 
1407 1127 1258 1086 
1408 470 1260 469 
1409 511 1261 510 
1410 516 1265 1235 
1411 521 1262 520 
1412 1075 1264 1160 
1413 1186 1271 1113 
1414 517 1265 516 
1415 1113 1271 1240 
1416 1068 1278 1065 
1417 1113 1240 1227 
1418 1058 1267 1056 
1419 1095 1268 1092 
1420 1110 1269 1108 
1421 1182 1281 1183 
1422 1125 1280 1187 
1423 1071 1272 1073 
1424 1090 1273 1165 
1425 1019 1274 10 
1426 1230 1283 1024 
1427 531 1275 1027 
1428 479 1276 478 
1429 525 1277 524 
1430 1198 1279 1150 
1431 1213 1252 1173 
1432 1029 1252 1213 
1433 1052 1282 1181 
1434 1197 1271 1186 
1435 1151 1283 1107 
1436 1155 1271 1197 
1437 1231 1253 1015 
1438 1210 1254 1099 
1439 1206 1282 1052 
1440 1129 1279 1198 
1441 1100 1251 1233 
1442 1036 1254 1220 
1443 1080 1270 1229 
1444 1229 1270 1132 
1445 1251 1279 1129 
1446 1139 1259 1241 
1447 1228 1278 1068 
1448 1013 1278 1228 
1449 1100 1279 1251 
1450 1037 1280 1219 
1451 1223 1281 1034 
1452 1137 1266 1259 
1453 1241 1259 1055 
1454 1246 1266 1014 
2 4 2 770
1455 550 1507 1295 
1456 1511 1558 1427 
1457 1514 1559 1441 
1458 1398 1399 1316 
1459 1485 1588 1392 
1460 1395 1485 1392 
1461 1402 1447 1397 
1462 1444 1470 1462 
1463 1305 1569 1342 
1464 1363 1570 1308 
1465 1442 1456 1431 
1466 1378 1457 1371 
1467 1335 1458 1339 
1468 1360 1459 1356 
1469 1423 1460 1414 
1470 1308 1544 1363 
1471 1342 1545 1305 
1472 1287 1558 1511 
1473 1285 1559 1514 
1474 1470 1537 1462 
1475 1396 1398 1316 
1476 543 1494 1307 
1477 1431 1456 1302 
1478 1371 1457 1311 
1479 1356 1459 1317 
1480 1318 1458 1335 
1481 1414 1460 1301 
1482 1309 1452 1367 
1483 1426 1550 1475 
1484 1440 1551 1473 
1485 577 1488 576 
1486 1468 1508 1329 
1487 1475 1582 1426 
1488 1473 1583 1440 
1489 551 1507 550 
1490 1428 1499 1410 
1491 1321 1488 577 
1492 1329 1536 1468 
1493 1429 1430 1302 
1494 1412 1413 1301 
1495 1369 1370 1311 
1496 1310 1397 1396 
1497 1318 1334 1333 
1498 1354 1355 1317 
1499 1290 1524 1509 
1500 1289 1501 583 
1501 595 1504 1292 
1502 1444 1462 1297 
1503 706 1452 1309 
1504 1310 1396 686 
1505 681 1369 1311 
1506 1318 1333 701 
1507 708 1354 1317 
1508 14 1429 1302 
1509 694 1412 1301 
1510 698 1444 1297 
1511 1304 1492 568 
1512 1303 1490 606 
1513 544 1494 543 
1514 1500 1501 1289 
1515 1292 1504 1502 
1516 1523 1534 1522 
1517 1522 1534 1330 
1518 1397 1447 1398 
1519 1391 1528 1323 
1520 1330 1521 1448 
1521 1448 1522 1330 
1522 1509 1555 1290 
1523 568 1492 567 
1524 606 1490 605 
1525 1307 1494 1493 
1526 1410 1513 1428 
1527 594 1518 593 
1528 587 1520 586 
1529 1296 1523 1506 
1530 1509 1584 1555 
1531 583 1501 582 
1532 596 1504 595 
1533 1453 1455 1286 
1534 1288 1485 1484 
1535 1555 1584 1379 
1536 1502 1503 1292 
1537 1463 1464 1331 
1538 1402 1448 1447 
1539 1332 1601 1467 
1540 1341 1565 1462 
1541 1464 1533 1331 
1542 1384 1571 1555 
1543 1523 1574 1506 
1544 1491 1492 1304 
1545 1489 1490 1303 
1546 1514 1515 1285 
1547 1511 1512 1287 
1548 1556 1562 1408 
1549 1341 1462 1344 
1550 1445 1592 712 
1551 533 1482 11 
1552 571 1486 570 
1553 1445 1510 1461 
1554 1367 1497 1368 
1555 1346 1481 1312 
1556 1315 1479 1373 
1557 1319 1478 1433 
1558 1320 1480 1416 
1559 1507 1573 1295 
1560 1328 1586 1469 
1561 1519 1601 1332 
1562 1450 1532 1364 
1563 1515 1548 1285 
1564 1512 1549 1287 
1565 1515 1527 1526 
1566 712 1592 1478 
1567 1306 1562 1556 
1568 1286 1471 1453 
1569 1476 1531 1409 
1570 1493 1495 1307 
1571 1392 1588 1393 
1572 1393 1528 1391 
1573 1469 1586 1394 
1574 1326 1482 533 
1575 1465 1466 1293 
1576 1325 1486 571 
1577 1323 1585 1391 
1578 1289 1553 1500 
1579 1462 1565 1297 
1580 557 1517 1291 
1581 1464 1553 1533 
1582 1473 1551 1539 
1583 1475 1550 1538 
1584 1532 1594 1364 
1585 685 1411 1310 
1586 1473 1539 1482 
1587 1433 1478 1438 
1588 1475 1538 1486 
1589 1373 1479 1385 
1590 1349 1481 1346 
1591 1416 1480 1421 
1592 593 1518 1332 
1593 1292 1518 594 
1594 586 1520 1331 
1595 1294 1520 587 
1596 1531 1595 1409 
1597 685 1605 1411 
1598 1293 1467 1465 
1599 1398 1400 1399 
1600 1450 1544 1308 
1601 1305 1545 1451 
1602 1449 1480 691 
1603 713 1478 1319 
1604 675 1456 1328 
1605 1302 1456 674 
1606 1312 1481 703 
1607 1300 1449 690 
1608 704 1481 1314 
1609 679 1479 1315 
1610 692 1480 1320 
1611 1311 1457 682 
1612 683 1457 1313 
1613 1316 1446 688 
1614 1299 1479 678 
1615 1317 1459 709 
1616 700 1458 1318 
1617 1328 1469 676 
1618 677 1469 1299 
1619 696 1460 1327 
1620 689 1446 1300 
1621 1301 1460 695 
1622 1297 1458 699 
1623 710 1459 1298 
1624 711 1445 712 
1625 705 1452 706 
1626 686 1396 687 
1627 680 1369 681 
1628 701 1333 702 
1629 707 1354 708 
1630 697 1444 698 
1631 714 1429 14 
1632 693 1412 694 
1633 1298 1510 1445 
1634 1367 1590 1497 
1635 1288 1588 1485 
1636 1555 1571 1290 
1637 1467 1567 1332 
1638 1411 1605 1477 
1639 1291 1517 1516 
1640 1477 1535 1411 
1641 1461 1510 1365 
1642 1409 1552 1410 
1643 1494 1571 1384 
1644 1427 1558 1492 
1645 1441 1559 1490 
1646 1430 1431 1302 
1647 1397 1398 1396 
1648 1310 1401 1397 
1649 1370 1371 1311 
1650 1413 1414 1301 
1651 1318 1335 1334 
1652 1355 1356 1317 
1653 1321 1554 1488 
1654 1378 1563 1457 
1655 1458 1565 1339 
1656 1360 1566 1459 
1657 1423 1564 1460 
1658 1409 1595 1552 
1659 558 1517 557 
1660 1452 1590 1367 
1661 1454 1470 1425 
1662 1461 1592 1445 
1663 1390 1525 1495 
1664 1383 1535 1477 
1665 1308 1578 1450 
1666 1451 1579 1305 
1667 1455 1580 1286 
1668 1442 1572 1456 
1669 1386 1495 1375 
1670 1304 1550 1491 
1671 1303 1551 1489 
1672 1484 1581 1288 
1673 1300 1603 1449 
1674 1402 1522 1448 
1675 1326 1483 1472 
1676 1572 1587 1586 
1677 1472 1482 1326 
1678 1474 1486 1325 
1679 1419 1498 1424 
1680 1398 1447 1400 
1681 1400 1403 1399 
1682 1331 1520 1463 
1683 1390 1495 1386 
1684 1375 1495 1493 
1685 1515 1557 1527 
1686 1436 1483 1443 
1687 1453 1471 1454 
1688 1526 1548 1515 
1689 1325 1498 1474 
1690 1430 1435 1431 
1691 1401 1402 1397 
1692 1370 1376 1371 
1693 1413 1418 1414 
1694 1335 1336 1334 
1695 1355 1357 1356 
1696 1310 1411 1401 
1697 1472 1483 1436 
1698 684 1605 685 
1699 1467 1497 1465 
1700 1549 1597 1530 
1701 1471 1487 1454 
1702 1512 1597 1549 
1703 1496 1505 1294 
1704 1474 1498 1419 
1705 1586 1587 1395 
1706 1424 1498 1455 
1707 1483 1484 1443 
1708 1495 1525 1307 
1709 1533 1553 1289 
1710 1524 1604 1509 
1711 1503 1519 1518 
1712 1400 1408 1403 
1713 1403 1404 1399 
1714 1457 1563 1313 
1715 1297 1565 1458 
1716 1459 1566 1298 
1717 1460 1564 1327 
1718 1401 1407 1402 
1719 1435 1436 1431 
1720 1376 1377 1371 
1721 1335 1338 1336 
1722 1357 1359 1356 
1723 1418 1419 1414 
1724 1336 1337 1334 
1725 1355 1358 1357 
1726 1471 1488 1487 
1727 1500 1553 1337 
1728 1484 1485 1443 
1729 1338 1342 1336 
1730 1357 1363 1359 
1731 1418 1474 1419 
1732 1435 1472 1436 
1733 1403 1405 1404 
1734 1493 1494 1384 
1735 1374 1493 1384 
1736 1352 1496 1466 
1737 1436 1442 1431 
1738 1335 1339 1338 
1739 1359 1360 1356 
1740 1377 1378 1371 
1741 1419 1423 1414 
1742 1434 1489 1440 
1743 1417 1491 1426 
1744 1327 1470 1444 
1745 1309 1366 1354 
1746 1367 1368 1366 
1747 1345 1347 1346 
1748 1475 1486 1474 
1749 1333 1345 1312 
1750 1473 1482 1472 
1751 1319 1432 1429 
1752 1320 1415 1412 
1753 1373 1374 1372 
1754 1418 1475 1474 
1755 1315 1372 1369 
1756 1374 1384 1379 
1757 1416 1417 1415 
1758 1433 1434 1432 
1759 1375 1493 1374 
1760 1437 1441 1434 
1761 1420 1427 1417 
1762 1347 1463 1348 
1763 1377 1468 1380 
1764 1441 1490 1489 
1765 1427 1492 1491 
1766 1435 1473 1472 
1767 1405 1476 1409 
1768 1343 1451 1340 
1769 1361 1450 1364 
1770 1350 1496 1352 
1771 1388 1390 1386 
1772 1424 1455 1453 
1773 1352 1466 1465 
1774 1434 1440 1432 
1775 1417 1426 1415 
1776 1359 1361 1360 
1777 1339 1340 1338 
1778 1419 1424 1423 
1779 1309 1367 1366 
1780 1373 1375 1374 
1781 1374 1379 1372 
1782 1377 1380 1378 
1783 1345 1346 1312 
1784 1347 1348 1346 
1785 1416 1420 1417 
1786 1433 1437 1434 
1787 1436 1443 1442 
1788 1315 1373 1372 
1789 1441 1489 1434 
1790 1427 1491 1417 
1791 1320 1416 1415 
1792 1319 1433 1432 
1793 1347 1464 1463 
1794 1314 1452 705 
1795 1298 1445 711 
1796 702 1333 1312 
1797 1309 1354 707 
1798 687 1396 1316 
1799 1315 1369 680 
1800 1320 1412 693 
1801 1319 1429 714 
1802 1327 1444 697 
1803 1469 1543 1299 
1804 1392 1393 1391 
1805 1405 1409 1406 
1806 1424 1453 1425 
1807 1380 1382 1381 
1808 1389 1391 1388 
1809 1352 1465 1353 
1810 1361 1364 1362 
1811 1341 1343 1340 
1812 674 1456 675 
1813 712 1478 713 
1814 690 1449 691 
1815 703 1481 704 
1816 678 1479 679 
1817 691 1480 692 
1818 676 1469 677 
1819 682 1457 683 
1820 688 1446 689 
1821 695 1460 696 
1822 699 1458 700 
1823 709 1459 710 
1824 702 1312 703 
1825 681 1311 682 
1826 706 1309 707 
1827 685 1310 686 
1828 708 1317 709 
1829 700 1318 701 
1830 687 1316 688 
1831 679 1315 680 
1832 704 1314 705 
1833 683 1313 684 
1834 713 1319 714 
1835 692 1320 693 
1836 675 1328 676 
1837 696 1327 697 
1838 698 1297 699 
1839 689 1300 690 
1840 677 1299 678 
1841 710 1298 711 
1842 694 1301 695 
1843 14 1302 674 
1844 1438 1439 1437 
1845 1421 1422 1420 
1846 1350 1352 1351 
1847 1387 1388 1386 
1848 1405 1406 1404 
1849 1385 1386 1375 
1850 1465 1497 1353 
1851 1348 1350 1349 
1852 1453 1454 1425 
1853 1341 1344 1343 
1854 1364 1365 1362 
1855 1409 1410 1406 
1856 1389 1392 1391 
1857 1424 1425 1423 
1858 1382 1383 1381 
1859 1361 1362 1360 
1860 1339 1341 1340 
1861 1380 1381 1378 
1862 1352 1353 1351 
1863 1387 1389 1388 
1864 1421 1428 1422 
1865 1438 1461 1439 
1866 1433 1438 1437 
1867 1416 1421 1420 
1868 1373 1385 1375 
1869 1348 1349 1346 
1870 1350 1351 1349 
1871 1385 1387 1386 
1872 1394 1395 1392 
1873 1446 1546 1300 
1874 555 1330 554 
1875 586 1331 585 
1876 548 1329 547 
1877 593 1332 592 
1878 569 1304 568 
1879 607 1303 606 
1880 581 1305 580 
1881 598 1308 597 
1882 543 1307 542 
1883 560 1306 559 
1884 540 1323 539 
1885 563 1324 562 
1886 578 1321 577 
1887 601 1322 600 
1888 572 1325 571 
1889 534 1326 533 
1890 604 1285 603 
1891 537 1288 536 
1892 575 1286 574 
1893 566 1287 565 
1894 584 1289 583 
1895 595 1292 594 
1896 546 1290 545 
1897 557 1291 556 
1898 591 1293 590 
1899 553 1296 552 
1900 588 1294 587 
1901 550 1295 549 
1902 1389 1394 1392 
1903 1383 1477 1381 
1904 1410 1499 1406 
1905 1365 1557 1461 
1906 1350 1505 1496 
1907 1463 1505 1348 
1908 1488 1560 576 
1909 1383 1574 1535 
1910 1342 1569 1501 
1911 1504 1570 1363 
1912 1342 1501 1500 
1913 1502 1504 1363 
1914 1407 1522 1402 
1915 1358 1503 1502 
1916 1503 1518 1292 
1917 1336 1500 1337 
1918 1358 1502 1357 
1919 1342 1500 1336 
1920 1357 1502 1363 
1921 1482 1539 11 
1922 1486 1538 570 
1923 1491 1550 1426 
1924 1489 1551 1440 
1925 1553 1577 1337 
1926 1348 1505 1350 
1927 1377 1508 1468 
1928 1428 1603 1499 
1929 1382 1507 1506 
1930 1470 1564 1425 
1931 1343 1602 1451 
1932 1530 1597 1324 
1933 1488 1554 1487 
1934 1376 1509 1508 
1935 1382 1506 1383 
1936 1420 1511 1427 
1937 1437 1514 1441 
1938 1428 1513 1422 
1939 1324 1597 1552 
1940 1503 1576 1519 
1941 1376 1508 1377 
1942 1316 1591 1446 
1943 1449 1598 1480 
1944 1481 1599 1314 
1945 1299 1600 1479 
1946 1451 1602 1529 
1947 1394 1543 1469 
1948 1477 1605 1313 
1949 1407 1523 1522 
1950 1422 1512 1511 
1951 1439 1515 1514 
1952 1454 1537 1470 
1953 1462 1537 1344 
1954 1492 1558 567 
1955 1490 1559 605 
1956 1456 1572 1328 
1957 1365 1510 1362 
1958 1422 1511 1420 
1959 1295 1573 1468 
1960 1439 1514 1437 
1961 1466 1589 1293 
1962 1521 1596 1448 
1963 1422 1513 1512 
1964 1298 1566 1510 
1965 1447 1516 1400 
1966 1468 1536 1295 
1967 1506 1574 1383 
1968 1400 1516 1408 
1969 1327 1564 1470 
1970 1361 1544 1450 
1971 1451 1545 1340 
1972 544 1571 1494 
1973 1363 1544 1359 
1974 1338 1545 1342 
1975 1296 1534 1523 
1976 1476 1562 1306 
1977 1384 1555 1379 
1978 1368 1576 1366 
1979 1344 1554 1343 
1980 1499 1603 1300 
1981 1496 1547 1466 
1982 1483 1540 1484 
1983 1389 1543 1394 
1984 1313 1563 1477 
1985 1399 1591 1316 
1986 1526 1527 1322 
1987 1411 1535 1401 
1988 1395 1587 1485 
1989 1498 1541 1455 
1990 1463 1520 1505 
1991 1518 1519 1332 
1992 1405 1562 1476 
1993 1516 1517 1408 
1994 1501 1569 582 
1995 596 1570 1504 
1996 1477 1563 1381 
1997 1354 1606 1355 
1998 1334 1607 1333 
1999 1291 1596 1521 
2000 1408 1562 1403 
2001 1439 1557 1515 
2002 1294 1547 1496 
2003 1505 1520 1294 
2004 1468 1573 1380 
2005 547 1524 546 
2006 556 1521 555 
2007 585 1533 584 
2008 564 1530 563 
2009 602 1526 601 
2010 562 1531 561 
2011 539 1528 538 
2012 579 1529 578 
2013 600 1532 599 
2014 542 1525 541 
2015 1364 1594 1365 
2016 555 1521 1330 
2017 1329 1524 547 
2018 1331 1533 585 
2019 546 1524 1290 
2020 1291 1521 556 
2021 584 1533 1289 
2022 1307 1525 542 
2023 563 1530 1324 
2024 601 1526 1322 
2025 1324 1531 562 
2026 1323 1528 539 
2027 578 1529 1321 
2028 1322 1532 600 
2029 1382 1573 1507 
2030 1576 1606 1366 
2031 1345 1577 1347 
2032 1412 1608 1413 
2033 1429 1609 1430 
2034 1369 1610 1370 
2035 1391 1585 1388 
2036 1330 1534 554 
2037 553 1534 1296 
2038 1344 1537 1487 
2039 1499 1546 1406 
2040 1300 1546 1499 
2041 1538 1550 1304 
2042 1539 1551 1303 
2043 1326 1540 1483 
2044 551 1575 1507 
2045 1418 1582 1475 
2046 1435 1583 1473 
2047 1406 1546 1404 
2048 554 1534 553 
2049 1390 1542 1525 
2050 1365 1594 1527 
2051 1485 1587 1443 
2052 548 1536 1329 
2053 1295 1536 549 
2054 570 1538 569 
2055 11 1539 607 
2056 1325 1541 1498 
2057 534 1540 1326 
2058 572 1541 1325 
2059 1376 1584 1509 
2060 540 1542 1323 
2061 1510 1566 1362 
2062 1293 1567 1467 
2063 1546 1591 1404 
2064 1519 1576 1368 
2065 1497 1590 1353 
2066 1401 1535 1407 
2067 588 1547 1294 
2068 1285 1548 603 
2069 1287 1549 565 
2070 1487 1537 1454 
2071 549 1536 548 
2072 559 1556 558 
2073 569 1538 1304 
2074 607 1539 1303 
2075 567 1558 566 
2076 605 1559 604 
2077 1387 1543 1389 
2078 535 1540 534 
2079 537 1561 1288 
2080 573 1541 572 
2081 541 1542 540 
2082 1448 1596 1447 
2083 1517 1556 1408 
2084 1306 1593 1476 
2085 582 1569 581 
2086 597 1570 596 
2087 1332 1567 592 
2088 591 1567 1293 
2089 545 1571 544 
2090 1359 1544 1361 
2091 1340 1545 1338 
2092 1476 1593 1531 
2093 1446 1591 1546 
2094 1286 1560 1471 
2095 552 1575 551 
2096 1345 1607 1577 
2097 1314 1568 1452 
2098 598 1578 1308 
2099 1305 1579 580 
2100 1286 1580 574 
2101 1288 1581 536 
2102 589 1547 588 
2103 1516 1596 1291 
2104 1293 1589 590 
2105 603 1548 602 
2106 565 1549 564 
2107 560 1593 1306 
2108 1480 1598 1421 
2109 1479 1600 1385 
2110 1349 1599 1481 
2111 558 1556 1517 
2112 1366 1606 1354 
2113 1333 1607 1345 
2114 576 1560 575 
2115 1487 1554 1344 
2116 575 1560 1286 
2117 1525 1542 541 
2118 1393 1561 1528 
2119 1497 1601 1368 
2120 1547 1589 1466 
2121 1322 1594 1532 
2122 1415 1608 1412 
2123 1432 1609 1429 
2124 1372 1610 1369 
2125 1540 1581 1484 
2126 1464 1577 1553 
2127 602 1548 1526 
2128 564 1549 1530 
2129 1438 1592 1461 
2130 1306 1556 559 
2131 1541 1580 1455 
2132 1387 1600 1543 
2133 1461 1557 1439 
2134 1471 1560 1488 
2135 1543 1600 1299 
2136 566 1558 1287 
2137 604 1559 1285 
2138 1410 1552 1513 
2139 538 1561 537 
2140 1528 1561 538 
2141 1403 1562 1405 
2142 1561 1588 1288 
2143 1314 1599 1568 
2144 1450 1578 1532 
2145 1529 1579 1451 
2146 1425 1564 1423 
2147 1381 1563 1378 
2148 1339 1565 1341 
2149 1362 1566 1360 
2150 1507 1575 1506 
2151 1527 1557 1365 
2152 592 1567 591 
2153 1353 1568 1351 
2154 581 1569 1305 
2155 1308 1570 597 
2156 1290 1571 545 
2157 1535 1574 1407 
2158 1506 1575 1296 
2159 1532 1578 599 
2160 579 1579 1529 
2161 1531 1593 561 
2162 1447 1596 1516 
2163 1380 1573 1382 
2164 573 1580 1541 
2165 535 1581 1540 
2166 1568 1599 1351 
2167 1296 1575 552 
2168 1478 1592 1438 
2169 1407 1574 1523 
2170 1368 1601 1519 
2171 1358 1576 1503 
2172 1542 1585 1323 
2173 1413 1582 1418 
2174 1370 1584 1376 
2175 1430 1583 1435 
2176 1393 1588 1561 
2177 1347 1577 1464 
2178 599 1578 598 
2179 580 1579 579 
2180 574 1580 573 
2181 536 1581 535 
2182 1554 1602 1343 
2183 589 1589 1547 
2184 1388 1585 1390 
2185 1394 1586 1395 
2186 1358 1606 1576 
2187 1443 1587 1442 
2188 590 1589 589 
2189 1568 1590 1452 
2190 1404 1591 1399 
2191 1440 1609 1432 
2192 1426 1608 1415 
2193 1379 1610 1372 
2194 1390 1585 1542 
2195 561 1593 560 
2196 1355 1606 1358 
2197 1337 1607 1334 
2198 1467 1601 1497 
2199 1313 1605 684 
2200 1421 1598 1428 
2201 1351 1599 1349 
2202 1385 1600 1387 
2203 1442 1587 1572 
2204 1509 1604 1508 
2205 1577 1607 1337 
2206 1527 1594 1322 
2207 1508 1604 1329 
2208 1513 1597 1512 
2209 1324 1595 1531 
2210 1329 1604 1524 
2211 1529 1602 1321 
2212 1572 1586 1328 
2213 1552 1597 1513 
2214 1552 1595 1324 
2215 1321 1602 1554 
2216 1353 1590 1568 
2217 1583 1609 1440 
2218 1582 1608 1426 
2219 1584 1610 1379 
2220 1413 1608 1582 
2221 1430 1609 1583 
2222 1370 1610 1584 
2223 1598 1603 1428 
2224 1449 1603 1598 
2 5 2 18222
2225 6753 6754 1776 
2226 9901 9941 1756 
2227 1842 10226 6526 
2228 6089 6549 6088 
2229 6824 9479 1862 
2230 6267 6601 1741 
2231 5563 9938 6555 
2232 6291 10273 1757 
2233 6555 10270 4803 
2234 4744 8525 7758 
2235 1863 6567 1858 
2236 6440 6571 1860 
2237 1889 7976 1888 
2238 5563 6555 4803 
2239 7758 8525 7755 
2240 6746 9034 6750 
2241 1679 9954 8636 
2242 6549 10038 6088 
2243 1757 9975 6291 
2244 6412 10018 7016 
2245 128 10327 6546 
2246 6275 6276 1714 
2247 67 6551 66 
2248 6243 8173 6244 
2249 1700 8055 6222 
2250 5065 7240 6483 
2251 1806 7526 6278 
2252 6222 9470 1700 
2253 7535 9942 7534 
2254 128 6546 127 
2255 5093 7155 6470 
2256 6257 8846 7038 
2257 1717 6674 6250 
2258 102 7544 101 
2259 47 6553 46 
2260 5925 9938 5563 
2261 1741 9919 6267 
2262 1714 6328 6275 
2263 6526 9854 1842 
2264 6516 6519 1796 
2265 139 10009 138 
2266 232 6750 231 
2267 1901 7428 1899 
2268 1861 9479 6824 
2269 8525 9597 7755 
2270 6628 10018 6412 
2271 6250 10153 1717 
2272 4754 9927 8073 
2273 8073 9857 4754 
2274 7755 9597 7756 
2275 8173 10133 6244 
2276 6228 9941 9901 
2277 7038 8846 1789 
2278 1858 9484 1863 
2279 1889 10175 7976 
2280 6279 6314 1696 
2281 26 10287 6819 
2282 1860 10251 6440 
2283 1750 6538 6448 
2284 1851 9449 6435 
2285 7545 7549 7547 
2286 6483 9934 5065 
2287 1696 6313 6279 
2288 539 6586 540 
2289 26 6819 25 
2290 8131 10324 4717 
2291 6467 6469 1662 
2292 5726 10122 5725 
2293 6444 6682 6349 
2294 538 10368 6331 
2295 4717 8134 8131 
2296 6320 7314 1771 
2297 6456 6538 6455 
2298 538 6331 539 
2299 7542 9989 7549 
2300 7160 8456 1649 
2301 7549 9989 9786 
2302 458 6317 459 
2303 7453 7473 3986 
2304 5892 8136 5084 
2305 5832 9959 8015 
2306 1814 10015 6675 
2307 6519 6808 1796 
2308 1924 6554 4767 
2309 7237 7238 6502 
2310 6197 6682 6444 
2311 1686 9892 7023 
2312 313 6332 312 
2313 11 9976 9878 
2314 6457 9169 5888 
2315 5819 6538 6456 
2316 6705 6707 4804 
2317 6807 9920 1845 
2318 1857 10339 6428 
2319 6428 10339 6436 
2320 1845 9891 6807 
2321 6551 10015 1814 
2322 6277 6347 1613 
2323 1780 9970 278 
2324 3986 9011 7453 
2325 6181 6627 6184 
2326 6321 6398 6256 
2327 6524 7425 5854 
2328 6469 6470 1662 
2329 9321 10269 1843 
2330 6432 6439 1856 
2331 312 6332 1808 
2332 6331 6586 539 
2333 7549 9900 7547 
2334 6754 10114 1776 
2335 6390 10000 1836 
2336 5888 10231 6457 
2337 7463 9929 4271 
2338 9871 10198 4248 
2339 5094 7325 6494 
2340 4271 9971 7463 
2341 1748 6398 6321 
2342 6162 6539 6166 
2343 7 6566 1773 
2344 1719 10368 538 
2345 6308 6310 1833 
2346 7880 7881 3842 
2347 6301 6304 1744 
2348 1836 9922 6390 
2349 7534 9942 6509 
2350 278 9970 277 
2351 7048 10284 5833 
2352 5833 9906 7048 
2353 10034 10169 6762 
2354 6278 7527 1806 
2355 1653 7425 6524 
2356 6216 6526 6525 
2357 1744 6317 6301 
2358 5759 6708 6303 
2359 6490 9942 6205 
2360 6602 7065 5856 
2361 246 7715 245 
2362 5576 7543 5578 
2363 1766 6317 458 
2364 6830 8697 1825 
2365 6507 9939 1743 
2366 7756 9597 4754 
2367 6515 6544 5846 
2368 1613 6699 6277 
2369 6281 6577 6283 
2370 6880 9321 1843 
2371 7881 7882 3969 
2372 7543 9959 5832 
2373 5353 6548 6541 
2374 4754 9857 7756 
2375 1815 8550 6699 
2376 6832 6834 1688 
2377 6502 7239 7237 
2378 1701 10243 7551 
2379 7541 7544 102 
2380 7959 9958 1909 
2381 7023 10202 1686 
2382 5122 6689 5120 
2383 1808 6332 6311 
2384 1677 7065 6602 
2385 6281 10192 6577 
2386 6368 10263 6521 
2387 9927 9967 8073 
2388 6750 9034 1830 
2389 8073 9967 8072 
2390 1631 10187 9901 
2391 9011 9617 7453 
2392 1746 10169 10034 
2393 1677 10047 280 
2394 6172 9982 7433 
2395 9257 10044 9731 
2396 7864 8512 3274 
2397 6049 9617 9011 
2398 9878 9976 6230 
2399 7420 10198 9871 
2400 6653 7331 6359 
2401 6471 6569 6568 
2402 6722 10086 8488 
2403 5107 9887 4752 
2404 6311 6316 1808 
2405 10054 10164 9993 
2406 6746 6750 6747 
2407 1833 6329 6308 
2408 311 6617 310 
2409 5846 6580 6515 
2410 9901 10187 6228 
2411 1766 6612 6280 
2412 4763 6640 6639 
2413 1789 6553 47 
2414 6676 7497 1699 
2415 7423 10122 5726 
2416 4763 6698 6640 
2417 1853 6439 6432 
2418 66 6551 1814 
2419 6284 6738 1836 
2420 6411 6413 6407 
2421 6368 6521 6371 
2422 1868 6327 1865 
2423 6600 9851 9494 
2424 6354 6361 1674 
2425 461 6324 1692 
2426 1634 10014 6307 
2427 6632 6634 1658 
2428 460 6324 461 
2429 6307 10066 1634 
2430 7155 10027 6470 
2431 1674 6361 516 
2432 1836 10000 6284 
2433 1773 6566 6322 
2434 101 7544 1637 
2435 1922 6554 1924 
2436 231 6750 1830 
2437 6494 7325 6495 
2438 1850 9789 6391 
2439 260 6566 7 
2440 418 6371 1664 
2441 3969 7882 7877 
2442 8636 9954 6113 
2443 5823 9923 7048 
2444 466 6406 1666 
2445 6474 6479 6473 
2446 9078 9891 1724 
2447 7433 10180 6172 
2448 469 6410 1691 
2449 7552 7557 4241 
2450 5837 6406 6405 
2451 6205 10092 6490 
2452 590 6482 6480 
2453 6634 8785 1658 
2454 446 6393 1854 
2455 5835 9939 6507 
2456 8549 10083 6450 
2457 478 6425 1852 
2458 7048 9906 5823 
2459 5440 8591 6639 
2460 1715 10058 6857 
2461 4241 7554 7552 
2462 6435 10203 1851 
2463 9891 10030 1724 
2464 452 6439 1853 
2465 7420 9871 4271 
2466 6398 10316 6256 
2467 7314 9902 1771 
2468 6391 10296 1850 
2469 3589 7239 3961 
2470 6451 9888 6454 
2471 6161 6539 6162 
2472 6834 10209 1688 
2473 4804 8345 6705 
2474 4271 9929 7420 
2475 409 9622 6288 
2476 1828 8521 7104 
2477 5397 8136 8135 
2478 8066 10007 4791 
2479 1750 6448 6446 
2480 6216 10314 6526 
2481 7982 9617 6049 
2482 3241 8566 7883 
2483 6464 6465 6462 
2484 1613 6551 67 
2485 6747 6748 6744 
2486 4791 10055 8066 
2487 6365 6581 5106 
2488 6506 6512 6503 
2489 6618 9771 1912 
2490 8135 10393 5397 
2491 6738 9354 1772 
2492 1706 8137 85 
2493 6371 6372 1664 
2494 1658 6808 6632 
2495 9888 10245 6454 
2496 154 9874 5 
2497 6652 9855 1822 
2498 5892 8137 8136 
2499 463 10019 6305 
2500 5254 6580 5846 
2501 6453 9878 6230 
2502 1741 9995 6287 
2503 6562 9662 6486 
2504 587 6544 6515 
2505 1752 6598 6333 
2506 6049 9882 7982 
2507 6163 7961 6558 
2508 1652 10327 128 
2509 6636 9879 9687 
2510 8488 9990 6722 
2511 5749 6628 6305 
2512 6338 6340 1774 
2513 10246 10403 10362 
2514 6305 10079 463 
2515 6568 10337 6471 
2516 1721 8558 6585 
2517 6284 9354 6738 
2518 549 6467 1662 
2519 9850 10004 8085 
2520 6425 6427 1852 
2521 6351 6415 6353 
2522 420 10006 6303 
2523 46 6553 1668 
2524 10055 10096 8066 
2525 1668 6527 6315 
2526 6288 10294 409 
2527 1736 6750 232 
2528 9687 9879 1795 
2529 7863 8484 8442 
2530 540 6586 1694 
2531 8066 10096 8067 
2532 1639 9924 8540 
2533 6632 6808 6519 
2534 7551 9850 1701 
2535 1690 9911 8179 
2536 6287 9919 1741 
2537 459 6317 1744 
2538 298 10170 9953 
2539 6410 6555 1691 
2540 1904 7428 1901 
2541 7005 9887 5107 
2542 6382 10033 7516 
2543 6393 6394 1854 
2544 7428 10003 1899 
2545 6497 9941 5738 
2546 6602 10047 1677 
2547 6303 10108 420 
2548 6230 10299 6453 
2549 9961 9962 6397 
2550 6636 8785 6634 
2551 9494 9851 4737 
2552 1909 10179 7959 
2553 3697 10036 7454 
2554 6526 10226 6426 
2555 8207 9966 9907 
2556 1772 9354 6302 
2557 5120 6689 6540 
2558 7454 10248 3697 
2559 4724 6606 6514 
2560 7516 10228 6382 
2561 9791 10063 8908 
2562 5578 7543 5832 
2563 6627 6682 6184 
2564 6636 9687 8785 
2565 4800 7331 6653 
2566 1822 10196 6652 
2567 6511 10273 7218 
2568 8106 8107 4806 
2569 537 6454 1719 
2570 8105 8106 4806 
2571 6406 10172 1666 
2572 6361 6362 6360 
2573 9986 9995 1616 
2574 6542 6552 1824 
2575 6330 10340 6420 
2576 8092 10217 10012 
2577 6415 10404 6353 
2578 6450 10083 6451 
2579 6180 6627 6181 
2580 1865 6327 1864 
2581 1844 10009 139 
2582 6349 6627 6350 
2583 6345 6444 6344 
2584 138 10009 1725 
2585 1622 10023 6443 
2586 6165 7431 6164 
2587 7160 10085 8456 
2588 1679 8636 6463 
2589 6455 6538 1750 
2590 245 7715 1708 
2591 5738 10330 6497 
2592 1766 10135 6317 
2593 10070 10077 6354 
2594 6349 6350 6348 
2595 6307 9985 6306 
2596 6323 10205 1735 
2597 7881 10073 3842 
2598 5084 8136 5397 
2599 1748 6839 6674 
2600 5850 10043 9999 
2601 6544 6545 5846 
2602 5353 6541 5354 
2603 5832 8015 7527 
2604 103 7541 102 
2605 6302 9794 1772 
2606 1757 10273 6510 
2607 6315 6883 1668 
2608 6307 10014 9985 
2609 6374 10365 6384 
2610 6598 10320 6334 
2611 7218 10273 6292 
2612 6867 10009 9737 
2613 6675 9250 1814 
2614 4768 9575 7012 
2615 6699 8550 6277 
2616 6541 6548 6404 
2617 5872 10144 10119 
2618 9999 10043 8211 
2619 6510 10273 6511 
2620 9737 10009 1844 
2621 9731 10044 6327 
2622 6380 10033 6382 
2623 6617 9924 1639 
2624 10119 10144 8285 
2625 5072 6668 5073 
2626 1910 6618 1912 
2627 9477 9794 6302 
2628 9956 10049 1837 
2629 5580 7527 5582 
2630 6420 10340 1840 
2631 4529 8187 4531 
2632 6280 10135 1766 
2633 6745 6747 6744 
2634 6464 10311 6465 
2635 1825 10091 6830 
2636 7012 9575 7011 
2637 1736 6748 6747 
2638 6392 10264 6393 
2639 6310 9612 1833 
2640 4900 8321 6521 
2641 4737 8902 6377 
2642 10048 10138 9895 
2643 1771 10067 6320 
2644 5760 6708 5759 
2645 6676 7498 7497 
2646 1846 6762 6761 
2647 6380 10153 10033 
2648 9789 10264 6392 
2649 6628 10079 6305 
2650 6321 6839 1748 
2651 7551 10243 7550 
2652 7104 10271 1828 
2653 6350 6627 6180 
2654 1732 6559 1866 
2655 6387 9910 6388 
2656 6676 9250 6675 
2657 6161 6616 6539 
2658 1866 6559 6236 
2659 10012 10217 4354 
2660 6335 10041 1711 
2661 4533 6698 4535 
2662 6413 10189 6407 
2663 6333 6598 6334 
2664 1697 10140 6274 
2665 6645 7543 5576 
2666 6377 9494 4737 
2667 6328 6935 6275 
2668 9955 10128 6768 
2669 5817 8425 6707 
2670 6207 6935 6328 
2671 6674 6839 6250 
2672 6356 6359 1655 
2673 6274 10176 1697 
2674 5365 7498 5682 
2675 69 6699 68 
2676 6421 10049 9956 
2677 517 6360 518 
2678 310 6617 1639 
2679 1808 6617 311 
2680 1737 6550 6370 
2681 6215 6689 5122 
2682 6449 6452 6450 
2683 517 6361 6360 
2684 6361 10077 6362 
2685 6408 6623 1742 
2686 4266 8107 4268 
2687 6472 6474 6473 
2688 8105 8273 5849 
2689 9953 10170 6266 
2690 6547 6707 6703 
2691 1732 1865 1864 
2692 6344 6444 1733 
2693 6506 10281 6512 
2694 444 6392 445 
2695 8072 9967 4791 
2696 6425 10226 6427 
2697 6495 7325 5103 
2698 1781 10138 10048 
2699 5055 6745 5056 
2700 7243 10098 6597 
2701 6428 6436 1852 
2702 1767 6689 6423 
2703 6443 10320 1622 
2704 6287 9995 9986 
2705 1953 6702 1955 
2706 246 9992 7715 
2707 1762 9357 6401 
2708 6348 6350 1762 
2709 9880 9981 5892 
2710 6547 6703 6702 
2711 6392 6393 445 
2712 6376 10365 6374 
2713 10362 10403 6478 
2714 493 6344 1733 
2715 1732 1864 438 
2716 4791 10007 8072 
2717 6779 10095 1710 
2718 1649 9978 7160 
2719 10150 10193 8060 
2720 3719 6730 6729 
2721 7062 10145 10017 
2722 6645 7539 1640 
2723 6322 8312 1773 
2724 5005 6815 5840 
2725 9477 10061 9794 
2726 6528 6814 5059 
2727 4913 8255 6362 
2728 441 6437 1832 
2729 5059 6814 5058 
2730 6304 6324 1744 
2731 6550 10199 6370 
2732 6205 9942 7535 
2733 8060 10193 8075 
2734 6435 9449 6434 
2735 6761 10377 1846 
2736 9444 9566 6592 
2737 1738 6357 6356 
2738 495 6348 1762 
2739 9907 9966 6640 
2740 10060 10072 7064 
2741 6379 6381 6378 
2742 6386 6418 1716 
2743 6404 6548 1616 
2744 6306 9985 1787 
2745 6426 10226 6425 
2746 6387 6388 1841 
2747 7547 7557 7548 
2748 1738 6356 519 
2749 514 6415 6351 
2750 415 6550 1737 
2751 9903 10407 5745 
2752 511 6383 6366 
2753 6374 6384 423 
2754 527 6373 1617 
2755 9662 10325 6486 
2756 435 6402 1763 
2757 403 6404 1616 
2758 6164 7477 6160 
2759 401 6408 1742 
2760 443 6387 1841 
2761 6414 6507 1743 
2762 6326 9060 1823 
2763 8200 8202 1612 
2764 9 6411 6407 
2765 3849 8324 8323 
2766 6417 6540 1767 
2767 9530 10056 6416 
2768 8133 10324 8131 
2769 471 6414 1743 
2770 7864 10074 8512 
2771 6345 10195 6444 
2772 10053 10243 99 
2773 473 6417 1767 
2774 6230 9976 6229 
2775 8558 10173 6585 
2776 5300 7243 6597 
2777 6639 8591 4763 
2778 8179 10160 1690 
2779 5440 6639 6279 
2780 10056 10404 6416 
2781 7532 8384 5247 
2782 536 6454 537 
2783 6646 7540 1807 
2784 3961 7239 4781 
2785 486 6434 6419 
2786 6365 10199 6550 
2787 7237 7239 3589 
2788 6295 10302 1663 
2789 6476 6561 1646 
2790 590 6480 591 
2791 1615 6562 6486 
2792 6703 6707 6705 
2793 6549 6947 6498 
2794 6292 10273 6291 
2795 6113 9954 6530 
2796 6456 6840 5819 
2797 6445 6558 1731 
2798 8442 10266 7863 
2799 1663 10292 6295 
2800 8136 8137 1706 
2801 1980 6893 1978 
2802 6381 9911 6378 
2803 7455 10076 3933 
2804 6470 10171 5093 
2805 4224 10070 6355 
2806 6708 10108 6303 
2807 6857 10058 6856 
2808 10274 10312 7456 
2809 6223 9522 8023 
2810 6305 10019 6142 
2811 516 6361 517 
2812 7456 10312 7473 
2813 1744 6324 460 
2814 9960 10078 5748 
2815 1956 6728 1954 
2816 6621 9864 8806 
2817 5190 9474 8407 
2818 85 8137 84 
2819 4790 8187 8186 
2820 8488 10086 1648 
2821 3933 10118 7455 
2822 7064 10072 7065 
2823 1639 8540 8036 
2824 341 8203 340 
2825 8060 10124 4828 
2826 6646 7539 6645 
2827 6449 6450 1749 
2828 1718 6456 6455 
2829 1735 10197 6323 
2830 1699 9250 6676 
2831 7556 10004 9850 
2832 590 10363 6482 
2833 445 6393 446 
2834 1751 6474 6472 
2835 6420 6421 6330 
2836 6495 6508 1755 
2837 1635 6510 6493 
2838 1776 9963 6753 
2839 1758 6512 6501 
2840 7548 7557 7552 
2841 5839 9962 9961 
2842 4828 10150 8060 
2843 6430 10269 9321 
2844 1750 6446 605 
2845 535 6449 1749 
2846 1718 6455 603 
2847 7454 10036 3933 
2848 6510 6511 6493 
2849 6462 6465 545 
2850 1646 6561 594 
2851 1751 6472 592 
2852 569 6562 1615 
2853 571 6484 1753 
2854 575 6598 1752 
2855 6554 10236 4767 
2856 4022 10257 10247 
2857 583 6498 1759 
2858 6503 6512 554 
2859 6378 9911 1690 
2860 7883 10025 3241 
2861 6474 10390 6479 
2862 6369 10275 10263 
2863 1666 10172 6667 
2864 4803 10270 5141 
2865 6324 6716 1692 
2866 9848 10103 1739 
2867 3933 10076 7454 
2868 6564 10275 6369 
2869 9328 9899 2275 
2870 1630 9537 6408 
2871 7889 10123 2964 
2872 10247 10257 8127 
2873 6857 10105 1715 
2874 4815 8185 8184 
2875 1731 6557 6445 
2876 9915 10058 243 
2877 6813 9979 9940 
2878 6582 9729 5985 
2879 5055 6746 6745 
2880 6539 6616 6395 
2881 1787 10328 6306 
2882 10019 10110 6142 
2883 6400 9944 1768 
2884 6316 6617 1808 
2885 6355 10272 4224 
2886 5107 9980 9946 
2887 2964 10207 7889 
2888 6383 10407 6366 
2889 9976 10293 6229 
2890 6317 10135 6668 
2891 6405 10040 5837 
2892 5106 10199 6365 
2893 6495 10373 6508 
2894 7014 10063 9791 
2895 10010 10026 6870 
2896 6538 10387 6448 
2897 6369 10263 6368 
2898 6560 7523 1805 
2899 7550 10243 10053 
2900 8399 9798 2364 
2901 5 9874 1746 
2902 6522 6547 2876 
2903 6539 10152 6166 
2904 5103 10373 6495 
2905 1622 10320 6598 
2906 6355 10070 6354 
2907 1739 10103 6373 
2908 6430 6577 6422 
2909 10221 10264 1850 
2910 3719 6729 6728 
2911 6514 6658 4724 
2912 6523 8102 2667 
2913 7527 8015 1806 
2914 6429 6431 6430 
2915 9946 9980 7008 
2916 2876 6615 6522 
2917 8036 8540 5852 
2918 2828 6534 6533 
2919 6419 9449 6420 
2920 417 6371 418 
2921 1988 8398 1986 
2922 10 6406 466 
2923 4811 9715 6731 
2924 468 6410 469 
2925 10005 10351 6336 
2926 2954 9957 9166 
2927 7431 10168 6164 
2928 2432 6622 6620 
2929 9988 10020 7493 
2930 6423 9983 1838 
2931 477 6425 478 
2932 8102 9563 2667 
2933 6620 8806 2432 
2934 6582 6584 2836 
2935 6621 8806 6620 
2936 4290 10191 10081 
2937 451 6439 452 
2938 9916 9949 4779 
2939 10056 10146 6353 
2940 1761 9612 6710 
2941 2432 6624 6622 
2942 10106 10136 7469 
2943 6558 8710 6163 
2944 4752 9887 5663 
2945 1974 6593 1972 
2946 1846 10377 10031 
2947 5663 9887 7014 
2948 6492 6494 6491 
2949 6397 9776 9771 
2950 9910 10379 6388 
2951 1740 9914 6613 
2952 6394 10264 10221 
2953 4552 9889 8369 
2954 10017 10145 6093 
2955 7425 10128 9955 
2956 5875 9998 6489 
2957 6160 7477 6159 
2958 4531 8187 4790 
2959 1848 10351 10005 
2960 6370 10166 6564 
2961 1921 10059 7878 
2962 1775 9964 6782 
2963 6274 10112 6531 
2964 6584 6591 2836 
2965 6485 10039 6484 
2966 6347 6551 1613 
2967 7014 9791 5663 
2968 1807 7539 6646 
2969 6301 6668 5072 
2970 1625 9942 6490 
2971 1868 9731 6327 
2972 5073 6668 6126 
2973 1978 6893 6860 
2974 5391 10020 9988 
2975 9163 9831 4554 
2976 9547 9866 6615 
2977 1807 7541 103 
2978 6706 10164 10054 
2979 353 6757 352 
2980 8447 9779 2295 
2981 2632 6593 1974 
2982 7497 9943 9904 
2983 6399 10067 432 
2984 6530 9954 542 
2985 6537 6593 2632 
2986 5659 10136 10106 
2987 9357 10346 6401 
2988 4753 10146 10056 
2989 10081 10191 7555 
2990 5826 9903 5745 
2991 6626 10093 6363 
2992 6569 10027 4766 
2993 10127 10190 9219 
2994 5582 7527 6278 
2995 5832 7527 5580 
2996 6180 10391 6350 
2997 1745 10035 6939 
2998 6274 10140 10112 
2999 6354 10077 6361 
3000 7526 10376 6278 
3001 6397 9771 6396 
3002 1764 9771 6618 
3003 6244 9377 8748 
3004 1718 9896 6456 
3005 548 6467 549 
3006 8202 8203 1612 
3007 6689 10361 6423 
3008 2836 9729 6582 
3009 8196 8198 1819 
3010 4370 10082 8126 
3011 9537 10300 6408 
3012 1620 9981 9880 
3013 6370 10199 10166 
3014 7532 9864 6621 
3015 6613 9914 6231 
3016 6509 10373 7534 
3017 6359 10405 1655 
3018 1898 9890 1896 
3019 4806 8273 8105 
3020 1996 6765 1994 
3021 5120 6540 5119 
3022 1829 8557 6513 
3023 6434 9449 6419 
3024 1765 10316 6398 
3025 6346 10050 293 
3026 6498 6947 1759 
3027 6276 10028 1714 
3028 8186 9907 4790 
3029 1823 10250 6326 
3030 5852 9493 8036 
3031 4815 8187 4529 
3032 6430 9321 6577 
3033 4535 6698 4763 
3034 6536 7529 3890 
3035 4790 6698 4533 
3036 6308 6329 6309 
3037 6707 8425 4804 
3038 7878 10309 1921 
3039 5817 6707 6547 
3040 5367 7498 5365 
3041 10037 10097 6157 
3042 7529 8760 3890 
3043 1623 10265 6293 
3044 5682 7498 6676 
3045 5085 6815 5005 
3046 68 6699 1613 
3047 1815 6699 69 
3048 343 8204 342 
3049 7530 8760 7529 
3050 6600 9494 5760 
3051 5848 8101 6625 
3052 7976 9755 1888 
3053 6293 10308 1623 
3054 6333 9912 1752 
3055 6366 10407 9903 
3056 6497 10330 10038 
3057 4806 8107 4266 
3058 4268 8107 4805 
3059 7633 8406 3859 
3060 373 10235 10182 
3061 2275 8760 7530 
3062 5339 8256 6688 
3063 1909 9958 1908 
3064 6226 10093 6626 
3065 6782 10046 1775 
3066 3878 8397 8396 
3067 6372 10239 8007 
3068 6494 10310 5094 
3069 1955 6702 3718 
3070 1612 8204 8200 
3071 2876 6702 1953 
3072 6445 8710 6558 
3073 1733 6444 6349 
3074 6782 9991 1849 
3075 1717 10153 6380 
3076 2667 8103 6523 
3077 7530 9328 2275 
3078 10182 10235 6325 
3079 8696 10002 1826 
3080 7023 9892 6771 
3081 3969 10073 7881 
3082 4373 6877 6876 
3083 7961 10261 6558 
3084 1962 9166 1960 
3085 8407 9899 9328 
3086 3274 10100 7864 
3087 8040 9775 2176 
3088 3707 6884 6532 
3089 6552 10211 1824 
3090 6605 8105 5849 
3091 9580 10291 7303 
3092 6428 10212 1857 
3093 5059 6744 6528 
3094 10060 10117 5853 
3095 6394 10341 1854 
3096 8023 10277 6223 
3097 5058 6814 5842 
3098 3842 10074 7880 
3099 1856 10194 6432 
3100 6000 10087 6546 
3101 1752 10396 6488 
3102 6747 6750 1736 
3103 1747 9961 6397 
3104 4028 10161 10134 
3105 1656 6568 6505 
3106 6621 8384 7532 
3107 6605 8103 3730 
3108 7457 10143 3970 
3109 9777 9898 6959 
3110 5056 6745 5059 
3111 7096 9865 1720 
3112 1711 9969 6335 
3113 154 10114 9874 
3114 5150 9421 7571 
3115 9896 10395 6456 
3116 6667 10032 1666 
3117 2075 6576 2077 
3118 9944 10359 1768 
3119 6625 9563 8102 
3120 1632 10342 6294 
3121 6279 6639 6314 
3122 6560 9493 5852 
3123 8407 9474 7633 
3124 7425 9955 5854 
3125 8207 9907 8186 
3126 291 6808 290 
3127 7632 8405 2130 
3128 6830 10071 8697 
3129 1774 10005 6338 
3130 5840 6815 6814 
3131 6329 6330 6309 
3132 6294 10388 1632 
3133 6715 10116 6458 
3134 9965 10010 6146 
3135 6532 6885 3707 
3136 6533 6838 2828 
3137 313 10417 6332 
3138 8321 10239 6521 
3139 5339 6688 6678 
3140 3970 10183 7457 
3141 7347 7532 5247 
3142 8390 9636 5678 
3143 6000 10122 10087 
3144 2364 9798 6893 
3145 6432 9705 6431 
3146 1948 6885 1947 
3147 5408 6967 5404 
3148 6908 10341 6394 
3149 1952 6838 1950 
3150 6589 6967 5408 
3151 6731 9715 6729 
3152 6479 10390 7332 
3153 9444 9957 2954 
3154 6452 10204 6450 
3155 6733 9917 6730 
3156 6170 10180 7430 
3157 1837 9466 6535 
3158 3719 6728 1956 
3159 1954 6728 2828 
3160 2954 9566 9444 
3161 3884 6958 6957 
3162 340 8203 1818 
3163 1612 8203 341 
3164 2632 6859 6537 
3165 6549 10111 6947 
3166 1849 10046 6782 
3167 3849 10298 8324 
3168 6470 6471 1662 
3169 8534 9697 6579 
3170 8134 10393 8135 
3171 1815 10374 8550 
3172 3890 7531 6536 
3173 2364 6893 1980 
3174 1712 10190 10127 
3175 6485 10333 10039 
3176 7632 8406 7633 
3177 6465 10311 6680 
3178 6427 9858 6428 
3179 6508 10373 6509 
3180 6401 9945 1770 
3181 4643 6849 5111 
3182 6784 10095 6779 
3183 7347 7531 2332 
3184 4288 6588 6556 
3185 6560 7525 7523 
3186 7554 10081 7555 
3187 8162 10078 9960 
3188 4524 8188 4527 
3189 6640 9966 6314 
3190 8007 10163 6372 
3191 9964 10107 6834 
3192 5125 8780 6859 
3193 1856 10287 26 
3194 1960 9166 6732 
3195 9268 9441 6607 
3196 6572 6574 3470 
3197 2067 6644 2072 
3198 2295 9779 8398 
3199 6688 8256 3057 
3200 3841 6669 3838 
3201 6578 6669 3841 
3202 7303 10290 9580 
3203 6552 6651 1676 
3204 8566 10129 7883 
3205 4815 8188 8185 
3206 8198 8204 1819 
3207 6461 10403 10246 
3208 6647 8377 2070 
3209 8184 8187 4815 
3210 5678 8377 6647 
3211 7455 10118 3970 
3212 6351 6352 1674 
3213 6363 6364 1667 
3214 6368 6371 417 
3215 6839 7229 5178 
3216 6367 6597 1636 
3217 280 10047 8 
3218 6384 6385 1716 
3219 1717 6380 6379 
3220 2110 6596 2112 
3221 6362 10077 4913 
3222 1747 6397 6396 
3223 1764 6618 6400 
3224 6395 6616 1765 
3225 1769 6539 6395 
3226 6710 9612 6310 
3227 6405 6406 10 
3228 1668 6553 6527 
3229 6545 10350 5846 
3230 6409 6410 468 
3231 6638 7795 3096 
3232 6133 7795 6638 
3233 6597 10098 1636 
3234 6349 6682 6627 
3235 10291 10327 7303 
3236 8696 10394 10002 
3237 1978 6860 1976 
3238 9860 9863 3148 
3239 6599 9863 9860 
3240 2130 8406 7632 
3241 6439 10287 1856 
3242 6424 6425 477 
3243 9853 9856 3488 
3244 6317 6668 6301 
3245 8126 10326 4370 
3246 9912 10396 1752 
3247 6082 9856 9853 
3248 8407 9328 5190 
3249 3970 10143 7455 
3250 6438 6439 451 
3251 6586 6587 1694 
3252 3470 6644 6572 
3253 9889 10317 8369 
3254 2072 6644 3470 
3255 6594 6595 2392 
3256 2176 8579 8040 
3257 6419 6420 1840 
3258 6422 6577 1839 
3259 8396 8400 3878 
3260 9278 10195 10177 
3261 5859 9330 7662 
3262 6429 6430 6422 
3263 6568 6569 6505 
3264 7303 10327 1652 
3265 8040 8579 6565 
3266 2364 8400 8399 
3267 1853 6431 6429 
3268 4373 6876 6875 
3269 4724 10268 6606 
3270 5725 10122 6000 
3271 6314 6757 1696 
3272 3838 6669 4082 
3273 1986 8398 3878 
3274 5147 6884 5146 
3275 6500 9402 6499 
3276 8067 10096 4828 
3277 6565 8579 3851 
3278 2295 8398 1988 
3279 1756 9941 6497 
3280 1965 8103 1967 
3281 6607 7583 2120 
3282 1819 8205 8196 
3283 6489 10396 5875 
3284 10125 10126 376 
3285 7357 9302 5857 
3286 6459 6460 1680 
3287 3841 6677 6578 
3288 6608 7662 3879 
3289 10134 10161 8093 
3290 7898 10333 6487 
3291 6466 6467 548 
3292 6508 6509 1625 
3293 8151 8568 5865 
3294 6488 6489 1631 
3295 6499 9402 1642 
3296 1635 6492 6491 
3297 6491 6494 1755 
3298 1756 6497 6496 
3299 9714 9932 2984 
3300 1758 6500 6499 
3301 5678 9636 8377 
3302 6583 8283 6875 
3303 6199 8312 6196 
3304 2126 7900 2128 
3305 2120 9268 6607 
3306 4828 10124 8067 
3307 8203 9362 1818 
3308 6756 8150 4830 
3309 2176 9775 6765 
3310 9904 9943 5390 
3311 7662 9330 3879 
3312 9993 10164 8106 
3313 1984 8400 1982 
3314 6437 10044 6234 
3315 2117 6641 6570 
3316 3884 6957 6956 
3317 6465 6680 1645 
3318 8312 9466 1773 
3319 2117 8584 6641 
3320 6497 10038 6496 
3321 1968 6591 1966 
3322 1960 6732 1958 
3323 7333 9472 4298 
3324 4898 9489 9422 
3325 1696 6757 353 
3326 352 6757 1821 
3327 6641 8584 6643 
3328 518 6360 1738 
3329 6856 10058 9915 
3330 6268 6947 6269 
3331 6643 8584 4162 
3332 6202 10116 6715 
3333 6386 10384 6418 
3334 6577 10192 1839 
3335 6555 9938 1691 
3336 1841 6392 444 
3337 4799 6666 5836 
3338 293 10360 6346 
3339 1846 10034 6762 
3340 1818 9362 8082 
3341 6371 6521 6372 
3342 2836 6591 1968 
3343 8192 8194 1672 
3344 6268 10258 6947 
3345 6243 9933 8173 
3346 6876 9444 6592 
3347 6575 9697 8534 
3348 7544 7545 1637 
3349 6335 10351 10041 
3350 6556 6999 4288 
3351 6999 8447 2295 
3352 1994 6765 4288 
3353 4685 10120 10094 
3354 1743 9939 6417 
3355 2176 6765 1996 
3356 6563 7333 4298 
3357 5837 10172 6406 
3358 4834 7525 5110 
3359 2828 6728 6534 
3360 9984 10299 5842 
3361 2118 7663 2121 
3362 223 10028 7215 
3363 6625 8101 6622 
3364 9362 10184 9997 
3365 2106 6955 2108 
3366 8405 8544 2130 
3367 6610 9472 7333 
3368 6340 9947 1774 
3369 3730 8104 6605 
3370 437 6559 1732 
3371 3470 6576 2075 
3372 6523 8103 6605 
3373 345 8205 344 
3374 342 8204 1612 
3375 1819 8204 343 
3376 5163 8812 6672 
3377 6234 10044 9257 
3378 6576 9831 9163 
3379 1749 6454 536 
3380 6427 6428 1852 
3381 6365 6550 1667 
3382 4298 8544 6563 
3383 7331 10405 6359 
3384 591 6480 1751 
3385 492 6344 493 
3386 438 1864 439 
3387 4463 9866 9547 
3388 7554 10288 10081 
3389 8846 10400 1789 
3390 6487 10333 6485 
3391 1805 9493 6560 
3392 3834 6932 3836 
3393 440 6437 441 
3394 6625 8102 5848 
3395 6487 9949 9916 
3396 6536 7531 7347 
3397 1763 6559 436 
3398 494 6348 495 
3399 7038 10399 6257 
3400 6535 9466 8312 
3401 3851 8580 6565 
3402 519 6356 520 
3403 515 6351 1674 
3404 513 6415 514 
3405 413 6363 1667 
3406 414 6550 415 
3407 416 6368 417 
3408 1647 6626 411 
3409 510 6383 511 
3410 512 6366 1665 
3411 412 6626 6363 
3412 523 6367 1636 
3413 422 6374 423 
3414 434 6402 435 
3415 526 6373 527 
3416 431 6399 432 
3417 407 6601 1633 
3418 1636 6433 524 
3419 4844 6671 4845 
3420 402 6404 403 
3421 8314 9571 5276 
3422 509 6378 1690 
3423 508 6379 6378 
3424 1741 6601 406 
3425 525 6433 1739 
3426 1717 6379 507 
3427 424 6384 1716 
3428 1951 6615 2876 
3429 506 6674 1717 
3430 1716 6418 425 
3431 1949 6615 1951 
3432 400 6408 401 
3433 1748 6674 505 
3434 426 6418 1747 
3435 532 6405 10 
3436 1765 6398 503 
3437 428 6396 1764 
3438 504 6398 1748 
3439 1747 6396 427 
3440 465 6411 9 
3441 1764 6400 429 
3442 502 6395 1765 
3443 6440 6874 1859 
3444 4845 6671 6670 
3445 1762 6401 496 
3446 430 6400 1768 
3447 1769 6395 501 
3448 497 6401 1770 
3449 467 6409 468 
3450 1617 6403 528 
3451 442 6387 443 
3452 6563 8544 8405 
3453 9877 9881 4004 
3454 529 6403 1740 
3455 6547 6702 2876 
3456 6148 6680 5264 
3457 8787 10293 6447 
3458 470 6414 471 
3459 8162 9960 5850 
3460 1740 6613 530 
3461 531 6613 1629 
3462 472 6417 473 
3463 399 6407 1630 
3464 476 6424 477 
3465 485 6434 486 
3466 6615 9866 6522 
3467 6570 7236 2117 
3468 450 6438 451 
3469 6540 9939 5119 
3470 9872 10262 1651 
3471 1981 7531 1983 
3472 6293 10222 6629 
3473 457 6612 1766 
3474 1767 6423 474 
3475 1838 6525 6424 
3476 6957 9421 5150 
3477 9909 9936 7524 
3478 1839 6612 456 
3479 500 9324 1769 
3480 7534 10373 5103 
3481 475 6423 1838 
3482 6678 6932 5339 
3483 8223 8585 6460 
3484 9931 10357 6367 
3485 2392 6596 2110 
3486 6459 6561 6461 
3487 1775 10107 9964 
3488 2820 9194 2824 
3489 455 6422 1839 
3490 487 6419 1840 
3491 1696 10378 6313 
3492 5985 9729 6593 
3493 1971 6624 1973 
3494 1973 6624 2432 
3495 1898 10414 9890 
3496 454 6429 6422 
3497 290 6808 1658 
3498 1796 6808 291 
3499 2824 6743 2850 
3500 1853 6429 453 
3501 4162 9033 6643 
3502 9589 9704 3251 
3503 1852 6436 479 
3504 602 6457 1718 
3505 480 6436 1862 
3506 599 6458 1693 
3507 484 6567 1855 
3508 1680 6715 597 
3509 598 6715 6458 
3510 1854 6571 447 
3511 605 6446 606 
3512 534 6449 535 
3513 596 6459 1680 
3514 603 6455 604 
3515 546 6465 1645 
3516 541 6530 542 
3517 544 6462 545 
3518 9913 9917 6733 
3519 7494 9951 7493 
3520 1858 6567 483 
3521 594 6561 595 
3522 592 6472 593 
3523 547 6466 548 
3524 568 6562 569 
3525 570 6484 571 
3526 574 6598 575 
3527 582 6498 583 
3528 587 6515 588 
3529 586 6544 587 
3530 449 6440 1859 
3531 553 6503 554 
3532 448 6571 6440 
3533 491 9612 1761 
3534 6659 10390 6474 
3535 6660 9346 9172 
3536 1625 6490 566 
3537 1701 9850 8085 
3538 6619 6666 4799 
3539 565 6508 1625 
3540 567 6490 1754 
3541 577 6488 1631 
3542 1752 6488 576 
3543 1635 6491 562 
3544 1755 6508 564 
3545 561 6510 1635 
3546 563 6491 1755 
3547 581 6496 1641 
3548 1757 6510 560 
3549 1756 6496 580 
3550 557 6499 1642 
3551 552 6568 1656 
3552 4186 6877 4184 
3553 4184 6877 4373 
3554 1758 6499 556 
3555 555 6512 1758 
3556 3707 6885 1948 
3557 2954 9166 1962 
3558 1947 6885 2620 
3559 9504 9515 2097 
3560 2828 6838 1952 
3561 9377 10254 8748 
3562 1859 6874 6819 
3563 5145 6666 6619 
3564 1950 6838 3707 
3565 1634 10066 6531 
3566 2824 9194 6743 
3567 6614 9515 9504 
3568 6524 9994 1653 
3569 1976 6860 2632 
3570 9940 9979 6658 
3571 8194 8205 1672 
3572 1992 6999 1990 
3573 2128 7900 2133 
3574 9531 9538 3823 
3575 6293 10265 10222 
3576 2133 7900 7899 
3577 5164 6686 5906 
3578 601 9169 6457 
3579 1833 9612 490 
3580 1693 9169 600 
3581 5507 10069 6587 
3582 8112 9538 9531 
3583 5850 9999 8162 
3584 5404 6967 2376 
3585 6594 6956 5149 
3586 6939 10186 1745 
3587 6665 8999 6891 
3588 1827 9990 8488 
3589 2392 6955 6594 
3590 6082 9859 9856 
3591 7717 9574 9568 
3592 7215 10398 223 
3593 4161 8999 6665 
3594 5149 6956 5150 
3595 6611 9859 6082 
3596 9568 9574 2074 
3597 6595 6596 2392 
3598 5857 9302 6849 
3599 2877 10123 7888 
3600 7218 9968 6511 
3601 1780 10232 9970 
3602 5408 7311 6589 
3603 6809 8709 6763 
3604 1732 1866 1865 
3605 5107 9946 7005 
3606 5537 10051 10045 
3607 6654 7293 2851 
3608 2143 6657 2141 
3609 7749 9593 9587 
3610 6975 9734 6974 
3611 5111 6849 6701 
3612 1640 7543 6645 
3613 1862 9479 481 
3614 9587 9593 2387 
3615 1672 8208 8192 
3616 7312 8306 5813 
3617 6507 9977 5835 
3618 482 9479 1858 
3619 5408 8306 7311 
3620 7311 8306 7312 
3621 5857 6849 4643 
3622 1771 9902 6402 
3623 1844 10029 9737 
3624 1958 6732 3719 
3625 6576 9163 2077 
3626 5144 6667 6666 
3627 6574 6576 3470 
3628 6596 9441 9268 
3629 7940 9613 9608 
3630 6859 8780 6537 
3631 6168 9324 6265 
3632 4527 8188 4815 
3633 9608 9613 2071 
3634 4865 8188 4524 
3635 3719 6732 6730 
3636 6730 6731 6729 
3637 6619 6763 5145 
3638 3878 8398 8397 
3639 7894 9280 5870 
3640 5125 6859 5851 
3641 5652 7504 7503 
3642 9623 9627 2386 
3643 6648 9627 9623 
3644 9602 9606 6573 
3645 2860 9606 9602 
3646 6250 6839 5178 
3647 45 6883 44 
3648 9629 9631 4722 
3649 1738 6358 6357 
3650 6357 6359 6356 
3651 7919 9631 9629 
3652 5813 9095 7312 
3653 6321 7229 6839 
3654 7456 10233 3978 
3655 2436 6656 6655 
3656 3879 7663 6608 
3657 1727 10097 10037 
3658 8292 9876 9625 
3659 6610 9488 9472 
3660 6609 9488 6610 
3661 7547 10411 7557 
3662 6701 6849 5855 
3663 7583 7663 2120 
3664 3729 9898 9777 
3665 10177 10195 6345 
3666 2332 7532 7347 
3667 6666 6667 5836 
3668 2308 7894 6660 
3669 5872 10080 5871 
3670 6437 10151 1832 
3671 1710 10210 6779 
3672 6196 8312 6322 
3673 6857 7199 7105 
3674 7540 7541 1807 
3675 6679 9800 9704 
3676 6566 10205 6323 
3677 6492 10310 6494 
3678 2102 6958 2104 
3679 9510 9521 6631 
3680 2104 6958 3884 
3681 5810 9832 9829 
3682 9951 9988 7493 
3683 6540 6689 1767 
3684 2092 9521 9510 
3685 2151 6734 2149 
3686 6683 7357 5857 
3687 7571 9421 5685 
3688 6532 6884 5147 
3689 9829 9832 7585 
3690 5238 7357 6683 
3691 7899 8274 2133 
3692 4432 9508 3594 
3693 6414 10386 6507 
3694 7888 10295 2877 
3695 6388 6389 1841 
3696 6660 9172 2308 
3697 5893 9815 6532 
3698 3978 10274 7456 
3699 6531 10112 1634 
3700 1617 10026 10010 
3701 6450 6451 1749 
3702 7482 10175 1891 
3703 6763 9199 5890 
3704 5296 8152 6755 
3705 1967 8103 2667 
3706 3730 8103 1965 
3707 2308 9280 7894 
3708 8112 9549 9538 
3709 6756 8152 8150 
3710 2807 7294 2814 
3711 7494 9904 5390 
3712 6577 9321 6283 
3713 6690 8817 5154 
3714 8113 9549 8112 
3715 234 10345 6749 
3716 1720 10315 7096 
3717 1751 6475 6474 
3718 9733 9861 9097 
3719 6875 8283 4373 
3720 6755 8274 5296 
3721 5471 8817 6690 
3722 5146 6884 6533 
3723 6583 6875 6584 
3724 6672 8812 6671 
3725 7064 10117 10060 
3726 5869 8568 8151 
3727 6756 8151 5865 
3728 6502 9948 7239 
3729 8399 8400 8396 
3730 2663 9709 2474 
3731 6941 8473 8366 
3732 5138 9002 8490 
3733 8621 8808 8706 
3734 6373 10026 1617 
3735 5911 7070 6804 
3736 6556 8447 6999 
3737 5425 9839 9835 
3738 1982 8400 2364 
3739 6941 8366 3725 
3740 9835 9839 7932 
3741 6402 10089 1763 
3742 9033 9103 5877 
3743 6746 6747 6745 
3744 6679 9704 9589 
3745 6815 9984 5842 
3746 3878 8400 1984 
3747 6525 9983 6216 
3748 6688 9800 6679 
3749 7717 9578 9574 
3750 7718 9578 7717 
3751 6596 9268 2112 
3752 9432 9701 6114 
3753 5158 8808 8621 
3754 3859 8407 7633 
3755 5527 8976 6649 
3756 7958 7959 6224 
3757 6686 6804 5906 
3758 7332 10167 6479 
3759 5158 8621 6986 
3760 2081 9277 9231 
3761 7053 9654 6914 
3762 4162 9103 9033 
3763 2097 9488 6609 
3764 4830 8151 6756 
3765 9231 9277 8393 
3766 7622 9670 7621 
3767 5872 10119 10080 
3768 2996 6735 6661 
3769 6609 9504 2097 
3770 5184 8580 5654 
3771 6593 9729 1972 
3772 3151 6743 6649 
3773 2139 7502 2137 
3774 7749 9599 9593 
3775 6813 8976 5527 
3776 7750 9599 7749 
3777 2389 9348 9335 
3778 2850 6743 3151 
3779 7433 9982 1803 
3780 6684 6687 4858 
3781 6649 8976 3151 
3782 7199 7244 7105 
3783 9553 9589 3251 
3784 7053 7054 6343 
3785 9335 9348 8361 
3786 6630 9153 2081 
3787 6184 6682 6186 
3788 5250 6687 6684 
3789 7900 9330 5859 
3790 8490 9208 5138 
3791 9972 10008 7520 
3792 7198 9534 3539 
3793 7795 9553 3251 
3794 4844 6672 6671 
3795 6654 7295 5153 
3796 3793 6714 4328 
3797 5735 7525 4834 
3798 8200 8204 8198 
3799 2082 9383 9371 
3800 2120 7663 2118 
3801 9371 9383 8326 
3802 2121 7663 3879 
3803 5110 7525 6560 
3804 6644 9600 6573 
3805 3823 9515 6614 
3806 2860 9610 9606 
3807 7940 9619 9613 
3808 9600 9602 6573 
3809 6730 9917 6731 
3810 6186 6682 6197 
3811 2004 7236 2002 
3812 2365 6987 2362 
3813 7941 9619 7940 
3814 8148 9610 2860 
3815 6603 10232 1780 
3816 6755 8152 6756 
3817 6685 6764 4779 
3818 3884 6955 2106 
3819 6614 9531 3823 
3820 2108 6955 2392 
3821 8365 9550 2289 
3822 6454 10245 1719 
3823 6578 6677 5134 
3824 5134 6677 5903 
3825 7238 10132 6502 
3826 1672 8205 345 
3827 344 8205 1819 
3828 2388 9414 9403 
3829 9422 9489 6672 
3830 9366 9376 8165 
3831 5296 8274 7899 
3832 9277 9310 8393 
3833 9403 9414 8301 
3834 4288 6765 6588 
3835 6673 6714 5873 
3836 8393 9310 8394 
3837 6584 6592 6591 
3838 7919 9634 9631 
3839 7175 9663 9339 
3840 7920 9634 7919 
3841 6648 9630 9627 
3842 6647 9630 6648 
3843 4725 9636 8390 
3844 6749 10104 234 
3845 6421 9956 6330 
3846 8151 9208 5869 
3847 8121 9451 9446 
3848 6441 10380 10039 
3849 2083 9443 9436 
3850 9436 9443 8248 
3851 4170 9244 4116 
3852 3836 6932 3841 
3853 9446 9451 2390 
3854 1820 8206 8191 
3855 6403 10010 9965 
3856 5877 9153 6630 
3857 1665 9903 6416 
3858 5339 6932 3834 
3859 4328 6714 6673 
3860 1633 9622 408 
3861 6535 8312 6199 
3862 2081 9231 6630 
3863 7979 9442 9435 
3864 2141 6657 2436 
3865 5890 6809 6763 
3866 6696 6872 5186 
3867 7733 9780 9579 
3868 9435 9442 2088 
3869 3439 6872 6696 
3870 5869 9208 8490 
3871 6795 8968 8947 
3872 6664 9419 9413 
3873 7524 7525 5735 
3874 4554 9831 8534 
3875 7184 9148 7182 
3876 2996 6734 2151 
3877 8196 8205 8194 
3878 9413 9419 2385 
3879 2126 9330 7900 
3880 9103 9153 5877 
3881 6661 6734 2996 
3882 1768 9937 6399 
3883 7648 9649 7647 
3884 3609 9505 7125 
3885 6581 10303 5106 
3886 5390 9951 7494 
3887 9348 9363 8361 
3888 6696 6868 3439 
3889 8192 8208 8191 
3890 8361 9363 8362 
3891 3439 6868 3188 
3892 5082 6721 4758 
3893 6796 8233 4857 
3894 6731 9718 4811 
3895 6763 8709 5145 
3896 10164 10416 4805 
3897 2332 7531 1981 
3898 2074 9549 8113 
3899 2190 9548 2189 
3900 5138 9021 9002 
3901 5873 9186 6673 
3902 8113 9568 2074 
3903 9002 9021 8017 
3904 6546 10087 127 
3905 1983 7531 3890 
3906 6447 10099 8787 
3907 6399 10322 10067 
3908 9545 9551 7342 
3909 7 1773 398 
3910 15 1772 1 
3911 6109 9688 9365 
3912 4344 9551 9545 
3913 5652 9366 7504 
3914 4591 7357 7356 
3915 5652 9376 9366 
3916 5590 9216 6736 
3917 5954 9635 9271 
3918 8017 9065 2663 
3919 7430 10149 6170 
3920 4913 10077 10070 
3921 585 9872 1651 
3922 2851 7294 6654 
3923 1759 9872 584 
3924 8394 9310 2389 
3925 9997 10184 5071 
3926 11 9878 533 
3927 9525 9759 5939 
3928 9383 9395 8326 
3929 3105 7628 6725 
3930 6432 10194 9705 
3931 2389 9335 8394 
3932 1833 10147 6329 
3933 8326 9395 8327 
3934 9172 9346 6657 
3935 6655 7502 2436 
3936 8038 9558 8039 
3937 9021 9065 8017 
3938 5652 7503 5327 
3939 6314 9966 6757 
3940 2437 9148 7184 
3941 6684 8614 7356 
3942 7356 8614 4591 
3943 9468 9773 3065 
3944 6624 6625 6622 
3945 2436 6657 6656 
3946 5177 6719 5176 
3947 6718 6719 5177 
3948 3561 8347 6711 
3949 2690 7537 6709 
3950 5327 7503 6655 
3951 5276 9571 7295 
3952 1990 6999 2295 
3953 6709 7537 5882 
3954 6396 9771 1764 
3955 6858 7198 4257 
3956 4766 10027 7155 
3957 2391 9761 9536 
3958 6286 10126 10125 
3959 6886 6887 6723 
3960 5167 6712 4600 
3961 5055 6998 6746 
3962 4288 6999 1992 
3963 9430 9674 7478 
3964 6711 8347 5898 
3965 6877 6878 6876 
3966 4858 8614 6684 
3967 4257 7199 6858 
3968 2387 9578 7718 
3969 2174 9758 9532 
3970 3829 8412 8234 
3971 6579 9697 6669 
3972 5168 6964 4103 
3973 3729 9510 6631 
3974 5153 7295 5908 
3975 1675 9196 8435 
3976 9414 9426 8301 
3977 5203 6764 6691 
3978 8301 9426 8300 
3979 7718 9587 2387 
3980 5353 9869 6548 
3981 4591 9302 7357 
3982 6691 6725 5203 
3983 8234 8412 8235 
3984 6224 7960 7958 
3985 5890 9199 5889 
3986 8338 8564 5904 
3987 1685 9632 7172 
3988 6740 7185 6741 
3989 8235 8412 2289 
3990 6350 9357 1762 
3991 2683 9434 6945 
3992 9252 9267 6681 
3993 4662 7185 6740 
3994 9443 9450 8248 
3995 2427 9267 9252 
3996 6780 6836 4342 
3997 6956 6957 5150 
3998 9384 9669 7931 
3999 8248 9450 8247 
4000 6501 9948 6502 
4001 3569 8564 8338 
4002 7194 9279 9270 
4003 44 6883 1786 
4004 3094 9429 2979 
4005 6736 9216 4160 
4006 1668 6883 45 
4007 3096 9542 6638 
4008 6724 8694 4867 
4009 8121 9445 8120 
4010 8362 9363 2082 
4011 8121 9446 9445 
4012 4662 9071 3687 
4013 3609 7197 6850 
4014 7979 9433 7978 
4015 7228 9502 4985 
4016 2082 9371 8362 
4017 5889 9175 6665 
4018 2851 9194 2820 
4019 7979 9435 9433 
4020 6664 9410 6663 
4021 195 7960 194 
4022 6664 9413 9410 
4023 6850 7197 6851 
4024 6133 9553 7795 
4025 7523 7525 7524 
4026 2823 9583 9276 
4027 6639 6640 6314 
4028 6723 7329 6886 
4029 6651 6652 1676 
4030 9468 9513 7905 
4031 4823 6998 4824 
4032 1655 9931 521 
4033 522 9931 6367 
4034 5889 9199 9175 
4035 8366 8473 5519 
4036 9270 9279 3893 
4037 6089 10111 6549 
4038 2071 9599 7750 
4039 4305 7751 7159 
4040 5894 7208 5288 
4041 7039 9495 7242 
4042 1631 9901 578 
4043 6110 9778 9688 
4044 6587 10352 5507 
4045 579 9901 1756 
4046 7750 9608 2071 
4047 7235 9206 2427 
4048 6685 8503 6764 
4049 6610 9500 5899 
4050 6740 9071 4662 
4051 5082 6722 6721 
4052 5198 9374 4641 
4053 6692 7228 5213 
4054 3488 9851 6600 
4055 5911 6804 6686 
4056 2166 9719 9438 
4057 6726 6897 3078 
4058 2067 9600 6644 
4059 397 9466 1837 
4060 3078 6897 2849 
4061 9272 10402 10237 
4062 4463 9863 6599 
4063 9449 10244 6420 
4064 3148 9859 6611 
4065 6600 9853 3488 
4066 1690 10160 6383 
4067 6543 7160 7159 
4068 5250 6945 6687 
4069 2427 9252 7235 
4070 6599 9866 4463 
4071 8327 9395 2388 
4072 6686 9489 4898 
4073 3711 9404 7512 
4074 6958 6959 6957 
4075 2388 9403 8327 
4076 6611 9860 3148 
4077 8234 8947 3829 
4078 5920 9610 8148 
4079 6725 7628 5203 
4080 6352 6354 1674 
4081 6364 6365 1667 
4082 7457 10183 3978 
4083 8191 8208 1820 
4084 6351 6353 6352 
4085 7225 9428 7049 
4086 2814 7294 2851 
4087 6665 9175 4161 
4088 8148 9614 5920 
4089 5893 9932 9714 
4090 6683 8808 5238 
4091 6380 6381 6379 
4092 4967 7079 6793 
4093 6385 6386 1716 
4094 2386 9619 7941 
4095 6737 7035 5354 
4096 7941 9623 2386 
4097 7236 8580 3851 
4098 6833 6836 6781 
4099 6891 8999 6690 
4100 7905 9513 5031 
4101 2143 9172 6657 
4102 5276 7294 2807 
4103 3725 8367 6941 
4104 6570 8580 7236 
4105 8117 9629 4722 
4106 5642 9286 9271 
4107 9858 10212 6428 
4108 5186 6872 5188 
4109 5217 9452 3572 
4110 4722 9625 8117 
4111 8706 8808 6683 
4112 9577 9746 4711 
4113 5641 9286 5642 
4114 3188 6868 3094 
4115 4865 8190 8189 
4116 6712 6713 4600 
4117 6940 8367 2189 
4118 2435 9205 7194 
4119 9082 9092 6742 
4120 7509 9353 5542 
4121 2382 9012 7995 
4122 3594 9508 6987 
4123 1922 10001 6554 
4124 5356 9288 5182 
4125 8679 9734 6975 
4126 4257 7244 7199 
4127 9349 9353 7509 
4128 4725 9634 7920 
4129 5154 8817 5213 
4130 6477 9883 6478 
4131 3002 8417 3000 
4132 5177 6720 6718 
4133 7920 9636 4725 
4134 2 6662 133 
4135 2070 9630 6647 
4136 8300 9426 2083 
4137 2083 9436 8300 
4138 2211 7702 2209 
4139 6459 6461 6460 
4140 9353 9359 5542 
4141 5870 9280 6734 
4142 5542 9359 5322 
4143 7557 9921 4241 
4144 6693 9557 6694 
4145 2963 7337 7336 
4146 6870 10026 5896 
4147 6423 10361 9983 
4148 5808 9742 5763 
4149 3893 9279 6681 
4150 9733 9742 5808 
4151 6466 6468 6467 
4152 8947 8968 3829 
4153 6494 6495 1755 
4154 7293 9194 2851 
4155 6565 8580 5184 
4156 5291 9394 7094 
4157 1635 6493 6492 
4158 7747 7995 5891 
4159 2385 9419 7978 
4160 6959 9898 9421 
4161 1758 6501 6500 
4162 3594 6987 2365 
4163 6719 6724 5176 
4164 3793 9125 6714 
4165 8247 9450 2390 
4166 2088 9442 8120 
4167 2390 9451 8247 
4168 3619 7207 7205 
4169 7119 9336 7124 
4170 6955 6956 6594 
4171 2436 7502 2139 
4172 2137 7502 4473 
4173 5198 7907 6846 
4174 6690 8999 5471 
4175 6663 9410 2091 
4176 5654 8580 6570 
4177 6735 8267 6661 
4178 6681 9267 3893 
4179 6941 8367 6940 
4180 6858 9534 7198 
4181 9398 9633 3137 
4182 7907 8460 6846 
4183 7978 9433 2385 
4184 7191 9205 9193 
4185 8120 9445 2088 
4186 6737 7334 7035 
4187 2822 9360 2815 
4188 6804 7070 3261 
4189 4857 8267 6796 
4190 4116 7202 4114 
4191 9714 9815 5893 
4192 6148 10159 6680 
4193 5213 8817 6692 
4194 3978 10233 7457 
4195 6781 6836 6780 
4196 9193 9205 2435 
4197 5721 9380 5656 
4198 7995 9012 5891 
4199 2002 7236 3851 
4200 8135 8136 1706 
4201 5721 9384 9380 
4202 7256 9523 9519 
4203 2710 7335 2712 
4204 2098 9544 9543 
4205 9392 9620 3131 
4206 6591 9566 1966 
4207 7289 9327 7288 
4208 6417 9939 6540 
4209 1836 6738 16 
4210 6700 7039 2438 
4211 2091 9432 6663 
4212 8536 9455 7278 
4213 6646 9676 7540 
4214 7201 7203 4872 
4215 2117 7236 2004 
4216 9690 9691 7598 
4217 2587 8578 6739 
4218 6792 8578 2587 
4219 6099 6713 6712 
4220 9519 9523 3923 
4221 6719 8694 6724 
4222 7675 9573 9456 
4223 2438 6985 6700 
4224 2362 6987 2438 
4225 9557 9579 6694 
4226 7545 7546 1637 
4227 4872 7202 7201 
4228 4114 7202 4872 
4229 2148 7209 2150 
4230 2666 9691 9690 
4231 6677 6678 5903 
4232 6424 6426 6425 
4233 9381 9601 3125 
4234 3843 9064 8864 
4235 6764 8503 6691 
4236 1853 6432 6431 
4237 5864 8646 8274 
4238 2289 9550 8235 
4239 6850 9505 3609 
4240 9580 9806 4780 
4241 7612 8951 7615 
4242 6592 9566 6591 
4243 4315 9176 7191 
4244 9011 9085 6048 
4245 6725 7537 3105 
4246 6739 8578 5208 
4247 4884 7001 6989 
4248 7083 9555 7088 
4249 1866 1867 1865 
4250 6672 9489 5163 
4251 5208 6799 6739 
4252 6234 10151 6437 
4253 6319 6867 6866 
4254 6796 8947 8233 
4255 6870 7156 6146 
4256 4758 6721 5177 
4257 5882 7537 6725 
4258 3616 9571 8314 
4259 6734 9280 2149 
4260 8104 8105 6605 
4261 4905 9382 8109 
4262 3577 7729 6799 
4263 7395 8418 5199 
4264 4342 8875 6780 
4265 6989 7001 6084 
4266 6799 7729 6739 
4267 7259 9517 9514 
4268 6774 6783 6779 
4269 6468 9825 6469 
4270 3616 9276 6695 
4271 7576 9306 7577 
4272 6947 10258 1759 
4273 4865 8189 8188 
4274 1993 8406 1995 
4275 4116 9244 7208 
4276 6068 10016 6315 
4277 7615 8951 4117 
4278 4896 9123 5913 
4279 9514 9517 2784 
4280 9223 9235 6736 
4281 7194 9270 2435 
4282 6989 6991 4884 
4283 7695 7697 3932 
4284 6991 7040 4884 
4285 6902 8624 6727 
4286 6343 9654 7053 
4287 7294 7295 6654 
4288 4896 7156 6869 
4289 6239 10368 10245 
4290 3560 9235 9223 
4291 6709 7538 2690 
4292 5600 7630 5217 
4293 7040 9295 6889 
4294 7205 7511 3619 
4295 2849 6897 2822 
4296 3 9755 206 
4297 5600 8405 7632 
4298 4016 10324 8133 
4299 9034 10173 1830 
4300 6869 7156 6870 
4301 5398 8624 6902 
4302 3619 7209 7207 
4303 5167 6964 6712 
4304 3711 7538 6921 
4305 6484 10039 1753 
4306 5169 6837 6727 
4307 5600 7631 7630 
4308 6886 7329 4356 
4309 6793 7080 4967 
4310 3491 7902 6717 
4311 6799 6800 3577 
4312 4291 8152 5293 
4313 9684 9685 7622 
4314 6712 6964 5168 
4315 7086 9228 4653 
4316 6727 8624 5169 
4317 6659 9653 4798 
4318 2678 9685 9684 
4319 8537 9897 9894 
4320 6838 6884 3707 
4321 7318 9033 5201 
4322 9324 10234 6265 
4323 3078 9015 6726 
4324 5114 6861 6603 
4325 4368 9208 4830 
4326 6065 9490 9485 
4327 2712 7335 6842 
4328 6773 6783 6774 
4329 5169 8615 6837 
4330 3685 9423 3683 
4331 6711 8653 3561 
4332 6643 9033 7318 
4333 9485 9490 2962 
4334 9938 10386 6414 
4335 7607 8084 5401 
4336 6846 9374 5198 
4337 3088 8418 7397 
4338 6868 9429 3094 
4339 6724 9092 9082 
4340 6742 7113 4879 
4341 2587 7080 6792 
4342 6800 6803 3577 
4343 9164 9176 4315 
4344 7067 9340 6064 
4345 6964 8564 4103 
4346 4760 6903 5831 
4347 8510 8530 5399 
4348 6917 7158 6920 
4349 5656 9380 8165 
4350 8165 9376 5656 
4351 9001 9327 7289 
4352 2963 7336 7335 
4353 8011 9064 3843 
4354 5898 8347 6717 
4355 6783 6784 6779 
4356 6200 6761 6760 
4357 3841 6932 6677 
4358 9065 9709 2663 
4359 7159 7751 6543 
4360 6099 9373 6713 
4361 5904 8564 6964 
4362 7973 9467 9461 
4363 2564 8854 2561 
4364 2189 9548 6940 
4365 1714 10065 6328 
4366 3763 7290 3761 
4367 5401 8084 6787 
4368 194 7960 1730 
4369 6717 8347 3491 
4370 7273 9462 9460 
4371 7958 7960 195 
4372 6787 8084 3620 
4373 6619 9199 6763 
4374 2183 7204 7200 
4375 5860 6998 4823 
4376 7182 9148 7185 
4377 3569 8338 5291 
4378 6965 9312 6046 
4379 6733 9957 9913 
4380 6921 7538 6709 
4381 4305 7159 7158 
4382 9461 9467 2973 
4383 7691 7693 2324 
4384 6889 9165 6888 
4385 6869 9123 4896 
4386 5006 9244 4170 
4387 5195 7628 5914 
4388 9948 10281 10165 
4389 2115 8779 3620 
4390 4340 6917 6916 
4391 7213 9235 3560 
4392 4824 6998 5055 
4393 543 9954 1679 
4394 7191 9193 4315 
4395 5914 7628 7627 
4396 6706 10416 10164 
4397 7045 9262 7042 
4398 6796 8267 6735 
4399 6795 8947 6796 
4400 5210 6898 6894 
4401 9696 9774 6094 
4402 6421 10244 6931 
4403 4340 6916 6915 
4404 7682 9596 9487 
4405 8980 9670 7622 
4406 3620 8779 6787 
4407 3010 8496 3008 
4408 3964 8875 4342 
4409 5095 7024 5096 
4410 7202 7208 5894 
4411 5288 7208 6110 
4412 9894 9897 5050 
4413 8559 9225 7338 
4414 7969 9440 9427 
4415 7352 8945 7351 
4416 6673 9645 5162 
4417 6911 9242 5916 
4418 4069 9344 5647 
4419 1949 9547 6615 
4420 6798 8651 5838 
4421 6894 6898 5602 
4422 6773 6774 4733 
4423 6732 6733 6730 
4424 7086 9283 7085 
4425 6785 7413 5243 
4426 6953 9350 8027 
4427 5907 8110 8109 
4428 5356 9107 7210 
4429 5335 8267 8178 
4430 3307 9285 7034 
4431 7902 8802 7398 
4432 8191 8206 8189 
4433 7338 9367 9333 
4434 4879 9082 6742 
4435 5855 10350 6701 
4436 9427 9440 2986 
4437 6200 6760 6187 
4438 6770 6790 5936 
4439 6702 6703 3718 
4440 1738 6360 6358 
4441 2219 7698 2217 
4442 6357 6653 6359 
4443 3176 8014 8012 
4444 7184 9176 9164 
4445 3491 8802 7902 
4446 6541 10343 5354 
4447 6833 6834 6832 
4448 10039 10380 1753 
4449 7054 9801 6343 
4450 7210 9107 7207 
4451 5936 6790 5935 
4452 7342 9536 5811 
4453 7413 7470 5243 
4454 5938 8945 7352 
4455 9283 9291 7085 
4456 4340 7158 6917 
4457 1745 9755 3 
4458 7397 8418 7395 
4459 2221 9025 2219 
4460 5838 8651 7126 
4461 9460 9462 2786 
4462 2215 7703 2213 
4463 7223 9113 4633 
4464 7540 7542 7541 
4465 7910 9407 9401 
4466 5918 8252 4760 
4467 6608 7663 7583 
4468 7287 9475 7286 
4469 6907 7081 4286 
4470 5907 8790 8110 
4471 2585 7080 2581 
4472 8206 8217 8183 
4473 7210 9288 5356 
4474 6968 9256 7233 
4475 7184 9164 2437 
4476 6057 8805 7000 
4477 7739 9738 9657 
4478 6793 9216 5590 
4479 9401 9407 2991 
4480 4760 8252 6903 
4481 4361 6773 4733 
4482 6669 9697 4082 
4483 10006 10163 6264 
4484 2091 9701 9432 
4485 3576 7034 6751 
4486 4431 6946 4433 
4487 173 8930 1707 
4488 7204 7511 7205 
4489 6535 9956 1837 
4490 6921 9404 3711 
4491 8039 9558 6025 
4492 3560 9254 7213 
4493 7669 9539 9409 
4494 8615 8989 6837 
4495 5158 9508 4432 
4496 2653 9190 2668 
4497 9692 9694 5034 
4498 9844 9845 5805 
4499 347 8208 346 
4500 3687 9071 3685 
4501 5034 9694 4355 
4502 6131 9845 9844 
4503 7124 9336 4651 
4504 6389 6392 1841 
4505 4186 9529 6877 
4506 6451 6454 1749 
4507 7907 9396 9389 
4508 7112 8669 7113 
4509 4867 9092 6724 
4510 2712 6842 2714 
4511 7738 9038 8388 
4512 5216 7070 6844 
4513 1751 6480 6475 
4514 7785 9805 9797 
4515 4340 6915 3756 
4516 4688 9603 9420 
4517 7398 8625 8417 
4518 4779 6764 4778 
4519 6692 9502 7228 
4520 6840 9881 9877 
4521 7398 8802 8625 
4522 4356 8853 6835 
4523 2219 9025 7698 
4524 5164 9489 6686 
4525 8018 9297 8019 
4526 2209 7702 2335 
4527 6803 8854 2564 
4528 4778 6764 5203 
4529 3932 7702 2211 
4530 5811 9545 7342 
4531 2155 6794 2153 
4532 3752 9125 3793 
4533 6475 6659 6474 
4534 4861 6812 5181 
4535 9389 9396 2987 
4536 6897 9360 2822 
4537 6191 6864 6807 
4538 6164 10168 7477 
4539 6693 9551 4344 
4540 1707 8930 7860 
4541 6844 7070 5911 
4542 10038 10330 6088 
4543 2324 7698 7691 
4544 3088 8417 3002 
4545 7056 9152 7058 
4546 7113 8669 4879 
4547 8417 8625 3000 
4548 7710 8784 7711 
4549 9665 9668 6116 
4550 6991 9295 7040 
4551 9666 9667 6106 
4552 8156 8991 6002 
4553 5095 7025 7024 
4554 3396 9165 6889 
4555 6751 7035 3576 
4556 5913 7178 7177 
4557 7711 8784 5200 
4558 2334 7002 2361 
4559 5922 9197 7405 
4560 3932 7703 7695 
4561 2963 7335 2710 
4562 4344 9557 6693 
4563 6700 9495 7039 
4564 6172 10180 6170 
4565 6760 6762 6201 
4566 4691 9520 5201 
4567 7980 8903 7983 
4568 4237 9667 9666 
4569 2217 7698 2324 
4570 6655 7503 7502 
4571 2958 9306 7576 
4572 7338 9225 7336 
4573 2996 6794 6735 
4574 6200 9078 6761 
4575 2479 9668 9665 
4576 3976 6812 4861 
4577 4461 6817 6816 
4578 7285 7288 4189 
4579 7397 8417 3088 
4580 7020 9010 5918 
4581 6945 9434 6687 
4582 6728 6729 6534 
4583 5913 9123 7178 
4584 4653 9228 9210 
4585 8552 8715 6752 
4586 6322 6566 6323 
4587 2632 6860 6859 
4588 9339 9663 4622 
4589 7684 7686 2384 
4590 7333 9500 6610 
4591 6797 8695 6890 
4592 6835 6886 4356 
4593 5334 8647 7111 
4594 5831 6821 4759 
4595 7223 9188 7222 
4596 5918 9010 8252 
4597 2173 7209 2148 
4598 3892 8268 6752 
4599 5910 8805 6057 
4600 6319 6866 1878 
4601 2727 8715 8552 
4602 2150 7209 3619 
4603 6381 10109 9911 
4604 7170 7517 7177 
4605 7035 7334 3576 
4606 2566 6803 2564 
4607 5203 7628 5195 
4608 4461 8349 6817 
4609 6192 6864 6191 
4610 8268 8725 7600 
4611 5649 9428 7225 
4612 7983 8903 7452 
4613 3014 8865 3012 
4614 7578 9259 7579 
4615 4160 9223 6736 
4616 8156 9012 2382 
4617 3145 6905 4862 
4618 8274 8646 2133 
4619 7367 9255 5503 
4620 9333 9367 4881 
4621 6790 6845 5935 
4622 6890 8695 4062 
4623 9140 9649 7648 
4624 9271 9635 5642 
4625 6845 8851 3595 
4626 6797 7405 3478 
4627 2729 6818 2725 
4628 8864 9064 8418 
4629 6752 8715 3892 
4630 4286 9086 4044 
4631 6784 10138 1781 
4632 7119 7124 7121 
4633 9188 9210 7222 
4634 6013 9137 6937 
4635 7306 9447 7271 
4636 5910 9125 8805 
4637 3089 8264 3263 
4638 6584 6875 6592 
4639 4653 9283 7086 
4640 4881 8989 8615 
4641 4189 7291 7285 
4642 3892 8725 8268 
4643 3859 8406 1993 
4644 2102 9486 6958 
4645 1971 9563 6624 
4646 3986 9085 9011 
4647 7185 9148 6741 
4648 5059 6745 6744 
4649 2122 9289 2119 
4650 10094 10120 8201 
4651 5864 8274 6755 
4652 2225 7699 2223 
4653 3478 8695 6797 
4654 7693 7703 2324 
4655 1867 1868 1865 
4656 7203 8847 4872 
4657 7029 7030 7028 
4658 2706 7339 2708 
4659 8967 10154 5726 
4660 6068 10063 10016 
4661 7608 8530 4166 
4662 7630 9452 5217 
4663 6792 7080 6793 
4664 5337 8705 7392 
4665 9625 9876 8117 
4666 7994 8719 6772 
4667 7388 7392 3916 
4668 6975 9769 8679 
4669 1997 8544 1999 
4670 6866 6867 1885 
4671 8490 9002 6051 
4672 4189 7290 3763 
4673 6177 6179 6178 
4674 387 6824 1857 
4675 87 8138 86 
4676 1995 8406 2130 
4677 6002 9012 8156 
4678 2717 7994 7600 
4679 6766 9323 4007 
4680 6002 8991 8987 
4681 4241 10288 7554 
4682 6758 8978 6759 
4683 6776 6783 6773 
4684 5844 7092 6791 
4685 6848 8498 3855 
4686 7411 7744 3583 
4687 6189 6806 6200 
4688 6322 6323 6195 
4689 7177 7517 5913 
4690 7611 8941 4167 
4691 36 7015 1726 
4692 9276 9583 6695 
4693 7600 8725 2717 
4694 405 9995 1741 
4695 3843 8496 8011 
4696 1878 6866 1872 
4697 3577 6803 2566 
4698 7627 7629 5914 
4699 2227 8952 2225 
4700 3016 7805 3014 
4701 5293 8152 5296 
4702 6814 6815 5842 
4703 2681 6929 6928 
4704 7611 8951 7612 
4705 1616 9995 404 
4706 2153 6794 2996 
4707 6388 6390 6389 
4708 7805 8865 3014 
4709 4827 6773 4361 
4710 6338 10005 6336 
4711 8338 9394 5291 
4712 7030 8894 2971 
4713 6816 6818 4461 
4714 8150 8152 4291 
4715 3309 9420 3261 
4716 5647 9344 6882 
4717 3916 7393 7388 
4718 6948 8839 6949 
4719 8949 8960 7246 
4720 2957 7307 3145 
4721 5921 8498 6848 
4722 5316 8772 7093 
4723 3642 8166 7340 
4724 5401 8530 7607 
4725 6758 8960 3247 
4726 7200 7204 7201 
4727 3756 6915 3750 
4728 6714 9125 5910 
4729 6844 8596 5216 
4730 2401 9415 7305 
4731 4116 7208 7202 
4732 4830 9208 8151 
4733 6926 7629 2668 
4734 2717 8719 7994 
4735 5491 9242 6911 
4736 2681 6928 6927 
4737 5936 7023 6770 
4738 7153 9073 7152 
4739 7337 9367 7338 
4740 4056 9042 6812 
4741 1873 6866 1885 
4742 8978 8997 6759 
4743 4167 8941 8939 
4744 6766 9332 6767 
4745 6949 7313 3601 
4746 3145 7307 6905 
4747 5114 6603 6602 
4748 4317 7112 7111 
4749 2384 7699 7684 
4750 2626 8100 2624 
4751 4317 8669 7112 
4752 2821 6841 6810 
4753 6134 9043 5089 
4754 9365 9688 4211 
4755 1883 6939 6318 
4756 8987 8991 7615 
4757 8032 9218 8660 
4758 9210 9228 7222 
4759 5334 7111 7109 
4760 7299 7300 5764 
4761 3861 8839 6948 
4762 7272 7274 7261 
4763 4166 8530 8510 
4764 7153 8982 4620 
4765 2225 8952 7699 
4766 5337 7392 7389 
4767 6181 6182 6179 
4768 7697 7702 3932 
4769 5921 7723 6979 
4770 6979 8498 5921 
4771 6855 7199 6857 
4772 4167 8951 7611 
4773 7022 7027 5442 
4774 4406 9117 7106 
4775 6069 9501 6769 
4776 4249 7561 6873 
4777 7128 7194 7192 
4778 6440 10251 6874 
4779 8939 8941 7608 
4780 4633 9113 9109 
4781 6873 7561 6089 
4782 5399 8530 5401 
4783 1867 1870 1868 
4784 3247 8960 8949 
4785 4318 6953 6952 
4786 5499 9262 7045 
4787 2223 7699 2384 
4788 2183 7511 7204 
4789 5562 7027 7022 
4790 8074 8153 7757 
4791 4826 9170 5160 
4792 87 8140 8138 
4793 6665 6891 5156 
4794 8109 9382 5907 
4795 4117 8987 7615 
4796 7802 7804 3178 
4797 6858 7199 6855 
4798 3008 8496 3843 
4799 5197 8773 5243 
4800 7087 9228 7086 
4801 6069 9503 9501 
4802 7259 9518 7260 
4803 3938 9312 6965 
4804 6051 9002 8019 
4805 4361 4733 3988 
4806 3601 8586 6949 
4807 4166 8939 7608 
4808 5890 6905 6809 
4809 7744 9038 7738 
4810 3402 8337 8180 
4811 6065 9476 6789 
4812 6677 6932 6678 
4813 2668 9190 6926 
4814 5096 7024 5936 
4815 6185 6201 6183 
4816 7392 8705 3916 
4817 9332 9337 6767 
4818 4967 7080 2585 
4819 6059 9651 6060 
4820 7372 8554 7274 
4821 7631 9474 4822 
4822 6020 9066 5338 
4823 8180 8337 7367 
4824 4408 6944 6823 
4825 6761 6762 6760 
4826 6049 9011 6048 
4827 3922 9455 8536 
4828 2535 8261 2576 
4829 6977 7092 4402 
4830 6661 8267 5335 
4831 8178 8267 4857 
4832 1621 8153 8074 
4833 3891 8389 6772 
4834 4461 6818 2729 
4835 7274 8554 7261 
4836 6772 8719 3891 
4837 3583 7744 7738 
4838 4633 9188 7223 
4839 3673 9248 3671 
4840 3176 8496 3010 
4841 3247 8978 6758 
4842 2581 7080 2587 
4843 6790 8851 6845 
4844 207 1688 4 
4845 6 1687 259 
4846 6065 9485 9476 
4847 6811 9287 4092 
4848 6918 7054 7053 
4849 1891 10175 1889 
4850 9514 9518 7259 
4851 9796 9810 4997 
4852 5225 6925 5228 
4853 3218 7020 3220 
4854 6177 6180 6179 
4855 8418 9064 5199 
4856 7034 9285 6751 
4857 3885 9256 6968 
4858 7146 8724 4395 
4859 8998 9124 7232 
4860 2213 7703 3932 
4861 7158 7159 6920 
4862 7127 7193 4192 
4863 7136 8586 3601 
4864 6952 7776 4318 
4865 2714 6842 2821 
4866 8389 8957 6818 
4867 6774 6777 6775 
4868 3454 9340 7067 
4869 1820 8217 8206 
4870 6181 6183 6182 
4871 2119 8779 2115 
4872 2576 8261 7895 
4873 5082 6723 6722 
4874 2324 7703 2215 
4875 6081 9259 7578 
4876 4342 6836 6825 
4877 7973 9448 7972 
4878 7414 9181 5512 
4879 7029 8894 7030 
4880 6791 7092 6977 
4881 6187 6760 6185 
4882 4862 6905 5890 
4883 175 9247 174 
4884 3264 9132 7724 
4885 5228 6925 5922 
4886 1870 1872 1871 
4887 4406 7470 7413 
4888 6794 9041 6795 
4889 4431 8339 6946 
4890 6191 6806 6189 
4891 4827 6776 6773 
4892 6595 9441 6596 
4893 2361 7002 2621 
4894 2561 8854 2567 
4895 7247 8915 3223 
4896 8185 8206 8183 
4897 7290 8836 3761 
4898 6881 7566 5151 
4899 7305 9415 6063 
4900 6795 9041 8968 
4901 4433 6946 5250 
4902 5182 9288 5891 
4903 6823 6888 4408 
4904 3964 4342 3963 
4905 7027 7029 7028 
4906 1872 6866 1873 
4907 607 9976 11 
4908 5243 8773 6785 
4909 7677 7679 2325 
4910 3642 7340 7339 
4911 6810 7179 2821 
4912 5311 7566 6881 
4913 1875 1878 1872 
4914 1883 6318 1878 
4915 6180 6181 6179 
4916 6821 6961 4759 
4917 5156 6891 6863 
4918 7973 9461 9448 
4919 5940 9121 7727 
4920 6802 6803 6800 
4921 6185 6760 6201 
4922 6774 6775 4733 
4923 1864 6327 1760 
4924 4861 5060 5043 
4925 7288 7290 4189 
4926 5223 6922 5225 
4927 3487 3964 3963 
4928 6352 6355 6354 
4929 3891 8957 8389 
4930 6364 6581 6365 
4931 3178 7806 7802 
4932 6922 6925 5225 
4933 7192 7193 7128 
4934 1706 8138 8135 
4935 7405 9197 3478 
4936 7305 9434 2683 
4937 9203 9240 7704 
4938 1642 9975 558 
4939 3738 9320 7000 
4940 1820 8208 347 
4941 346 8208 1672 
4942 559 9975 1757 
4943 5914 7629 6926 
4944 7969 9417 7968 
4945 1870 1871 1868 
4946 88 8140 87 
4947 9073 9109 7152 
4948 9049 9066 6020 
4949 6774 6779 6777 
4950 394 6931 1851 
4951 3754 4056 3755 
4952 1873 1885 1876 
4953 7288 9327 7290 
4954 6937 9137 4478 
4955 8012 8496 3176 
4956 6380 6382 6381 
4957 6191 6807 6806 
4958 7111 8647 4317 
4959 7337 7338 7336 
4960 5333 8659 7089 
4961 7351 8945 3673 
4962 2335 9698 9567 
4963 5181 6091 5060 
4964 2567 9264 2574 
4965 1761 6345 6344 
4966 5639 8966 5637 
4967 7224 9113 7223 
4968 6385 6554 6386 
4969 6949 8839 7313 
4970 6888 9165 7002 
4971 6020 9127 9049 
4972 7299 9828 9819 
4973 7058 9152 5501 
4974 8027 9350 5586 
4975 9109 9113 7152 
4976 6863 6891 5927 
4977 419 10006 420 
4978 2411 7120 2409 
4979 8966 9008 5637 
4980 6889 9295 3396 
4981 1876 6822 1879 
4982 5177 6721 6720 
4983 1621 8074 8071 
4984 4408 7002 2334 
4985 3176 8865 8014 
4986 4007 9323 9309 
4987 5213 7228 5930 
4988 6092 6335 6091 
4989 7969 9427 9417 
4990 8190 8191 8189 
4991 6635 9323 6766 
4992 1835 6880 31 
4993 7206 8847 7203 
4994 1872 1873 1871 
4995 7358 8975 6944 
4996 7266 8724 7146 
4997 3769 8470 3767 
4998 6970 6976 6971 
4999 6189 6200 6187 
5000 7216 9855 9847 
5001 3178 7805 3016 
5002 5721 9669 9384 
5003 3165 6896 3395 
5004 7910 9399 7909 
5005 7119 7121 7120 
5006 7091 9318 7485 
5007 3976 4861 4860 
5008 5891 9288 7747 
5009 6805 8966 5639 
5010 2231 7700 2229 
5011 3022 8901 3020 
5012 3748 3754 3749 
5013 6827 6836 6833 
5014 2610 7728 6847 
5015 7247 8950 7246 
5016 6847 7727 2610 
5017 6865 8029 4095 
5018 3223 8950 7247 
5019 7081 9086 4286 
5020 7109 8145 5334 
5021 6918 7053 6916 
5022 7300 8315 5764 
5023 7128 7193 7127 
5024 2066 9674 9430 
5025 3860 8500 6982 
5026 3390 9088 9067 
5027 5637 9008 5636 
5028 3408 7020 3218 
5029 9049 9127 7352 
5030 2409 7120 2854 
5031 5927 6993 6863 
5032 6848 8553 8239 
5033 7180 8956 4407 
5034 7545 7547 7546 
5035 1875 1883 1878 
5036 7403 9007 7404 
5037 5241 7179 6930 
5038 7910 9401 9399 
5039 7110 7112 5901 
5040 86 8138 1706 
5041 3539 9534 7197 
5042 6468 6469 6467 
5043 4056 6812 3755 
5044 8898 8915 7514 
5045 7435 7462 7437 
5046 6176 6177 6175 
5047 3421 7486 3420 
5048 6827 6833 6832 
5049 3755 6812 3976 
5050 6877 9529 6878 
5051 3748 3749 3747 
5052 1824 10085 6542 
5053 6817 8349 7724 
5054 8239 8553 2692 
5055 5493 9111 8671 
5056 5774 9119 8454 
5057 3642 7339 2706 
5058 5216 8596 7162 
5059 7112 7113 5901 
5060 2257 7394 2255 
5061 7125 9505 5266 
5062 1885 6822 1876 
5063 7389 7394 5337 
5064 6820 8465 4465 
5065 6501 6502 6500 
5066 5930 7228 7227 
5067 4761 6961 5211 
5068 174 8930 173 
5069 3180 8264 3089 
5070 2553 6983 2551 
5071 5210 9319 4424 
5072 6825 6836 6827 
5073 7093 8772 6977 
5074 3860 6982 6981 
5075 6323 6864 6195 
5076 3754 3755 3749 
5077 6960 9345 6156 
5078 6091 6218 5060 
5079 2384 9025 2221 
5080 2708 7339 2963 
5081 5512 8784 7710 
5082 7201 7204 7203 
5083 6520 9287 6811 
5084 6775 8875 4733 
5085 4641 9374 4639 
5086 3487 3963 3486 
5087 4546 9051 7373 
5088 5993 8938 6978 
5089 5333 7089 7057 
5090 7310 9202 3977 
5091 7804 7805 3178 
5092 7301 8315 7300 
5093 4172 9143 7368 
5094 9579 9780 6694 
5095 2130 8544 1997 
5096 7126 8651 4095 
5097 2325 7700 7677 
5098 1886 6939 1883 
5099 7191 9176 7188 
5100 5330 9004 7912 
5101 1733 6349 6348 
5102 3263 8264 6925 
5103 2989 7307 2957 
5104 6678 6679 5903 
5105 1861 6824 388 
5106 7069 9023 4980 
5107 5242 7517 7170 
5108 7246 8950 8949 
5109 5200 8842 7711 
5110 3855 8553 6848 
5111 3767 8470 7291 
5112 7043 7061 5348 
5113 6986 9508 5158 
5114 5348 7046 7043 
5115 8104 8106 8105 
5116 1870 1875 1872 
5117 3223 8915 8898 
5118 7110 7775 7108 
5119 2233 8797 2231 
5120 3767 7291 3765 
5121 5930 7227 7226 
5122 3734 7046 3737 
5123 9008 9067 5636 
5124 6979 7723 4912 
5125 6511 9968 6493 
5126 4565 8912 5223 
5127 2182 8367 2175 
5128 5223 8912 6922 
5129 3012 8865 3176 
5130 4861 5043 4860 
5131 8019 9297 6051 
5132 1798 8832 7458 
5133 6917 6918 6916 
5134 1784 6901 33 
5135 380 6900 1785 
5136 3408 8708 6895 
5137 1761 6344 492 
5138 7310 9241 6518 
5139 439 1864 1760 
5140 4328 6673 5162 
5141 5271 8689 5269 
5142 2231 8797 7700 
5143 2081 9153 2014 
5144 2637 8100 2626 
5145 3746 3748 3747 
5146 1860 6908 22 
5147 3765 7291 4189 
5148 6873 8263 4249 
5149 6195 6864 6192 
5150 9244 9778 6110 
5151 6934 8689 5271 
5152 39 7007 1713 
5153 8388 9038 4465 
5154 5253 6976 6970 
5155 7963 8937 7847 
5156 4727 7244 4054 
5157 2963 7339 7337 
5158 6778 6782 6781 
5159 6899 9457 6898 
5160 4861 5181 5060 
5161 2229 7700 2325 
5162 8233 8947 8234 
5163 7411 8926 7410 
5164 326 8070 325 
5165 1798 8903 7980 
5166 5275 7776 6952 
5167 7209 7210 7207 
5168 5742 7166 5261 
5169 7101 7104 7103 
5170 1999 8544 4298 
5171 6871 6979 4912 
5172 7905 9773 9468 
5173 7079 9216 6793 
5174 5266 9499 6872 
5175 6285 10262 9872 
5176 7326 8887 3385 
5177 4318 8100 6953 
5178 6930 8956 7180 
5179 3020 8901 7806 
5180 5197 9266 8773 
5181 6275 6935 5941 
5182 5901 7775 7110 
5183 4092 9287 9261 
5184 2380 6993 2439 
5185 3595 8800 6845 
5186 6021 9029 8395 
5187 5138 9208 4368 
5188 6879 6896 2978 
5189 3020 7806 3018 
5190 7422 7463 7462 
5191 2691 7538 2694 
5192 7007 7008 1713 
5193 6318 6319 1878 
5194 4287 6907 4286 
5195 5261 7167 4434 
5196 7089 8659 4393 
5197 2716 7179 2719 
5198 3395 3487 3486 
5199 8263 9030 3530 
5200 4912 7373 6871 
5201 7965 8904 7845 
5202 4314 7354 6996 
5203 2395 9207 8339 
5204 9812 9817 6590 
5205 3185 8876 2989 
5206 5742 7308 7166 
5207 1866 1869 1867 
5208 7515 8852 3190 
5209 7515 8896 7514 
5210 8128 8130 1624 
5211 7289 9249 9001 
5212 389 1861 388 
5213 7118 7120 2411 
5214 2732 9069 9020 
5215 2669 7629 2672 
5216 6298 9202 7310 
5217 8896 8898 7514 
5218 8340 9759 9525 
5219 7224 7319 7151 
5220 4620 8982 8959 
5221 7166 7167 5261 
5222 7413 9117 4406 
5223 5113 8399 8395 
5224 391 1863 390 
5225 5181 6092 6091 
5226 8366 9550 8365 
5227 3261 9420 6804 
5228 2979 9429 3078 
5229 2624 8100 4318 
5230 6909 7072 6334 
5231 7094 8052 5291 
5232 8843 8852 7660 
5233 9812 9813 2270 
5234 5247 8426 5246 
5235 6892 9141 4041 
5236 1726 6923 35 
5237 378 6924 1727 
5238 4620 9073 7153 
5239 6978 8938 4136 
5240 5151 7566 6595 
5241 6713 8667 4600 
5242 7285 7291 7283 
5243 1621 8071 8070 
5244 8166 8989 7340 
5245 6899 9473 9457 
5246 5281 7743 5465 
5247 8330 8961 3179 
5248 387 1857 386 
5249 27 1856 26 
5250 6590 9817 6967 
5251 6533 6884 6838 
5252 2537 8261 2535 
5253 6894 9319 5210 
5254 7123 9464 9412 
5255 7174 9118 8853 
5256 7950 8167 7060 
5257 4209 7292 7279 
5258 37 7015 36 
5259 23 1860 22 
5260 8337 9255 7367 
5261 9807 9809 7786 
5262 2821 6842 6841 
5263 3018 7806 3178 
5264 2155 9041 6794 
5265 7148 8982 7153 
5266 7146 8921 7145 
5267 7219 7220 7087 
5268 7279 7281 4209 
5269 2978 6896 3165 
5270 5465 7743 7409 
5271 3610 7742 6954 
5272 7063 7065 1677 
5273 6092 6336 6335 
5274 6881 7345 5311 
5275 5246 8835 6954 
5276 9067 9088 5636 
5277 6818 8957 2725 
5278 6944 8975 6823 
5279 2512 8920 2515 
5280 3904 8029 7346 
5281 6996 8364 4314 
5282 6909 8214 7072 
5283 7124 9464 7123 
5284 4314 8364 6936 
5285 6184 6185 6183 
5286 6822 9477 1879 
5287 6703 6704 3718 
5288 491 1761 492 
5289 439 1760 440 
5290 6845 8800 7140 
5291 7193 7901 4192 
5292 4192 7901 3701 
5293 5900 7113 6742 
5294 3583 8926 7411 
5295 7006 7007 40 
5296 6777 6778 6775 
5297 7895 8375 2576 
5298 3220 7020 7019 
5299 6945 9207 2683 
5300 2975 6879 2978 
5301 6360 6362 6358 
5302 1760 6437 440 
5303 9071 9423 3685 
5304 6780 8875 6775 
5305 7695 7703 7693 
5306 6938 6942 6225 
5307 2787 9447 7306 
5308 8384 8426 5247 
5309 1761 6710 6345 
5310 7060 8167 7059 
5311 9241 9261 6518 
5312 2413 7118 2411 
5313 7059 8167 2515 
5314 7140 8800 3385 
5315 5266 9505 9499 
5316 4058 6961 4761 
5317 2633 6929 2681 
5318 6906 7066 5275 
5319 7565 7992 4914 
5320 5881 6942 6938 
5321 9994 10117 1794 
5322 5286 7472 6936 
5323 7057 7161 5333 
5324 3965 3988 3964 
5325 6962 8387 7570 
5326 325 8070 8068 
5327 5211 6961 6821 
5328 2325 8952 2227 
5329 2852 7161 2658 
5330 1660 8609 7459 
5331 6177 6178 6175 
5332 6248 9141 6892 
5333 7422 7461 7421 
5334 6424 6525 6426 
5335 6802 8854 6803 
5336 6930 7179 6810 
5337 4465 9038 6820 
5338 3737 7046 5348 
5339 3551 8853 4356 
5340 4596 8840 5479 
5341 2816 9007 7403 
5342 4095 8651 6865 
5343 30 6880 1843 
5344 7542 7544 7541 
5345 2457 6929 2633 
5346 2360 7393 2333 
5347 7575 9331 7576 
5348 6188 6189 6187 
5349 7437 7462 7442 
5350 8959 8982 7145 
5351 1624 8139 8128 
5352 1703 8065 8064 
5353 4238 7996 7238 
5354 3987 8303 7032 
5355 7238 7996 6290 
5356 394 1851 393 
5357 20 1850 19 
5358 7226 8423 5930 
5359 5275 6952 6906 
5360 7686 9025 2384 
5361 1624 8140 88 
5362 9837 9842 6123 
5363 3190 8852 8843 
5364 9838 9843 5424 
5365 7570 8387 3646 
5366 9752 9762 4993 
5367 7093 9124 8998 
5368 6930 7180 5241 
5369 493 1733 494 
5370 437 1732 438 
5371 7346 8029 6865 
5372 8818 9013 3713 
5373 5794 9192 6904 
5374 3021 7037 3046 
5375 2280 7484 2278 
5376 6896 6912 3395 
5377 7577 9306 7578 
5378 7148 7153 7150 
5379 7064 7065 7063 
5380 2754 7149 2959 
5381 7736 8962 7732 
5382 7101 7103 7102 
5383 7421 7461 1791 
5384 5955 8444 8375 
5385 5337 7394 2257 
5386 3179 8961 8231 
5387 6935 7171 5941 
5388 5260 8586 7136 
5389 7461 7462 7435 
5390 5260 7721 6933 
5391 3785 8240 4138 
5392 3420 7486 3709 
5393 5160 9170 8735 
5394 6859 6860 5851 
5395 6904 9192 3857 
5396 395 6931 394 
5397 6936 8364 5286 
5398 3190 8896 7515 
5399 3860 6983 2553 
5400 8921 8959 7145 
5401 7670 7672 2383 
5402 7489 9043 6134 
5403 1873 1876 1874 
5404 5901 7113 5900 
5405 1621 8070 326 
5406 7727 9121 2610 
5407 7875 8026 7876 
5408 4138 8240 7257 
5409 5790 9180 6943 
5410 2439 6993 5927 
5411 7072 8214 4089 
5412 8375 8444 2576 
5413 7847 8937 8931 
5414 5085 9984 6815 
5415 6186 6187 6185 
5416 7376 7391 7379 
5417 3548 7019 4400 
5418 6513 6980 5088 
5419 2333 7393 3916 
5420 7120 7121 2854 
5421 9338 9343 2952 
5422 3019 7037 3021 
5423 6085 8965 8316 
5424 4400 7019 5918 
5425 6946 9207 6945 
5426 9536 9761 5811 
5427 3385 8887 7140 
5428 7458 8903 1798 
5429 8660 9218 2838 
5430 3046 7037 6950 
5431 6006 9023 7069 
5432 2983 8807 7706 
5433 8188 8189 8185 
5434 6190 6191 6189 
5435 6825 6827 6826 
5436 3988 8875 3964 
5437 5438 8716 8561 
5438 7512 9404 6902 
5439 384 1842 383 
5440 30 1843 29 
5441 7847 8958 7963 
5442 2119 9289 8779 
5443 5786 9168 6988 
5444 4728 7102 4727 
5445 7093 8998 5316 
5446 4734 7102 4728 
5447 7458 8832 8804 
5448 5095 7036 7025 
5449 3216 8708 3408 
5450 7724 9132 6817 
5451 4054 7244 4257 
5452 7912 9004 6005 
5453 1722 8026 7875 
5454 9782 9783 5765 
5455 397 1837 396 
5456 17 1836 16 
5457 1703 8064 8063 
5458 8125 8126 8124 
5459 2786 9462 7260 
5460 8095 8123 8094 
5461 6970 7568 5253 
5462 3734 3737 3736 
5463 6480 6481 6475 
5464 7394 8858 2303 
5465 7194 9205 7192 
5466 7964 8904 7965 
5467 5289 8910 4957 
5468 205 7976 1777 
5469 6913 6914 3971 
5470 7273 9459 7306 
5471 6954 7742 7426 
5472 7575 9338 9331 
5473 41 7006 40 
5474 2815 9360 2819 
5475 4953 8387 6962 
5476 1733 6348 494 
5477 7000 9320 6057 
5478 3498 7601 6910 
5479 3627 8508 7601 
5480 5782 9155 7131 
5481 3748 6913 3971 
5482 3395 3486 3394 
5483 8094 8123 1702 
5484 5211 6304 6301 
5485 3977 9202 9178 
5486 3755 3976 3758 
5487 7044 7045 7042 
5488 3498 7486 3421 
5489 6794 6795 6735 
5490 6066 9405 9391 
5491 325 8068 324 
5492 3165 3395 3394 
5493 8264 9197 5922 
5494 7565 8577 8346 
5495 4007 9332 6766 
5496 7149 7150 2959 
5497 9532 9758 6120 
5498 8807 8811 7720 
5499 3315 7071 3541 
5500 4840 7126 4250 
5501 8346 8577 4910 
5502 7986 8658 7844 
5503 8037 8445 5955 
5504 2819 9355 7045 
5505 1834 6900 381 
5506 32 6901 1835 
5507 38 7010 37 
5508 8426 8835 5246 
5509 5242 7170 7169 
5510 8804 8832 1660 
5511 3736 7000 3740 
5512 2821 7179 2716 
5513 3240 7241 3239 
5514 323 8063 322 
5515 5565 9253 9226 
5516 6910 7345 3498 
5517 5211 6301 5072 
5518 5976 7657 6969 
5519 8853 9118 6835 
5520 3456 7789 7533 
5521 7097 7100 7099 
5522 5778 9139 7725 
5523 2515 8920 7059 
5524 2617 7162 2607 
5525 4231 7171 4866 
5526 7705 8834 7706 
5527 5971 8008 7317 
5528 5119 5835 4902 
5529 7013 7014 7004 
5530 6875 6876 6592 
5531 3085 7076 2969 
5532 7348 9036 3794 
5533 7003 7004 1683 
5534 2819 7044 2808 
5535 206 7976 205 
5536 2310 6944 4408 
5537 7148 7150 7149 
5538 4209 8470 3769 
5539 6962 6966 4953 
5540 5658 7349 5289 
5541 8130 8140 1624 
5542 2175 8367 3725 
5543 7706 8834 2983 
5544 7087 8436 7219 
5545 7743 7744 7411 
5546 5465 7409 7407 
5547 7103 7244 4727 
5548 2255 7394 2303 
5549 5881 7032 6942 
5550 3750 6915 6913 
5551 4761 5211 5072 
5552 388 6824 387 
5553 7108 7775 3582 
5554 3613 8052 7094 
5555 6670 10189 6413 
5556 1869 9053 1867 
5557 5325 8738 7293 
5558 2989 8876 7307 
5559 5504 7743 5281 
5560 6943 9180 2274 
5561 5955 8445 8444 
5562 8931 8937 7965 
5563 4903 5119 4902 
5564 7352 9127 5938 
5565 3084 7176 3221 
5566 6152 9036 7348 
5567 6950 7327 3046 
5568 4046 7174 3486 
5569 3746 3747 3742 
5570 3921 7225 7049 
5571 2434 6993 2380 
5572 2983 8811 8807 
5573 8395 9029 5113 
5574 7150 7153 7152 
5575 2690 7538 2691 
5576 6420 10244 6421 
5577 3239 8315 7301 
5578 2719 7179 5241 
5579 5589 7213 7212 
5580 3703 8619 4192 
5581 6983 8818 2551 
5582 7618 8991 8156 
5583 6995 8778 3603 
5584 8671 9111 5931 
5585 1703 8063 323 
5586 1777 7482 7481 
5587 8037 8567 2609 
5588 40 7007 39 
5589 7032 8290 3987 
5590 2681 9190 2653 
5591 7003 7013 7004 
5592 2672 7629 7627 
5593 6292 8035 7218 
5594 2976 8145 2686 
5595 6881 9024 7345 
5596 2263 6944 2310 
5597 2189 8367 2182 
5598 3746 6913 3748 
5599 5916 9242 6948 
5600 5658 7478 7349 
5601 7302 7304 7303 
5602 382 1834 381 
5603 32 1835 31 
5604 4118 8638 7061 
5605 7170 7177 7176 
5606 2694 7538 3711 
5607 8123 8125 8124 
5608 6717 7902 7741 
5609 2854 8954 2407 
5610 22 6908 21 
5611 6126 6280 6127 
5612 3308 8825 7407 
5613 8596 8830 7050 
5614 5333 7161 2852 
5615 7659 8815 3186 
5616 4395 8921 7146 
5617 2312 8423 7226 
5618 5838 7126 4840 
5619 7879 7880 7865 
5620 7601 8508 6910 
5621 2237 7701 2235 
5622 7008 7009 1713 
5623 7264 8219 5349 
5624 7533 7789 5950 
5625 6888 7002 4408 
5626 7987 8658 7986 
5627 6925 8264 5922 
5628 7618 8155 3643 
5629 2808 7044 2785 
5630 7291 8470 7283 
5631 8775 8834 7705 
5632 2668 7629 2669 
5633 6724 9082 5176 
5634 5752 7230 5754 
5635 5847 8102 6523 
5636 4402 7093 6977 
5637 3612 7211 4688 
5638 3732 7046 3734 
5639 7388 9269 7387 
5640 7032 8303 6942 
5641 2427 9206 2416 
5642 6873 9030 8263 
5643 7635 8916 7634 
5644 5257 7109 7108 
5645 7273 9460 9459 
5646 5808 9861 9733 
5647 6816 8389 6818 
5648 3820 8767 7720 
5649 3417 7017 3934 
5650 4138 8554 7372 
5651 1785 6924 379 
5652 34 6923 1784 
5653 5334 8145 2976 
5654 3643 8177 7616 
5655 4735 7098 4734 
5656 4235 7334 4755 
5657 7061 8638 5348 
5658 7379 7391 7382 
5659 5354 7035 5352 
5660 7766 8083 8081 
5661 4400 4759 4057 
5662 5674 9161 9156 
5663 7422 7462 7461 
5664 3486 7174 3394 
5665 7616 7618 3643 
5666 7944 8720 7569 
5667 2538 9727 9720 
5668 9309 9323 6811 
5669 5848 8102 5847 
5670 3088 8864 8418 
5671 6845 7140 5935 
5672 3548 4400 4057 
5673 7076 8232 7075 
5674 2316 7501 2314 
5675 7224 8379 7319 
5676 5796 9326 5799 
5677 8967 10198 10154 
5678 5257 8145 7109 
5679 7211 7212 4688 
5680 7581 8333 6966 
5681 3098 9772 9770 
5682 5512 9181 8784 
5683 3226 7232 3419 
5684 3627 7777 6963 
5685 7060 9762 9752 
5686 2974 2975 2686 
5687 7845 8931 7965 
5688 5981 8593 8567 
5689 3104 9768 9767 
5690 2457 8765 6929 
5691 42 7003 1683 
5692 3737 3738 3736 
5693 5960 7936 5961 
5694 6966 8333 4953 
5695 5754 7230 7175 
5696 5240 7018 7017 
5697 7219 8436 2764 
5698 5476 9345 6960 
5699 7274 8354 7372 
5700 8095 8125 8123 
5701 7348 9083 6249 
5702 5272 8035 5274 
5703 1722 7945 190 
5704 4163 9318 7091 
5705 7616 8177 7617 
5706 7875 7945 1722 
5707 7802 7806 7803 
5708 1682 7021 371 
5709 7345 9024 7486 
5710 92 8213 1702 
5711 5965 7936 6973 
5712 7315 8560 7316 
5713 2383 7701 7670 
5714 5344 8411 8275 
5715 5242 7169 3093 
5716 3857 9192 9185 
5717 7031 7936 5960 
5718 5479 8840 8216 
5719 489 1833 490 
5720 441 1832 442 
5721 8251 9182 9018 
5722 7659 8844 7660 
5723 2609 8445 8037 
5724 3221 7176 3465 
5725 2263 7358 6944 
5726 9438 9719 6115 
5727 1702 8213 8094 
5728 7098 7099 4734 
5729 5216 7162 2617 
5730 7679 8952 2325 
5731 4760 5831 4759 
5732 5043 6861 5114 
5733 2278 7484 2292 
5734 8021 8276 5342 
5735 2454 8765 2457 
5736 7293 8738 6650 
5737 3701 7901 3699 
5738 7617 8177 8159 
5739 3350 9227 3390 
5740 7009 7012 7011 
5741 2656 8168 2655 
5742 7373 9051 6871 
5743 8567 8593 2609 
5744 7017 7018 3934 
5745 3179 8901 3022 
5746 7159 7160 6920 
5747 2193 9548 2190 
5748 4159 7138 7137 
5749 6214 6215 5122 
5750 4089 8348 7072 
5751 2969 7076 3149 
5752 4192 8619 7127 
5753 2383 8797 2233 
5754 7281 8470 4209 
5755 5735 9909 7524 
5756 7653 7654 6117 
5757 1654 7048 7047 
5758 6366 9903 1665 
5759 2602 7137 5449 
5760 3605 8776 5242 
5761 1799 8741 8609 
5762 7460 8415 1799 
5763 6980 7077 5088 
5764 2302 7132 2294 
5765 6269 7561 7560 
5766 7102 7103 4727 
5767 1791 8209 7421 
5768 2781 7041 4436 
5769 2819 7045 7044 
5770 8454 9119 2269 
5771 3957 9723 9722 
5772 5977 8276 8021 
5773 3395 6912 3487 
5774 7041 7042 4436 
5775 7865 8295 7879 
5776 6984 7320 3613 
5777 7097 7099 7098 
5778 5589 7212 7211 
5779 3369 8250 3372 
5780 6973 7935 5965 
5781 2975 2976 2686 
5782 3734 3736 3735 
5783 5201 9520 7318 
5784 7010 7015 37 
5785 2752 7149 2754 
5786 8316 8965 5508 
5787 3336 9314 9211 
5788 7378 7593 7590 
5789 8101 8529 7248 
5790 7151 9113 7224 
5791 8783 8815 7779 
5792 7563 7992 7565 
5793 3670 8859 7464 
5794 3300 8800 3595 
5795 3603 8778 3412 
5796 7090 7996 4238 
5797 7082 7088 2823 
5798 3473 7034 3576 
5799 6981 6983 3860 
5800 7056 7058 7055 
5801 322 8063 8061 
5802 1794 7064 7063 
5803 9299 9319 6894 
5804 6487 9916 7898 
5805 4883 7040 5214 
5806 6056 8925 7157 
5807 380 1785 379 
5808 34 1784 33 
5809 4866 7171 6935 
5810 7459 8804 1660 
5811 4914 8577 7565 
5812 7178 9044 3465 
5813 3186 8844 7659 
5814 6104 9633 9398 
5815 3708 9661 9658 
5816 4328 5162 5064 
5817 7137 7138 5449 
5818 6988 9168 3854 
5819 4095 8029 3908 
5820 7142 7266 7143 
5821 7464 8859 5579 
5822 7380 7594 7377 
5823 7049 8141 3921 
5824 3771 7292 4209 
5825 7302 7303 1652 
5826 368 7033 1654 
5827 3579 7132 2302 
5828 2303 8858 7391 
5829 3582 8769 2431 
5830 8545 8546 5959 
5831 4045 4286 4044 
5832 7277 7278 7276 
5833 6963 8508 3627 
5834 7408 7410 4462 
5835 8609 8741 7459 
5836 7116 7117 2687 
5837 4400 4760 4759 
5838 6847 9137 6013 
5839 6974 6976 5253 
5840 7241 8315 3239 
5841 1638 7038 49 
5842 4462 7484 2280 
5843 5352 7035 6751 
5844 7233 9256 7022 
5845 6933 8586 5260 
5846 6060 7262 7250 
5847 4041 9141 9112 
5848 2975 2978 2976 
5849 7055 7058 3307 
5850 4019 7645 4707 
5851 5257 7108 7107 
5852 4755 7334 6737 
5853 6210 10357 9931 
5854 4462 7412 7408 
5855 3205 7055 3307 
5856 6983 9013 8818 
5857 5344 8275 7791 
5858 1654 7047 367 
5859 2423 7107 3582 
5860 7353 8348 4089 
5861 1678 7062 132 
5862 281 7063 1677 
5863 7019 7020 5918 
5864 6844 8830 8596 
5865 3541 4397 4396 
5866 3699 8742 3696 
5867 4392 4994 4391 
5868 3748 3971 3754 
5869 5749 6305 6142 
5870 8064 8067 8062 
5871 6060 7250 7249 
5872 6117 8253 7653 
5873 2658 7161 2656 
5874 4320 8962 7736 
5875 3613 7094 6984 
5876 5269 8689 5952 
5877 7390 7391 7376 
5878 3596 8907 8708 
5879 2237 7737 7701 
5880 7349 8910 5289 
5881 4902 6907 4287 
5882 2422 7107 2423 
5883 6102 9620 9392 
5884 8746 9016 6027 
5885 3315 3541 3314 
5886 7378 7594 7593 
5887 7143 7266 7146 
5888 3057 9800 6688 
5889 4985 9502 7001 
5890 50 7068 1638 
5891 2606 7139 3166 
5892 8128 8139 8124 
5893 7410 8926 7484 
5894 5073 6126 5075 
5895 1699 7496 63 
5896 4013 7651 4706 
5897 7157 8925 3985 
5898 4434 9027 3944 
5899 3436 8622 7777 
5900 7052 8895 4008 
5901 8034 8819 5445 
5902 378 1727 377 
5903 36 1726 35 
5904 6046 9312 6968 
5905 6837 8989 8166 
5906 7962 8937 7963 
5907 5300 7582 5298 
5908 7168 7176 3084 
5909 7264 8724 7266 
5910 4884 7040 4883 
5911 4460 7114 2417 
5912 2833 7106 5317 
5913 3186 8815 8783 
5914 8028 8598 5981 
5915 5262 7090 3493 
5916 7790 8266 5968 
5917 7186 7188 7183 
5918 2600 7078 2594 
5919 4761 5072 4762 
5920 2262 7358 2263 
5921 7791 8258 5344 
5922 7850 7867 7866 
5923 8560 8759 7316 
5924 7027 7028 5442 
5925 7765 8083 7766 
5926 4460 7115 7114 
5927 5975 7657 5976 
5928 2841 7051 7050 
5929 8028 8582 2575 
5930 4426 7528 3074 
5931 8848 8872 7985 
5932 7653 8253 7655 
5933 7472 8243 6936 
5934 5971 7317 2990 
5935 3093 7169 2947 
5936 4356 7329 3990 
5937 8331 8796 7321 
5938 5438 8561 7163 
5939 6100 9601 9381 
5940 3548 4057 3549 
5941 31 6880 30 
5942 2314 7501 2874 
5943 3787 8240 3785 
5944 7763 7794 7761 
5945 8561 8716 4171 
5946 7129 7130 5974 
5947 3987 8290 7951 
5948 7326 7528 5947 
5949 7407 8825 5465 
5950 9456 9573 4207 
5951 7004 7005 1683 
5952 7073 8163 2984 
5953 118 7460 1799 
5954 7645 7646 4707 
5955 4994 6975 6974 
5956 4351 4902 4287 
5957 2235 7701 2383 
5958 7986 8848 7985 
5959 3571 7470 3490 
5960 8872 8880 7985 
5961 7547 7548 7546 
5962 3580 7227 4985 
5963 4342 6825 3963 
5964 7660 8844 8843 
5965 7319 8379 2758 
5966 3418 7017 3417 
5967 6770 7023 6771 
5968 5082 7329 6723 
5969 3246 8750 3240 
5970 7275 7277 7276 
5971 322 8061 321 
5972 7372 8354 3781 
5973 2984 8163 2965 
5974 7903 8673 3191 
5975 4792 7092 5844 
5976 3541 4396 3314 
5977 4369 8628 4153 
5978 6146 7156 5051 
5979 3107 6879 2975 
5980 3481 8911 7026 
5981 7173 7657 5975 
5982 4405 4803 4399 
5983 3252 7125 5266 
5984 3917 9114 9074 
5985 4803 5141 4833 
5986 1786 7013 7003 
5987 1810 8083 7765 
5988 324 8068 1703 
5989 9020 9069 7180 
5990 2589 7137 2602 
5991 5242 8776 7517 
5992 7058 9285 3307 
5993 5833 10284 9273 
5994 7570 8938 5993 
5995 3480 7071 3315 
5996 7078 7466 7079 
5997 5468 8720 7944 
5998 3240 8750 7241 
5999 4057 6961 4058 
6000 2303 7390 2253 
6001 8339 9207 6946 
6002 7066 8633 3153 
6003 7263 8219 7264 
6004 4397 4399 4398 
6005 6657 9346 6656 
6006 6263 8895 7052 
6007 5848 8529 8101 
6008 8190 8192 8191 
6009 3526 7487 4316 
6010 2604 7139 2606 
6011 7154 8035 5272 
6012 8945 9248 3673 
6013 7925 8855 7924 
6014 7809 8756 7808 
6015 5995 8680 7327 
6016 2687 7118 2413 
6017 3495 8879 7656 
6018 7328 8628 4369 
6019 7879 8295 7816 
6020 4044 7071 3480 
6021 7088 9555 9282 
6022 8232 8734 7075 
6023 8001 8934 8000 
6024 5947 8887 7326 
6025 4092 9309 6811 
6026 5080 7560 4065 
6027 7114 7116 2687 
6028 5977 8571 8276 
6029 3149 7076 7074 
6030 7271 7275 7268 
6031 4723 8236 7788 
6032 7377 7594 7378 
6033 3904 8892 3901 
6034 2274 9180 9173 
6035 1793 7304 7302 
6036 62 7496 7495 
6037 2819 9360 9355 
6038 7368 7642 7641 
6039 5274 8035 6292 
6040 7597 8172 7623 
6041 4371 7016 4700 
6042 7651 7652 4706 
6043 6906 8633 7066 
6044 7109 7110 7108 
6045 2607 7162 2616 
6046 7466 8850 7079 
6047 5004 7098 4735 
6048 2993 8756 7809 
6049 2770 7082 2823 
6050 4250 7126 3910 
6051 7206 9107 4875 
6052 4796 7077 5558 
6053 8288 8464 7735 
6054 5961 7936 5965 
6055 5981 8598 8593 
6056 7142 7143 2827 
6057 5286 8320 7472 
6058 7846 8880 8872 
6059 3456 8860 3453 
6060 7713 8640 4609 
6061 4918 8571 6994 
6062 6326 7036 5091 
6063 3380 7019 3548 
6064 8545 8699 2544 
6065 5091 7036 4836 
6066 7618 8156 8155 
6067 5488 8640 7713 
6068 1626 7365 7364 
6069 3750 6913 3746 
6070 4139 7133 5133 
6071 2957 3145 2956 
6072 4417 8687 7721 
6073 4759 6961 4057 
6074 7227 7228 4985 
6075 7298 7300 7299 
6076 5253 7568 4197 
6077 3884 6956 6955 
6078 6976 9710 6971 
6079 3983 7154 5272 
6080 7107 7108 3582 
6081 5244 7426 4817 
6082 1699 7497 7496 
6083 4450 7937 4452 
6084 7122 8954 2854 
6085 2430 7309 2421 
6086 9341 9345 5476 
6087 5960 7937 7031 
6088 436 6559 437 
6089 2750 7147 2752 
6090 4003 7171 4231 
6091 6994 8571 5977 
6092 5320 7508 5542 
6093 5250 6946 6945 
6094 9680 9683 2684 
6095 4143 7134 4766 
6096 4401 8357 2956 
6097 5329 7992 7563 
6098 4880 7182 7181 
6099 4109 7373 4111 
6100 6825 6826 4046 
6101 2748 7142 2827 
6102 4903 5120 5119 
6103 5666 9045 5667 
6104 5885 7741 4949 
6105 7250 7262 7252 
6106 7777 8622 6963 
6107 3071 7050 3566 
6108 7626 7646 7645 
6109 6842 6843 6841 
6110 5243 7470 3571 
6111 7424 7425 1653 
6112 9732 9735 6009 
6113 1626 7364 54 
6114 7204 7205 7203 
6115 2253 7390 2251 
6116 3312 3314 3185 
6117 4558 8796 8331 
6118 3960 7298 4255 
6119 7042 7043 4436 
6120 3963 6825 4046 
6121 4563 8912 4565 
6122 8969 8992 3675 
6123 5999 8975 7358 
6124 2554 7313 2556 
6125 6972 7234 5001 
6126 8024 8026 8025 
6127 7257 8554 4138 
6128 174 9247 8930 
6129 7242 9495 4425 
6130 302 7522 1804 
6131 2541 7728 2610 
6132 3516 8819 8034 
6133 5836 5837 4840 
6134 5382 7780 5392 
6135 6966 8245 7581 
6136 5298 8363 3552 
6137 7214 7215 6276 
6138 3071 3215 3072 
6139 3738 7000 3736 
6140 7775 8769 3582 
6141 7903 8762 7779 
6142 5761 7214 6276 
6143 2307 7227 3580 
6144 4147 7155 5093 
6145 4044 9086 7071 
6146 4803 4833 4399 
6147 6182 6862 6754 
6148 7650 7652 7651 
6149 7104 7105 7103 
6150 7162 8596 7051 
6151 8946 9143 4172 
6152 7845 8904 7846 
6153 5178 7229 4750 
6154 2841 3071 2842 
6155 7346 8892 3904 
6156 3149 7074 3258 
6157 33 6901 32 
6158 381 6900 380 
6159 3487 3965 3964 
6160 7623 7624 7597 
6161 7361 7596 7595 
6162 2556 7313 2562 
6163 4151 7165 4369 
6164 4391 6974 5253 
6165 7607 8530 7608 
6166 7226 7227 2307 
6167 114 8832 1798 
6168 4316 7487 5259 
6169 3674 7351 3673 
6170 3600 4371 3943 
6171 5214 7040 6889 
6172 375 1712 374 
6173 39 1713 38 
6174 2306 7226 2307 
6175 3976 4860 4859 
6176 7095 7096 5744 
6177 6954 7426 5244 
6178 3773 7292 3771 
6179 2543 7728 2541 
6180 7089 9152 7056 
6181 7151 7319 2959 
6182 2846 2956 2647 
6183 7315 7316 5566 
6184 7634 8916 2652 
6185 5260 7136 2563 
6186 7131 9155 2272 
6187 3493 7090 3397 
6188 7099 7102 4734 
6189 4380 7211 3612 
6190 1698 7468 57 
6191 4880 7181 3691 
6192 5063 7217 4132 
6193 6954 8835 3610 
6194 7141 7507 5321 
6195 4411 7721 5260 
6196 7850 8318 7867 
6197 1698 7469 7468 
6198 3566 3596 3215 
6199 3597 3598 3596 
6200 8771 8789 7309 
6201 4061 8047 7248 
6202 5952 8829 7501 
6203 2417 7114 2415 
6204 5992 9044 7178 
6205 7721 8687 6933 
6206 7200 8241 2183 
6207 8275 8411 2455 
6208 190 7945 189 
6209 4799 4840 4250 
6210 7271 7277 7275 
6211 6269 7560 5080 
6212 3663 7641 3660 
6213 6678 6688 6679 
6214 8278 8634 5500 
6215 4726 7308 5574 
6216 4397 4398 4396 
6217 7161 8168 2656 
6218 7268 7275 7267 
6219 5051 7156 4358 
6220 5752 8678 7230 
6221 7267 7275 4212 
6222 4799 5836 4840 
6223 2951 7168 3084 
6224 4058 4761 4221 
6225 4780 8656 8307 
6226 9261 9287 6518 
6227 6972 7235 7234 
6228 4713 7624 4029 
6229 7500 7501 2316 
6230 6060 7249 4698 
6231 4715 8266 7790 
6232 2616 7051 2649 
6233 4986 7233 7022 
6234 3297 7034 3473 
6235 2303 7391 7390 
6236 7508 7509 5542 
6237 8514 8543 8225 
6238 7167 9027 4434 
6239 3145 4862 4401 
6240 52 7363 1790 
6241 4405 5563 4803 
6242 2616 7162 7051 
6243 4918 8840 4596 
6244 7720 8767 7719 
6245 7037 8955 6951 
6246 2649 7051 2841 
6247 3910 4095 3908 
6248 3492 8632 4059 
6249 8514 8515 3858 
6250 3556 7334 4235 
6251 3408 9010 7020 
6252 62 7495 61 
6253 1786 7003 43 
6254 7163 8378 5438 
6255 1619 7492 60 
6256 5299 7243 5300 
6257 3752 3793 3759 
6258 2380 2439 2379 
6259 6016 7196 2972 
6260 3602 7923 2313 
6261 3585 7298 3960 
6262 7111 7112 7110 
6263 8169 8668 8171 
6264 3372 8250 3461 
6265 2421 7309 2419 
6266 7761 7794 7760 
6267 2438 7039 2358 
6268 3203 7055 3205 
6269 2997 7106 2833 
6270 4360 7077 4796 
6271 8159 8298 7617 
6272 7564 8346 7638 
6273 4045 4287 4286 
6274 5996 8948 7464 
6275 3314 8876 3185 
6276 4198 4392 4391 
6277 3200 7466 2613 
6278 4789 7240 4579 
6279 5386 7245 5928 
6280 2511 8868 7135 
6281 4966 8855 7925 
6282 4841 7499 5858 
6283 8065 8066 8064 
6284 7867 8318 7822 
6285 4098 8147 4440 
6286 7139 8884 8814 
6287 3540 7198 3539 
6288 3599 3600 3598 
6289 5236 5749 5453 
6290 3963 4046 3486 
6291 2600 7466 7078 
6292 370 7021 1788 
6293 5065 7265 4583 
6294 2350 7242 4425 
6295 5749 6142 5453 
6296 6917 6919 6918 
6297 2841 7050 3071 
6298 7026 8911 5462 
6299 4043 4044 3480 
6300 5858 7499 6651 
6301 8153 8220 7757 
6302 2974 3107 2975 
6303 35 6923 34 
6304 379 6924 378 
6305 6717 7741 5885 
6306 7403 7404 7400 
6307 7176 7177 3465 
6308 7598 9689 8172 
6309 5439 8464 8288 
6310 5275 7066 2664 
6311 1619 7493 7492 
6312 3364 8020 3367 
6313 3216 3408 3218 
6314 7150 7151 2959 
6315 7298 7299 4255 
6316 7375 8097 3928 
6317 8814 8884 4907 
6318 4844 4845 4371 
6319 4371 4700 3943 
6320 4294 7092 4792 
6321 7788 8236 7787 
6322 2978 3165 2994 
6323 2613 7466 2600 
6324 5076 7095 5744 
6325 7220 9228 7087 
6326 8307 8656 5727 
6327 7590 8097 7378 
6328 5094 7296 4302 
6329 7147 7149 2752 
6330 7415 7423 7416 
6331 5362 8673 7903 
6332 7521 7522 303 
6333 2606 2617 2607 
6334 7166 7308 4726 
6335 4249 8263 3543 
6336 5451 8789 8771 
6337 1627 8058 8057 
6338 5959 8699 8545 
6339 2604 2606 2605 
6340 7672 8797 2383 
6341 7479 8562 7992 
6342 4985 7001 4122 
6343 2781 4436 3732 
6344 3775 7267 4212 
6345 7472 8320 7471 
6346 4242 7568 6970 
6347 7132 8881 5999 
6348 93 8213 92 
6349 4553 9760 9757 
6350 7720 8811 3820 
6351 7981 7983 7982 
6352 3737 3739 3738 
6353 2785 7044 7041 
6354 7109 7111 7110 
6355 7106 9117 5317 
6356 4836 7036 5095 
6357 4845 7016 4371 
6358 7121 7122 2854 
6359 7655 8253 3951 
6360 4059 8632 7465 
6361 8708 8907 6895 
6362 7320 8501 3508 
6363 2294 7132 2288 
6364 7656 8879 6003 
6365 6589 7311 5866 
6366 4755 5825 5824 
6367 4885 8634 8278 
6368 1783 7428 7427 
6369 116 8609 1660 
6370 2799 7562 4319 
6371 9677 9681 2487 
6372 3789 8693 3787 
6373 3941 7568 4242 
6374 2306 2307 2302 
6375 8109 8110 3568 
6376 3584 7330 3091 
6377 7533 8860 3456 
6378 4888 7216 4887 
6379 4862 5889 5156 
6380 5974 8020 7129 
6381 3600 3943 3598 
6382 7327 8680 3046 
6383 7606 8941 7611 
6384 6181 6184 6183 
6385 9672 9673 2483 
6386 55 7467 1626 
6387 5001 7234 4916 
6388 7992 8562 4914 
6389 1788 7033 369 
6390 6703 6705 6704 
6391 3239 7301 3236 
6392 2795 7637 3264 
6393 3253 7125 3252 
6394 2780 7041 2781 
6395 3074 7528 3075 
6396 1627 8057 320 
6397 5646 8242 8144 
6398 4755 5824 4743 
6399 5013 7506 4236 
6400 3071 3566 3215 
6401 7195 8528 3819 
6402 8762 8783 7779 
6403 2256 7321 2258 
6404 7415 7416 1657 
6405 7297 7298 3585 
6406 5953 7327 6950 
6407 3343 9615 9605 
6408 9083 9112 6249 
6409 2554 2556 2555 
6410 3660 7641 4514 
6411 5321 7506 7141 
6412 5947 7528 4426 
6413 5103 7325 4382 
6414 3145 4401 2956 
6415 3709 9024 4081 
6416 3066 7315 3898 
6417 7760 7794 7793 
6418 48 7038 1789 
6419 2594 7078 2591 
6420 7582 8363 5298 
6421 3898 7315 4627 
6422 4627 7315 5566 
6423 3167 7070 5216 
6424 3198 8243 7472 
6425 4235 4755 4743 
6426 4994 6974 4391 
6427 129 7302 1652 
6428 9269 9298 7387 
6429 7981 7982 1644 
6430 4590 7332 4571 
6431 119 7460 118 
6432 5952 7500 4437 
6433 6205 7535 5083 
6434 7429 7431 7430 
6435 3998 7989 4003 
6436 2370 2379 2337 
6437 4101 8437 7657 
6438 2301 2302 2294 
6439 3166 3167 2617 
6440 2846 2957 2956 
6441 8854 9264 2567 
6442 5392 7780 7247 
6443 2960 7317 3591 
6444 4376 7567 4260 
6445 6806 9078 6200 
6446 2602 2604 2603 
6447 5974 8250 3369 
6448 9797 9805 5800 
6449 2990 7317 2847 
6450 2556 2561 2560 
6451 4260 7567 4157 
6452 2575 8598 8028 
6453 3910 7126 4095 
6454 7562 7563 4319 
6455 7429 7430 1782 
6456 5329 7563 7562 
6457 6064 9340 7091 
6458 4357 5051 4358 
6459 63 7496 62 
6460 6863 8357 4401 
6461 2438 6987 6985 
6462 7637 7638 3264 
6463 58 7491 1698 
6464 5245 7347 5247 
6465 8620 8621 4158 
6466 366 7047 1787 
6467 7341 8643 5990 
6468 4015 7651 4013 
6469 4051 7158 4340 
6470 5558 7077 6980 
6471 372 1682 371 
6472 2639 5257 2426 
6473 5141 5144 4833 
6474 4862 5890 5889 
6475 3979 7353 4089 
6476 2508 8868 2511 
6477 7434 7461 7435 
6478 42 1683 41 
6479 2552 2554 2553 
6480 2858 8546 8545 
6481 5024 8678 5752 
6482 2358 7039 2356 
6483 4437 7500 2321 
6484 2664 7066 2966 
6485 2704 8518 3642 
6486 7434 7435 1669 
6487 4698 7249 3926 
6488 4425 9483 7225 
6489 7386 7392 7388 
6490 7369 7412 2290 
6491 5927 6690 5154 
6492 7356 7357 5238 
6493 7872 7882 7881 
6494 5829 7172 6212 
6495 3228 7232 3226 
6496 2776 2778 2777 
6497 7564 7638 7637 
6498 5587 8373 8372 
6499 3487 6912 3965 
6500 2580 7729 2572 
6501 5866 7311 5867 
6502 7765 8254 1810 
6503 2606 2607 2605 
6504 2439 5154 4404 
6505 7091 7485 5221 
6506 1627 8059 8058 
6507 3215 3216 3072 
6508 7462 7463 7442 
6509 6300 7310 6518 
6510 7343 9066 4125 
6511 3473 3576 3556 
6512 8050 8890 8878 
6513 2627 2629 2628 
6514 1779 7477 7476 
6515 2629 2661 2630 
6516 4111 7373 4912 
6517 6984 8501 7320 
6518 3535 7951 3447 
6519 5449 7139 2604 
6520 2312 7226 2306 
6521 44 1786 43 
6522 5834 7354 4787 
6523 2959 7319 2756 
6524 4880 7186 7183 
6525 4247 5240 3958 
6526 2625 2627 2626 
6527 3233 7297 3585 
6528 3921 8141 2330 
6529 3337 9588 9582 
6530 2676 7344 4561 
6531 6739 7729 2580 
6532 2399 7305 2683 
6533 3967 4357 3968 
6534 4021 7645 4019 
6535 5262 7996 7090 
6536 2739 7263 2741 
6537 2965 8163 3083 
6538 94 8610 93 
6539 2946 3093 2947 
6540 2260 2262 2261 
6541 2426 7107 2422 
6542 6259 8504 7988 
6543 1681 8308 7861 
6544 7868 7870 7816 
6545 5277 7923 3602 
6546 4962 7559 7558 
6547 2546 2548 2547 
6548 2661 2946 2662 
6549 1790 7068 51 
6550 9682 9686 2491 
6551 2604 2605 2603 
6552 46 1668 45 
6553 5953 7488 7327 
6554 7400 7404 7399 
6555 2129 7414 5512 
6556 7640 8556 5665 
6557 7279 7292 7276 
6558 3624 8358 8298 
6559 3463 7197 3609 
6560 8878 8890 5479 
6561 2778 2780 2779 
6562 5975 8147 7173 
6563 3566 3597 3596 
6564 7399 7404 4975 
6565 2258 2260 2259 
6566 3091 7330 2944 
6567 6143 6146 5051 
6568 6543 7751 5127 
6569 8755 8767 3820 
6570 3165 3394 3224 
6571 7177 7178 3465 
6572 4391 5253 4197 
6573 1683 7006 41 
6574 122 8209 1791 
6575 3984 7154 3983 
6576 2544 2546 2545 
6577 3624 8281 7609 
6578 3380 3548 3547 
6579 9543 9544 7504 
6580 2418 2419 2417 
6581 8415 8741 1799 
6582 4546 7373 4109 
6583 111 7981 1644 
6584 3085 8232 7076 
6585 3417 3934 3592 
6586 4318 7776 2622 
6587 4204 7579 4203 
6588 3181 7326 3385 
6589 4452 7937 5960 
6590 7181 7185 4662 
6591 2420 2421 2419 
6592 7402 9087 7403 
6593 1794 7063 282 
6594 131 7062 1793 
6595 4534 7707 5484 
6596 9516 9546 7640 
6597 7490 8262 3436 
6598 2649 2841 2840 
6599 2422 2423 2421 
6600 3260 3261 3167 
6601 2254 2256 2255 
6602 2256 2258 2257 
6603 4076 8494 8229 
6604 7752 7792 7753 
6605 7576 7577 7573 
6606 7410 7484 4462 
6607 3084 3221 3085 
6608 2623 2625 2624 
6609 8689 8829 5952 
6610 304 7521 303 
6611 281 1677 280 
6612 133 1678 132 
6613 3221 3411 3222 
6614 6993 8357 6863 
6615 8515 8524 3858 
6616 2614 2655 2613 
6617 4588 7265 5254 
6618 5061 7214 5761 
6619 1876 1879 1877 
6620 370 1788 369 
6621 4397 4405 4399 
6622 6042 9105 5505 
6623 7846 8904 8880 
6624 2581 2587 2580 
6625 4357 4358 3968 
6626 7597 7624 4713 
6627 2301 2306 2302 
6628 2338 7371 2277 
6629 5844 6287 5843 
6630 6431 10269 6430 
6631 7408 7412 7369 
6632 4358 7156 4896 
6633 2601 2613 2600 
6634 7523 7524 7519 
6635 7955 8249 7948 
6636 1681 8658 7987 
6637 4466 8258 7791 
6638 7714 7715 6255 
6639 2774 3616 2776 
6640 7657 8437 6969 
6641 2569 7729 3577 
6642 8049 8845 8050 
6643 2262 2263 2261 
6644 6635 6766 6637 
6645 5936 7024 7023 
6646 3705 8619 3703 
6647 2415 7114 2687 
6648 5822 8434 5477 
6649 2252 2254 2253 
6650 2627 2628 2626 
6651 2511 8920 2512 
6652 2629 2630 2628 
6653 2260 2261 2259 
6654 2853 3080 2852 
6655 7009 7011 7010 
6656 3854 9168 9162 
6657 2370 2380 2379 
6658 7049 9428 5270 
6659 4704 7478 5723 
6660 3417 3592 3400 
6661 6252 7714 6255 
6662 6766 6767 6637 
6663 5237 7356 5238 
6664 4242 5001 4916 
6665 5211 6821 6304 
6666 5232 7405 6797 
6667 2256 2257 2255 
6668 2682 2847 2677 
6669 48 1789 47 
6670 3307 7034 3297 
6671 2254 2255 2253 
6672 6446 6447 1728 
6673 2241 7588 2323 
6674 2625 2626 2624 
6675 3312 3315 3314 
6676 5127 7751 4345 
6677 2783 2785 2780 
6678 2578 2581 2580 
6679 4169 7359 4037 
6680 5927 6891 6690 
6681 1729 6452 6449 
6682 6895 9010 3408 
6683 5558 6585 5860 
6684 2258 2259 2257 
6685 2807 2808 2785 
6686 7518 7519 1643 
6687 7870 7879 7816 
6688 7901 8742 3699 
6689 2416 2417 2415 
6690 5969 9004 5330 
6691 7988 8504 4201 
6692 3959 4247 3958 
6693 2423 2431 2430 
6694 2530 7957 3614 
6695 4772 7897 4775 
6696 3411 3603 3412 
6697 2420 2422 2421 
6698 8024 8025 8022 
6699 2288 5999 2271 
6700 7130 8250 5974 
6701 6994 8840 4918 
6702 5083 7535 4388 
6703 2830 2853 2852 
6704 3858 8543 8514 
6705 7581 8245 2429 
6706 2575 8582 8573 
6707 3941 4242 4191 
6708 2661 2662 2630 
6709 7041 7044 7042 
6710 8171 8668 4173 
6711 3205 3307 3297 
6712 5900 5971 2990 
6713 3967 3968 3607 
6714 8095 8127 8125 
6715 8298 8358 7617 
6716 4351 4903 4902 
6717 2574 4159 2583 
6718 3634 7353 3979 
6719 2418 2420 2419 
6720 7912 9051 4546 
6721 3081 3225 3080 
6722 2601 2614 2613 
6723 5192 7971 4667 
6724 2739 8219 7263 
6725 3071 3072 2842 
6726 2949 7168 2951 
6727 3198 7472 7471 
6728 5900 6742 5971 
6729 7150 7152 7151 
6730 6154 7348 6249 
6731 2774 2776 2775 
6732 7121 7123 7122 
6733 6981 6982 5557 
6734 3221 3222 3085 
6735 1895 7314 1897 
6736 7780 8915 7247 
6737 2578 2580 2572 
6738 5665 8556 4693 
6739 4750 7229 4802 
6740 6265 7774 6169 
6741 7804 8739 7805 
6742 3394 3476 3224 
6743 5271 8944 6934 
6744 2622 7776 2378 
6745 7100 7101 7099 
6746 2770 2823 2772 
6747 7801 8212 7804 
6748 7518 7523 7519 
6749 7339 7340 7337 
6750 3987 7951 3535 
6751 4990 7595 4033 
6752 4292 5082 4758 
6753 2830 2852 2658 
6754 2951 3084 2969 
6755 3069 7479 2818 
6756 3605 5242 3093 
6757 3084 3085 2969 
6758 2966 7066 3153 
6759 3952 7655 3951 
6760 2621 2623 2622 
6761 2351 7242 2350 
6762 7857 7888 7887 
6763 2814 2815 2808 
6764 4627 5566 4629 
6765 7636 8006 4466 
6766 2946 2947 2662 
6767 3882 7399 4975 
6768 6971 6972 5001 
6769 8012 8014 8013 
6770 2772 2774 2773 
6771 3490 7470 3382 
6772 4987 7233 4986 
6773 7169 7170 7168 
6774 2431 2643 2642 
6775 3167 5216 2617 
6776 7030 9240 9203 
6777 4980 9023 4604 
6778 4122 7001 4884 
6779 7170 7176 7168 
6780 2853 3081 3080 
6781 3597 3599 3598 
6782 3616 8314 2776 
6783 3112 8373 5587 
6784 2416 2418 2417 
6785 2598 2601 2600 
6786 7361 7595 4990 
6787 5558 5860 4823 
6788 4792 5843 4793 
6789 3681 7343 4125 
6790 3824 5493 3826 
6791 7141 7506 5013 
6792 2439 5927 5154 
6793 4938 8013 5202 
6794 7760 7793 7792 
6795 368 1654 367 
6796 4917 7055 3203 
6797 3431 7490 3436 
6798 6480 6482 6481 
6799 3201 4917 3203 
6800 3551 4356 3990 
6801 5172 5245 5244 
6802 7143 7144 2827 
6803 3198 7471 3087 
6804 366 1787 365 
6805 3405 7406 2942 
6806 1681 7987 183 
6807 2423 3582 2431 
6808 7598 9691 9689 
6809 3226 3419 3225 
6810 3934 3966 3592 
6811 2561 2567 2560 
6812 4866 6207 5088 
6813 2682 2990 2847 
6814 7071 8764 3541 
6815 3941 4191 3705 
6816 4402 7092 4294 
6817 2735 8349 2731 
6818 3383 7487 3526 
6819 4796 5558 4823 
6820 3604 3605 3093 
6821 2785 7041 2780 
6822 1703 8068 8065 
6823 5245 5246 5244 
6824 8086 8087 1628 
6825 2252 2253 2251 
6826 2643 2677 2676 
6827 7634 8984 5969 
6828 363 1634 362 
6829 2847 2960 2848 
6830 3476 3551 3504 
6831 50 1638 49 
6832 2820 2822 2815 
6833 7078 7079 4967 
6834 7897 7898 4775 
6835 6748 6749 6529 
6836 2623 2624 2622 
6837 4961 7266 7142 
6838 3572 5197 3571 
6839 7871 7882 7872 
6840 2591 7078 4967 
6841 7122 9511 8983 
6842 124 7415 1657 
6843 285 7424 1653 
6844 2824 2849 2822 
6845 3505 3565 3506 
6846 5509 7994 6772 
6847 5858 6552 6542 
6848 5248 5557 5249 
6849 5245 5247 5246 
6850 3695 7187 7186 
6851 1783 7427 200 
6852 160 7429 1782 
6853 4632 7558 7401 
6854 5076 5744 5004 
6855 2598 2600 2594 
6856 201 7432 1783 
6857 1782 7433 159 
6858 5841 7095 5076 
6859 4917 7056 7055 
6860 4132 7217 4130 
6861 4429 4430 4428 
6862 2419 7309 4460 
6863 5257 7107 2426 
6864 3911 4250 3910 
6865 7506 8272 4236 
6866 3606 3607 3605 
6867 4940 8013 4938 
6868 3578 7083 7082 
6869 7588 7664 2323 
6870 4959 7709 7708 
6871 3551 3990 3563 
6872 4862 5156 4401 
6873 4701 5091 4836 
6874 4429 4701 4430 
6875 4749 7505 5179 
6876 7386 7388 7387 
6877 3608 3967 3607 
6878 4841 5858 5127 
6879 120 7434 1669 
6880 7386 7387 7385 
6881 2614 2656 2655 
6882 4427 4428 4426 
6883 2439 4404 2379 
6884 7378 8097 7375 
6885 2831 8373 2981 
6886 4427 4429 4428 
6887 3220 7019 3380 
6888 5052 6143 5051 
6889 3437 3524 3438 
6890 3587 7237 3589 
6891 4065 7560 3999 
6892 5192 7972 7971 
6893 189 8611 188 
6894 4701 4836 4430 
6895 6805 9432 6114 
6896 2556 2560 2555 
6897 5172 5244 4817 
6898 2762 7219 2764 
6899 3083 8453 3147 
6900 3411 3412 3222 
6901 295 7474 1663 
6902 7787 8236 2882 
6903 6207 6513 5088 
6904 4251 4799 4250 
6905 4274 7579 4204 
6906 3591 4426 3074 
6907 2550 2552 2551 
6908 6147 6231 6144 
6909 3565 3568 3506 
6910 3580 4985 4122 
6911 2780 2781 2779 
6912 7797 8403 3354 
6913 2549 2550 2548 
6914 3600 4844 4371 
6915 4916 7234 5643 
6916 4407 9020 7180 
6917 2591 4967 2585 
6918 4305 7158 4051 
6919 3677 7351 3674 
6920 8546 8702 5959 
6921 197 7475 1778 
6922 1779 7476 163 
6923 7389 8858 7394 
6924 5858 6542 5127 
6925 2307 3580 3579 
6926 5072 5073 4762 
6927 7349 7478 4704 
6928 5254 5846 5068 
6929 7734 7735 2861 
6930 2981 8373 3112 
6931 5827 8319 7536 
6932 7666 7667 7665 
6933 3914 7558 4632 
6934 7417 8209 1657 
6935 3739 3743 3742 
6936 321 8061 1627 
6937 3736 3740 3735 
6938 7753 7792 7758 
6939 3367 8020 5974 
6940 2812 7735 2804 
6941 4792 5844 5843 
6942 2746 7142 2748 
6943 3081 3226 3225 
6944 1777 7481 204 
6945 156 7480 1776 
6946 4866 5088 4359 
6947 2288 7132 5999 
6948 2621 2622 2378 
6949 7384 7386 7385 
6950 2994 8647 5334 
6951 3067 8721 8296 
6952 2569 3577 2566 
6953 3565 8109 3568 
6954 4231 4866 4359 
6955 7573 7577 7572 
6956 4702 8643 7341 
6957 2686 8145 2639 
6958 7572 7577 4988 
6959 2784 9517 7256 
6960 2643 2682 2677 
6961 3505 3506 3444 
6962 2353 7893 2374 
6963 4029 7624 4027 
6964 2552 7136 3601 
6965 3990 4292 3991 
6966 3261 7070 3167 
6967 3743 3750 3746 
6968 2602 5449 2604 
6969 52 1790 51 
6970 7248 8529 4061 
6971 6970 6971 5001 
6972 2768 7082 2770 
6973 2847 7317 2960 
6974 7286 7289 7288 
6975 4063 7133 4139 
6976 5150 7571 4831 
6977 4316 5061 4745 
6978 303 7522 302 
6979 2815 2819 2808 
6980 3909 3910 3908 
6981 4440 8147 5975 
6982 4880 7183 7182 
6983 3257 3325 3256 
6984 6742 9092 5971 
6985 7297 7301 7300 
6986 7143 7145 7144 
6987 7187 7188 7186 
6988 2434 8357 6993 
6989 3524 3552 3525 
6990 4242 4916 4191 
6991 3414 3437 3416 
6992 5252 5808 5763 
6993 7725 9139 3850 
6994 8022 8025 192 
6995 3562 3572 3571 
6996 2496 8044 7740 
6997 6227 6326 5091 
6998 3612 4688 3309 
6999 3591 4427 4426 
7000 5321 7508 5320 
7001 2183 8241 2156 
7002 4054 4257 3994 
7003 5175 5588 5174 
7004 7384 7385 7383 
7005 95 8086 1628 
7006 5111 6268 5080 
7007 3739 3742 3738 
7008 3165 3224 2994 
7009 2960 3074 2961 
7010 2955 7220 7219 
7011 3437 3438 3416 
7012 4949 7741 4948 
7013 5194 7968 7967 
7014 300 7510 1650 
7015 7042 9262 7043 
7016 1713 7010 38 
7017 4787 7354 4313 
7018 4017 7649 4015 
7019 3936 4402 4294 
7020 2850 2979 2849 
7021 7074 7075 5493 
7022 53 7364 7363 
7023 5380 7780 5382 
7024 3255 3257 3256 
7025 3562 3571 3490 
7026 2310 4408 2334 
7027 2778 2779 2777 
7028 3401 3417 3400 
7029 5588 5589 5174 
7030 7275 7276 4212 
7031 5061 5761 4745 
7032 4841 5127 4345 
7033 4292 4758 4293 
7034 2271 7358 2262 
7035 5889 6665 5156 
7036 2361 2621 2378 
7037 1792 7423 7415 
7038 7416 7418 7417 
7039 305 7518 1643 
7040 4359 7077 4360 
7041 5824 6141 5863 
7042 4833 8709 4399 
7043 3524 3525 3438 
7044 5899 9500 6711 
7045 6520 6811 6633 
7046 5278 7485 5585 
7047 8126 8128 8124 
7048 3576 7334 3556 
7049 3255 3256 3230 
7050 5396 8045 5912 
7051 8124 8139 8122 
7052 360 1697 359 
7053 5111 6285 6268 
7054 3250 3505 3444 
7055 1644 7526 110 
7056 7893 8438 7892 
7057 4059 7516 3542 
7058 3666 7641 3663 
7059 7083 7088 7082 
7060 7421 8209 7417 
7061 4800 7927 7331 
7062 5952 7501 7500 
7063 4149 7165 4151 
7064 5986 8403 7797 
7065 7183 7184 7182 
7066 8573 8582 7195 
7067 4817 7426 4085 
7068 5899 6711 5898 
7069 5194 7967 4658 
7070 3252 5266 3439 
7071 5274 6289 5273 
7072 3617 7585 2938 
7073 4238 7238 7237 
7074 2554 2555 2553 
7075 3473 3556 3474 
7076 5835 6907 4902 
7077 2132 7414 2129 
7078 4625 8414 7584 
7079 6280 6281 6127 
7080 6841 9046 5989 
7081 5886 5898 5885 
7082 2606 3166 2617 
7083 8897 8911 3481 
7084 4316 4745 3997 
7085 5266 6872 3439 
7086 3711 7512 2696 
7087 2562 2564 2561 
7088 1640 7539 105 
7089 5761 6276 6275 
7090 5237 5238 4863 
7091 4483 7488 4504 
7092 3382 4406 3195 
7093 2766 3578 2768 
7094 7592 7664 7589 
7095 2960 3591 3074 
7096 2239 7737 2237 
7097 4643 5111 5080 
7098 4561 8828 4563 
7099 3275 3493 3397 
7100 7589 7664 7588 
7101 3526 4316 3997 
7102 4255 6136 4254 
7103 6446 6448 6447 
7104 7922 8266 4715 
7105 2415 2687 2413 
7106 5221 7485 4652 
7107 4023 7625 4021 
7108 7270 7306 7271 
7109 3257 3326 3325 
7110 3326 3446 3325 
7111 1729 6453 6452 
7112 5274 6291 6289 
7113 5829 6212 5187 
7114 6251 7172 5829 
7115 4259 4260 4157 
7116 4466 7791 7636 
7117 4451 8146 2570 
7118 4384 7534 5103 
7119 4643 5080 4065 
7120 3166 3260 3167 
7121 3539 7197 3463 
7122 5272 5274 5273 
7123 2655 8168 3201 
7124 3556 4235 3557 
7125 2583 7137 2589 
7126 5764 8315 5258 
7127 4522 7810 4520 
7128 5590 6736 5588 
7129 7586 7587 2243 
7130 3652 8378 3654 
7131 3958 7017 3418 
7132 4686 7708 7574 
7133 7701 7737 7668 
7134 3215 8708 3216 
7135 3936 4294 3937 
7136 8481 8641 8480 
7137 7121 7124 7123 
7138 5248 6981 5557 
7139 7218 8035 4738 
7140 5861 7214 5061 
7141 3703 4192 3701 
7142 7221 7222 7220 
7143 2647 8357 2434 
7144 5308 7583 6607 
7145 7374 7375 3928 
7146 7740 7937 4450 
7147 5886 5899 5898 
7148 3706 3941 3705 
7149 6789 7975 5189 
7150 4758 5177 5176 
7151 3211 3275 3212 
7152 4875 8847 7206 
7153 8981 9044 5992 
7154 5272 5273 5262 
7155 4139 5133 4141 
7156 7660 7661 5394 
7157 4433 4863 4432 
7158 4894 6911 5916 
7159 7189 7191 7188 
7160 2979 3078 2849 
7161 3209 3211 3210 
7162 3961 4781 4063 
7163 4947 4948 4946 
7164 4141 7134 4143 
7165 4838 7584 5427 
7166 4276 7572 4988 
7167 7730 7733 7731 
7168 2778 2783 2780 
7169 2760 2955 2762 
7170 7812 7868 7816 
7171 4421 4424 4423 
7172 5384 7245 5386 
7173 4182 8283 4180 
7174 55 1626 54 
7175 3578 7082 2768 
7176 3092 3233 3091 
7177 4235 4743 4299 
7178 3252 3439 3188 
7179 2405 3581 2403 
7180 4051 4340 3756 
7181 4294 4792 4295 
7182 4122 4884 4883 
7183 4198 4391 4197 
7184 3574 4238 3587 
7185 7284 7287 7286 
7186 3960 4254 4252 
7187 5268 8141 7049 
7188 3181 3385 3244 
7189 5837 5838 4840 
7190 7745 8509 8294 
7191 4947 4949 4948 
7192 3580 4122 4121 
7193 4588 5254 5068 
7194 2419 4460 2417 
7195 7382 7383 7381 
7196 6929 9070 6928 
7197 4436 7046 3732 
7198 5884 5886 5885 
7199 9803 9810 7323 
7200 3787 8693 8240 
7201 6034 8428 4612 
7202 3601 7313 2554 
7203 2111 7602 2125 
7204 1801 7431 7429 
7205 8189 8206 8185 
7206 4588 5068 4589 
7207 3989 4361 3988 
7208 56 7468 7467 
7209 4143 4766 4145 
7210 3695 7186 3693 
7211 3757 4051 3756 
7212 4145 7155 4147 
7213 7382 7384 7383 
7214 3999 4249 3543 
7215 2783 8314 5276 
7216 4567 8174 4566 
7217 3419 3936 3567 
7218 8144 8242 4955 
7219 8262 8622 3436 
7220 7418 7420 7419 
7221 3463 3609 3305 
7222 2783 2807 2785 
7223 4057 4058 3549 
7224 1793 7302 130 
7225 2801 7562 2799 
7226 3297 3473 3304 
7227 2399 2683 2397 
7228 2807 2814 2808 
7229 3300 3595 3383 
7230 3090 7326 3181 
7231 7435 7437 7436 
7232 4424 4894 4423 
7233 2565 2566 2564 
7234 3983 5272 5262 
7235 8294 8509 5340 
7236 3275 3397 3212 
7237 3489 8347 3561 
7238 2362 2438 2358 
7239 4052 4305 4051 
7240 3205 3297 3206 
7241 2546 2549 2548 
7242 8313 8516 8005 
7243 7710 7711 2134 
7244 6744 6748 6529 
7245 4339 5248 4996 
7246 6300 6518 6517 
7247 5884 5885 4949 
7248 2748 2827 2750 
7249 5928 6758 5929 
7250 4431 4432 3594 
7251 6684 7356 5237 
7252 7602 7603 2125 
7253 2401 7305 2399 
7254 3211 3212 3210 
7255 3234 7297 3233 
7256 2754 2959 2756 
7257 3691 7181 3689 
7258 5729 5887 5302 
7259 2124 7710 2134 
7260 5370 7658 5394 
7261 3322 9281 9224 
7262 2542 2544 2543 
7263 7784 7785 7782 
7264 1791 7461 7434 
7265 5173 5174 4380 
7266 7442 7454 7439 
7267 2568 2569 2566 
7268 2154 7511 2183 
7269 2552 3601 2554 
7270 4302 7296 4134 
7271 2571 2572 2569 
7272 4906 7723 5921 
7273 6528 6529 5841 
7274 283 1794 282 
7275 131 1793 130 
7276 9108 9129 2813 
7277 3207 3209 3208 
7278 164 7961 1779 
7279 3342 9308 9213 
7280 4909 5353 5352 
7281 58 1698 57 
7282 7217 7218 4738 
7283 2577 2578 2572 
7284 3203 3205 3204 
7285 2756 7319 2758 
7286 43 7003 42 
7287 2978 2994 2976 
7288 7416 7417 1657 
7289 2655 3201 3200 
7290 3201 3203 3202 
7291 2744 4961 2746 
7292 6986 8621 8620 
7293 3613 7320 3266 
7294 4404 8423 2379 
7295 3214 9366 8165 
7296 4280 7708 4686 
7297 7374 7376 7375 
7298 2277 7371 2265 
7299 4418 4419 4417 
7300 4425 7225 3921 
7301 6298 7310 6300 
7302 3280 8031 2894 
7303 5840 5841 5076 
7304 371 7021 370 
7305 7248 8047 5944 
7306 5317 7580 2635 
7307 5711 7727 6847 
7308 2249 7374 3928 
7309 2863 7734 2861 
7310 2326 8141 5268 
7311 2337 8423 2312 
7312 4259 4363 4260 
7313 5302 7243 5299 
7314 7658 7659 5394 
7315 8082 8289 1818 
7316 2584 2585 2581 
7317 4346 4841 4345 
7318 5693 8582 8028 
7319 5005 5076 5004 
7320 4155 4259 4157 
7321 7619 7620 4710 
7322 4238 7237 3587 
7323 2409 2854 2407 
7324 2861 7735 2812 
7325 1778 7959 7958 
7326 7084 7085 7083 
7327 2528 7957 2530 
7328 7182 7185 7181 
7329 4168 7268 7267 
7330 7252 7256 7253 
7331 357 1623 356 
7332 7627 7628 3105 
7333 2173 7210 7209 
7334 6758 6759 5929 
7335 7741 7902 7396 
7336 4421 4423 4419 
7337 7730 7731 4964 
7338 3394 7174 3476 
7339 4945 4946 4944 
7340 6214 6216 6215 
7341 3585 3960 3931 
7342 7558 7559 7401 
7343 4433 5237 4863 
7344 8231 8901 3179 
7345 8010 8011 5206 
7346 3258 7074 3824 
7347 5189 7975 4675 
7348 4945 4947 4946 
7349 5304 7662 6608 
7350 2797 7637 2795 
7351 7050 8830 3566 
7352 2313 7923 2304 
7353 3266 7320 3265 
7354 4130 7217 4738 
7355 3233 3585 3584 
7356 3552 3553 3525 
7357 4363 4364 4260 
7358 4475 7904 5031 
7359 3209 3210 3208 
7360 7437 7439 7438 
7361 2955 7219 2762 
7362 4904 4905 3565 
7363 5280 7367 5503 
7364 2731 8349 4461 
7365 606 6446 1728 
7366 1729 6449 534 
7367 2371 3594 2365 
7368 2736 3207 2738 
7369 4571 7332 4573 
7370 4975 7944 7569 
7371 4151 4369 4153 
7372 4176 7927 4179 
7373 3983 5262 3493 
7374 2250 2252 2251 
7375 4781 7133 4063 
7376 2550 7136 2552 
7377 8122 8139 90 
7378 61 1619 60 
7379 2947 7169 2949 
7380 4585 7265 4588 
7381 2431 2642 2430 
7382 2814 2820 2815 
7383 5270 5271 5269 
7384 5930 8423 4404 
7385 5268 5269 4437 
7386 2453 8404 7896 
7387 5349 8219 3208 
7388 7945 8611 189 
7389 2263 2310 2309 
7390 4892 7599 5509 
7391 2350 3921 2330 
7392 2540 2858 2542 
7393 7844 8848 7986 
7394 4573 7332 4798 
7395 5484 7720 7719 
7396 2820 2824 2822 
7397 59 7492 7491 
7398 3743 3746 3742 
7399 5386 5928 5388 
7400 4665 7971 7970 
7401 4579 7240 4581 
7402 4481 7488 4483 
7403 4831 7571 4309 
7404 4583 7265 4585 
7405 2980 3094 2979 
7406 2923 7933 2922 
7407 4939 7716 4941 
7408 7250 7252 7251 
7409 604 6455 1750 
7410 3693 4880 3691 
7411 5133 7134 4141 
7412 3095 3188 3094 
7413 2778 8314 2783 
7414 4147 5093 4149 
7415 2374 7893 2460 
7416 2590 2591 2585 
7417 4961 7142 2746 
7418 4130 4738 4128 
7419 4943 4944 4942 
7420 7602 8084 7603 
7421 5998 8874 8034 
7422 2326 4437 2321 
7423 7272 7273 7270 
7424 4115 7723 4906 
7425 6536 7347 5245 
7426 2282 7412 4462 
7427 7187 7189 7188 
7428 7283 8470 7281 
7429 3872 7569 3869 
7430 5325 7293 6654 
7431 2776 2777 2775 
7432 2251 7390 7374 
7433 4197 7568 3942 
7434 4943 4945 4944 
7435 3751 3756 3750 
7436 3625 7722 2464 
7437 3689 4662 3687 
7438 6795 6796 6735 
7439 3208 8219 2738 
7440 8041 8329 8042 
7441 7269 7270 7268 
7442 7284 7286 7285 
7443 7641 7642 4514 
7444 3644 8147 4098 
7445 5996 8969 8948 
7446 3326 3447 3446 
7447 1897 7314 1900 
7448 7809 8767 8755 
7449 7263 7264 4961 
7450 7857 7887 7834 
7451 7264 7266 4961 
7452 2770 2772 2771 
7453 2350 4425 3921 
7454 5154 5213 4404 
7455 2945 3091 2944 
7456 5484 7719 4532 
7457 3447 7951 3446 
7458 5330 7912 7911 
7459 3642 8518 8166 
7460 2841 2842 2840 
7461 3265 7320 3508 
7462 4951 7656 6021 
7463 7632 7633 7631 
7464 3362 8020 3364 
7465 3572 9452 5197 
7466 3595 8851 7487 
7467 5299 5300 5298 
7468 2185 7355 3611 
7469 2326 5268 4437 
7470 5259 5861 5061 
7471 3238 3239 3236 
7472 7664 7666 7665 
7473 5092 6227 5091 
7474 5171 5172 4817 
7475 4431 4433 4432 
7476 6248 6892 6296 
7477 5268 5270 5269 
7478 3207 3208 2738 
7479 4733 8875 3988 
7480 7904 7905 5031 
7481 2818 7479 2810 
7482 2643 2676 2642 
7483 4766 7155 4145 
7484 8229 8494 5982 
7485 3189 3252 3188 
7486 7057 7089 7056 
7487 4322 7505 4749 
7488 7752 7753 1704 
7489 2244 7586 2243 
7490 8984 9004 5969 
7491 5737 6228 5834 
7492 5928 5929 5388 
7493 5088 7077 4359 
7494 5962 7922 4455 
7495 7435 7436 1669 
7496 2307 3579 2302 
7497 2546 2547 2545 
7498 3755 3758 3749 
7499 3360 8304 3362 
7500 9352 9358 8944 
7501 4134 5063 4132 
7502 7642 7643 4514 
7503 4308 4345 4306 
7504 4155 4157 4156 
7505 4581 7240 5065 
7506 7781 7784 7782 
7507 2674 7627 3105 
7508 4836 5095 4837 
7509 4382 7325 4304 
7510 5957 7570 5993 
7511 2824 2850 2849 
7512 5230 7405 5232 
7513 4941 4943 4942 
7514 7255 7259 7258 
7515 7297 7300 7298 
7516 5557 5604 5249 
7517 7980 7983 7981 
7518 2423 2430 2421 
7519 5689 8528 7195 
7520 2865 7730 4964 
7521 5093 7165 4149 
7522 2593 2594 2591 
7523 7603 8084 7607 
7524 3433 7745 3192 
7525 8021 8961 8330 
7526 2869 7726 2995 
7527 5862 6270 5861 
7528 7811 7868 7812 
7529 2371 4431 3594 
7530 4411 5260 2563 
7531 4665 7970 4663 
7532 5438 8378 3652 
7533 8000 8004 8003 
7534 1618 7761 7759 
7535 2829 2830 2658 
7536 3552 8363 3553 
7537 4011 7655 3952 
7538 3169 8033 3267 
7539 7039 7242 2356 
7540 3683 7343 3681 
7541 4581 5065 4583 
7542 6154 6249 6246 
7543 7376 7379 7377 
7544 5402 8516 8313 
7545 8054 8055 1700 
7546 7716 8114 4941 
7547 7350 7352 7351 
7548 4646 7908 7906 
7549 2847 2848 2677 
7550 7051 8596 7050 
7551 1730 8023 8022 
7552 1832 6387 442 
7553 2960 2961 2848 
7554 2884 7787 2882 
7555 5314 5878 5315 
7556 7834 7887 7828 
7557 8042 8329 2513 
7558 4941 4942 4940 
7559 5887 7243 5302 
7560 7563 7564 4319 
7561 8228 8635 3110 
7562 7249 7250 4217 
7563 5265 5900 2990 
7564 3112 5587 3299 
7565 2341 7738 2343 
7566 2942 7406 2940 
7567 132 7062 131 
7568 282 7063 281 
7569 6152 7348 6154 
7570 5830 6251 5829 
7571 7560 7561 4249 
7572 7862 7863 7835 
7573 3260 3309 3261 
7574 4454 8146 4451 
7575 4403 5221 4652 
7576 320 8057 319 
7577 7389 7392 7386 
7578 7379 7381 7380 
7579 3494 3983 3493 
7580 7781 7782 3231 
7581 5007 5210 4424 
7582 7820 7867 7822 
7583 3170 7512 6902 
7584 3681 4125 3679 
7585 5643 6681 5644 
7586 3254 3255 3230 
7587 5188 5829 5187 
7588 6254 7714 6252 
7589 5378 7513 5380 
7590 3907 3908 3905 
7591 4003 7989 7171 
7592 4055 4727 4054 
7593 6770 6771 6270 
7594 4420 4421 4419 
7595 3777 7267 3775 
7596 4134 7296 5063 
7597 7646 7647 4707 
7598 5821 5822 5477 
7599 2657 2658 2656 
7600 4025 7619 4710 
7601 3435 7490 3431 
7602 1805 7523 7518 
7603 4398 6809 5919 
7604 5657 6898 5210 
7605 3593 7321 2256 
7606 3536 8047 4061 
7607 2310 2334 2333 
7608 369 7033 368 
7609 3996 5298 3552 
7610 3090 3181 3180 
7611 4210 8149 3409 
7612 53 7363 52 
7613 8059 8060 8058 
7614 7708 7709 7574 
7615 7282 7284 7283 
7616 6064 7091 5221 
7617 7440 7455 7443 
7618 2844 7712 3070 
7619 2597 2598 2594 
7620 7379 7382 7381 
7621 9263 9274 2627 
7622 3550 4313 3621 
7623 6852 7714 6254 
7624 4403 4652 3602 
7625 3693 7186 4880 
7626 2944 7330 3405 
7627 6855 6856 6854 
7628 3382 7470 4406 
7629 8050 8845 5318 
7630 3903 3904 3901 
7631 5248 5249 4996 
7632 2951 2969 2968 
7633 3960 4255 4254 
7634 4358 4896 4895 
7635 2544 2545 2543 
7636 4796 4823 4797 
7637 4948 7396 7395 
7638 4826 5160 5159 
7639 2874 4403 3602 
7640 3229 3230 3228 
7641 2741 7263 2744 
7642 3689 7181 4662 
7643 2552 2553 2551 
7644 4933 7748 4935 
7645 2534 7746 2557 
7646 2450 8404 2453 
7647 7404 9007 7944 
7648 3230 7231 3228 
7649 49 7038 48 
7650 6973 7936 4353 
7651 5223 5225 5224 
7652 2563 7136 2550 
7653 367 7047 366 
7654 3994 7198 3540 
7655 1695 7868 7811 
7656 7830 7886 7885 
7657 5145 8709 4833 
7658 3559 3958 3418 
7659 3181 3244 3243 
7660 4585 4588 4587 
7661 7396 7398 7397 
7662 6056 7157 6150 
7663 3704 3705 3703 
7664 3826 4826 4825 
7665 6853 6854 6852 
7666 5291 8052 3502 
7667 5709 7727 5711 
7668 4829 5217 3572 
7669 2874 3602 2313 
7670 4708 6059 4698 
7671 93 8610 8213 
7672 4153 4155 4154 
7673 3177 7800 2934 
7674 6252 6255 6251 
7675 4494 8003 4969 
7676 8013 8014 5202 
7677 2107 8281 3624 
7678 7770 7905 7904 
7679 3171 8018 2468 
7680 7536 8319 5042 
7681 3995 4054 3994 
7682 7270 7271 7268 
7683 8014 8865 8739 
7684 6413 10220 6670 
7685 4916 5643 5256 
7686 3783 7372 3781 
7687 3070 8033 3169 
7688 3671 4172 3668 
7689 7649 7651 4015 
7690 4577 4789 4579 
7691 3227 3228 3226 
7692 7252 7253 7251 
7693 4415 4417 4413 
7694 328 8220 8153 
7695 6046 6968 5218 
7696 3195 7106 2997 
7697 5392 7246 7245 
7698 2251 7374 2249 
7699 3414 3416 3415 
7700 4313 7354 4314 
7701 3824 3826 3825 
7702 2334 2361 2360 
7703 183 7987 182 
7704 5996 8992 8969 
7705 7231 7232 3228 
7706 3779 4168 3777 
7707 4304 5094 4302 
7708 3221 3465 3411 
7709 4886 4887 4842 
7710 7962 7963 1684 
7711 7899 7900 5859 
7712 3785 4138 3783 
7713 51 7068 50 
7714 2556 2562 2561 
7715 4536 7707 4534 
7716 7445 7457 7447 
7717 4939 4941 4940 
7718 7273 7306 7270 
7719 2268 2271 2262 
7720 4842 7499 4841 
7721 330 7752 1704 
7722 2949 2951 2950 
7723 3951 8472 3948 
7724 3073 7924 7712 
7725 2947 2949 2948 
7726 6166 6168 6167 
7727 5349 8724 7264 
7728 2304 3308 2298 
7729 3595 7487 3383 
7730 4159 7137 2583 
7731 3464 3539 3463 
7732 2946 3604 3093 
7733 5598 5600 5217 
7734 4844 9422 6672 
7735 8370 8371 4193 
7736 7426 7742 3482 
7737 3981 8303 3987 
7738 3440 8421 3644 
7739 3775 4212 3773 
7740 7948 8249 3623 
7741 6952 6953 5923 
7742 2338 8305 7371 
7743 3381 3382 3195 
7744 7890 7891 3625 
7745 4652 7485 5278 
7746 5099 6256 5100 
7747 4244 7914 4464 
7748 4231 4359 4232 
7749 7317 8008 3591 
7750 2956 8357 2647 
7751 2284 7412 2282 
7752 5312 5314 5313 
7753 1618 7759 333 
7754 2943 2944 2942 
7755 7734 8288 7735 
7756 3278 8096 3279 
7757 5995 7488 4481 
7758 7259 7260 7258 
7759 535 1749 536 
7760 604 1750 605 
7761 3250 3444 3443 
7762 7964 7965 1811 
7763 2361 2378 2377 
7764 8006 8386 3811 
7765 8182 8207 8186 
7766 7437 7442 7439 
7767 8620 8652 5534 
7768 5761 6275 5941 
7769 7759 7761 7760 
7770 5585 7367 5280 
7771 5737 5834 4787 
7772 7350 7351 3677 
7773 7946 7949 7947 
7774 2640 7776 5275 
7775 8025 8026 1722 
7776 2949 7169 7168 
7777 3244 3300 3248 
7778 4325 8251 3865 
7779 5056 5059 5058 
7780 7519 7520 1643 
7781 8163 8453 3083 
7782 5362 7903 7778 
7783 4168 7267 3777 
7784 4939 4940 4938 
7785 8190 8193 8192 
7786 5285 5874 5284 
7787 6168 6265 6169 
7788 7250 7251 4217 
7789 3826 8671 4826 
7790 2371 8339 4431 
7791 2602 2603 2596 
7792 2886 7781 3231 
7793 1812 7985 7984 
7794 8066 8067 8064 
7795 5179 6250 5178 
7796 7906 7907 5198 
7797 5099 6321 6256 
7798 184 8308 1681 
7799 5214 6889 6888 
7800 7449 7456 7451 
7801 3427 7777 3627 
7802 6169 7774 6171 
7803 4824 5055 5054 
7804 318 8054 1700 
7805 1900 7314 6320 
7806 6136 6137 4254 
7807 7609 8358 3624 
7808 3412 3414 3413 
7809 3999 7560 4249 
7810 7418 7419 7417 
7811 4788 5737 4787 
7812 4634 7713 4609 
7813 4565 5223 4567 
7814 7374 7390 7376 
7815 8778 8794 3437 
7816 3771 4209 3769 
7817 3908 8029 3905 
7818 2065 7991 2066 
7819 2290 7412 2284 
7820 4573 4798 4575 
7821 6018 9026 7713 
7822 4986 7022 5442 
7823 5278 5585 5280 
7824 3153 3250 3249 
7825 5393 8053 7515 
7826 6660 7894 5166 
7827 4094 4197 3942 
7828 4632 7400 7399 
7829 7652 7653 4706 
7830 7205 7206 7203 
7831 3489 3490 3382 
7832 5225 5228 5226 
7833 5382 5392 5384 
7834 4400 5918 4760 
7835 4887 7499 4842 
7836 3621 8243 3448 
7837 5258 8315 7241 
7838 7563 7565 7564 
7839 4157 7567 4843 
7840 3446 5312 3477 
7841 2489 7739 2490 
7842 5874 6333 5876 
7843 61 7495 1619 
7844 7819 7862 7835 
7845 3092 3234 3233 
7846 5822 8537 8434 
7847 4667 7971 4665 
7848 3502 8052 3270 
7849 2076 7931 2859 
7850 3397 7090 3574 
7851 5504 7744 7743 
7852 2955 7221 7220 
7853 4843 5325 5153 
7854 5583 5996 5581 
7855 2356 7242 2351 
7856 5935 7140 5934 
7857 5392 7245 5384 
7858 4138 7372 3783 
7859 5186 5187 4888 
7860 3306 3463 3305 
7861 4957 8910 7130 
7862 4304 7325 5094 
7863 80 8161 1705 
7864 2321 7500 2318 
7865 4364 4377 4376 
7866 4003 4231 4004 
7867 7839 7884 7859 
7868 5170 6441 5128 
7869 5561 6018 4634 
7870 4769 8214 5170 
7871 4300 8178 4857 
7872 7221 7223 7222 
7873 2287 2288 2271 
7874 5330 7911 3852 
7875 7327 7488 5995 
7876 2414 2416 2415 
7877 3561 3562 3490 
7878 2589 2602 2596 
7879 2293 2294 2288 
7880 7513 7780 5380 
7881 3268 8052 3613 
7882 5283 5284 5282 
7883 3791 4217 3789 
7884 7163 7164 5564 
7885 7096 7097 5744 
7886 1673 8904 7964 
7887 3526 3997 3527 
7888 7437 7438 7436 
7889 5170 8214 6909 
7890 5434 8731 8336 
7891 5883 5884 4949 
7892 4384 5103 4382 
7893 4043 4045 4044 
7894 4843 7567 5325 
7895 7335 7336 6843 
7896 7704 7705 5220 
7897 2453 8765 2454 
7898 2292 2339 2338 
7899 5879 8290 7032 
7900 5376 8053 5393 
7901 2946 7483 3604 
7902 4037 7359 4035 
7903 3544 3999 3543 
7904 4069 5647 4740 
7905 3038 8049 3068 
7906 3449 3550 3448 
7907 5170 6443 6441 
7908 3794 9036 9003 
7909 1918 5839 1920 
7910 2339 2341 2340 
7911 56 7467 55 
7912 4237 7796 3375 
7913 3679 7350 3677 
7914 4937 4939 4938 
7915 2858 8545 2542 
7916 5003 5004 4735 
7917 5322 8149 4210 
7918 7754 8220 1704 
7919 3115 8244 3316 
7920 4749 5178 4750 
7921 4066 4643 4065 
7922 4937 4938 4936 
7923 7368 7641 3666 
7924 5173 5175 5174 
7925 3627 7601 3425 
7926 4129 4130 4128 
7927 4089 8214 4087 
7928 3497 8047 3536 
7929 6936 8243 3621 
7930 3990 7329 4292 
7931 7439 7440 7438 
7932 2679 7537 2690 
7933 6059 6060 4698 
7934 1695 7811 187 
7935 5314 8290 5879 
7936 3924 9016 8746 
7937 2938 7585 2936 
7938 3550 3621 3448 
7939 7625 7645 4021 
7940 4175 7927 4176 
7941 1900 6320 1902 
7942 1809 7792 7752 
7943 6609 6610 5899 
7944 3305 7125 3253 
7945 5232 6797 5234 
7946 7810 8271 4520 
7947 7946 7947 3623 
7948 4441 7930 2086 
7949 3819 8573 7195 
7950 3954 4698 3926 
7951 5295 7899 5859 
7952 3233 3584 3091 
7953 533 1729 534 
7954 606 1728 607 
7955 2827 7147 2750 
7956 3383 3526 3384 
7957 1619 7494 7493 
7958 3234 7301 7297 
7959 8212 8739 7804 
7960 2265 7371 7355 
7961 4000 4065 3999 
7962 3530 7789 3457 
7963 5314 5879 5878 
7964 4471 8229 5125 
7965 3578 7084 7083 
7966 4891 5516 5515 
7967 6171 7774 6174 
7968 2640 5275 2664 
7969 8132 8140 8130 
7970 4816 4817 4085 
7971 4915 5282 3633 
7972 3551 3563 3504 
7973 7830 7885 7831 
7974 5052 6144 6143 
7975 7401 7402 7400 
7976 1810 8254 335 
7977 4442 4787 4313 
7978 4120 6016 2972 
7979 4306 7751 4305 
7980 2550 2551 2548 
7981 5752 5754 5753 
7982 2833 5317 2635 
7983 5228 5230 5229 
7984 4504 7488 5953 
7985 3979 4087 3980 
7986 1792 7415 125 
7987 1795 7424 286 
7988 3631 3633 3632 
7989 4986 5442 4544 
7990 4386 7534 4384 
7991 3990 3991 3563 
7992 2916 7807 3628 
7993 7278 7279 7276 
7994 2856 3086 2855 
7995 5362 7778 5363 
7996 3636 8150 4291 
7997 3170 6727 5331 
7998 6860 6893 5851 
7999 5984 7926 6583 
8000 4212 7292 3773 
8001 4769 5170 5128 
8002 6797 6890 5234 
8003 4313 4314 3621 
8004 3075 3090 3089 
8005 199 7427 1800 
8006 1801 7429 161 
8007 5946 8101 7248 
8008 4894 5916 4901 
8009 4131 4132 4130 
8010 1791 7434 121 
8011 2944 3405 2942 
8012 7876 7877 7874 
8013 1802 7432 202 
8014 158 7433 1803 
8015 7636 8386 8006 
8016 2896 7928 3280 
8017 3300 3383 3301 
8018 2462 7890 3625 
8019 4935 4937 4936 
8020 5368 7658 5370 
8021 3027 8227 3030 
8022 7376 7377 7375 
8023 7359 7360 4990 
8024 6851 6852 6254 
8025 3169 3266 3265 
8026 3824 7074 5493 
8027 2185 3611 2179 
8028 7402 7403 7400 
8029 5922 7405 5230 
8030 3966 5252 5251 
8031 5951 6088 5740 
8032 4942 8010 5206 
8033 4935 4936 4934 
8034 4933 4935 4934 
8035 5263 5264 4363 
8036 2572 7729 2569 
8037 7757 8220 7754 
8038 8049 8050 3068 
8039 4033 7595 4031 
8040 7660 8852 7661 
8041 2570 8146 8142 
8042 5102 6161 6160 
8043 8003 8004 4969 
8044 4151 4153 4152 
8045 4730 4734 4728 
8046 7768 7769 4720 
8047 5916 6948 5926 
8048 1800 7475 198 
8049 162 7476 1801 
8050 3977 9241 7310 
8051 3503 3569 3502 
8052 4927 7939 4929 
8053 7577 7578 4988 
8054 2940 7406 3617 
8055 4413 7721 4411 
8056 3668 7368 3666 
8057 1797 7474 296 
8058 7451 7473 7453 
8059 6162 6166 6165 
8060 6842 7335 6843 
8061 5187 7216 4888 
8062 5394 7661 5372 
8063 4566 8174 4569 
8064 6442 7898 7897 
8065 3192 7745 3102 
8066 4792 4793 4295 
8067 4891 5515 4890 
8068 3191 8762 7903 
8069 2900 7943 3640 
8070 7768 7790 7772 
8071 7595 7596 4713 
8072 5999 7358 2271 
8073 4168 7269 7268 
8074 8016 8017 2663 
8075 3553 3972 3555 
8076 203 7481 1802 
8077 1803 7480 157 
8078 3194 3195 2997 
8079 4104 7938 6098 
8080 3633 7353 3634 
8081 3169 3265 3168 
8082 3070 3169 3168 
8083 7269 7272 7270 
8084 3604 3606 3605 
8085 4644 7906 5198 
8086 4164 4891 4890 
8087 7792 7793 7758 
8088 6620 6622 5946 
8089 2908 7929 3639 
8090 7659 7660 5394 
8091 3170 6902 6727 
8092 8081 8083 8077 
8093 4104 5168 4103 
8094 8395 8399 8396 
8095 2696 7512 2698 
8096 2945 3092 3091 
8097 2810 7479 5329 
8098 327 8153 1621 
8099 2912 7913 3282 
8100 6098 6099 5168 
8101 2339 2340 2338 
8102 2651 2855 2650 
8103 4179 7927 4800 
8104 7661 8053 5374 
8105 2250 2251 2249 
8106 2496 7740 2498 
8107 2904 7942 3281 
8108 3503 3570 3569 
8109 7871 7872 7870 
8110 2343 2367 2344 
8111 2292 2338 2277 
8112 5175 5590 5588 
8113 7074 7076 7075 
8114 2265 7355 2185 
8115 3258 3824 3484 
8116 8087 8089 8088 
8117 6174 6176 6175 
8118 4377 5527 5148 
8119 54 7364 53 
8120 5963 7934 5966 
8121 8018 8019 8016 
8122 3118 8950 3223 
8123 7998 8002 7999 
8124 7115 7116 7114 
8125 5228 5922 5230 
8126 6203 6205 5083 
8127 4373 8283 4182 
8128 4933 4934 4932 
8129 4236 8272 3846 
8130 4357 5052 5051 
8131 4538 7704 5220 
8132 59 7491 58 
8133 3979 4089 4087 
8134 5096 5936 5935 
8135 3070 3168 3069 
8136 3880 7569 3872 
8137 3397 3574 3573 
8138 7876 7878 7877 
8139 4635 7163 5564 
8140 4456 7922 4715 
8141 8296 8721 5997 
8142 5068 5855 4589 
8143 5518 6752 5516 
8144 1778 7958 196 
8145 7143 7146 7145 
8146 3476 3504 3224 
8147 3629 3631 3630 
8148 8038 8039 3712 
8149 2146 7747 2173 
8150 5994 9160 9070 
8151 3238 3240 3239 
8152 7712 8033 3070 
8153 5223 5224 4567 
8154 3972 4175 3973 
8155 2322 2326 2321 
8156 7379 7380 7377 
8157 4039 4169 4037 
8158 3075 7528 3090 
8159 2049 8115 2051 
8160 2844 3070 3069 
8161 7567 8738 5325 
8162 1702 8123 8122 
8163 3967 8892 8867 
8164 7646 7648 7647 
8165 3236 7301 3234 
8166 4749 5179 5178 
8167 4496 8003 4494 
8168 5581 7464 5579 
8169 3997 7989 3998 
8170 3279 3503 3502 
8171 3928 8097 7586 
8172 4931 4933 4932 
8173 6263 7052 6312 
8174 7569 8720 3869 
8175 3197 3198 3087 
8176 5393 7514 7513 
8177 2520 7946 3623 
8178 5879 5880 5878 
8179 6752 8268 5516 
8180 1804 7510 301 
8181 8087 8088 1628 
8182 3940 4104 4103 
8183 2633 2681 2653 
8184 4471 5125 5112 
8185 4951 6021 5932 
8186 7977 8257 5632 
8187 3960 4252 3931 
8188 3497 3535 3447 
8189 5558 6980 6585 
8190 2367 2428 2368 
8191 2414 2415 2413 
8192 2850 2980 2979 
8193 5306 7583 5308 
8194 2331 2350 2330 
8195 7619 7623 7620 
8196 2357 2358 2356 
8197 2623 3396 2625 
8198 3882 4975 3880 
8199 7869 7870 7868 
8200 2341 2343 2342 
8201 6013 6937 6014 
8202 2629 2857 2661 
8203 3606 3608 3607 
8204 7778 7903 7779 
8205 176 7962 1684 
8206 2674 3105 2679 
8207 3403 3448 3199 
8208 3940 4103 3570 
8209 3536 3981 3535 
8210 4455 7922 4453 
8211 6962 7570 5957 
8212 7773 8237 4808 
8213 178 7964 1811 
8214 4035 4990 4033 
8215 3765 4189 3763 
8216 2359 2362 2358 
8217 4292 4293 3991 
8218 7278 7280 7279 
8219 3972 3973 3555 
8220 2955 8379 7221 
8221 4569 4590 4571 
8222 3497 3536 3535 
8223 1671 8077 8076 
8224 5946 7248 5944 
8225 3087 7471 3086 
8226 2698 7512 3170 
8227 3399 3400 3246 
8228 7084 7086 7085 
8229 4415 4418 4417 
8230 7998 7999 4613 
8231 1805 7518 306 
8232 109 7526 1806 
8233 4545 4986 4544 
8234 3610 8608 3257 
8235 7731 7732 4964 
8236 5923 8027 4905 
8237 3926 7249 3791 
8238 1798 7980 113 
8239 1812 7984 181 
8240 4087 4769 4088 
8241 602 1718 603 
8242 537 1719 538 
8243 3912 7399 3882 
8244 7456 7473 7451 
8245 3793 4328 4327 
8246 4802 5099 5098 
8247 3026 8330 3024 
8248 2447 8245 5956 
8249 3279 3502 3270 
8250 8023 8024 8022 
8251 3086 3629 3466 
8252 57 7468 56 
8253 6018 7713 4634 
8254 4374 7926 5984 
8255 7980 7981 112 
8256 3459 3530 3457 
8257 3542 7516 4006 
8258 2305 2313 2304 
8259 7590 7593 7591 
8260 2311 2312 2306 
8261 7360 7362 7361 
8262 1618 8254 7762 
8263 7507 7508 5321 
8264 5250 6684 5237 
8265 3574 3587 3586 
8266 5664 5665 4693 
8267 4242 6970 5001 
8268 2299 2304 2298 
8269 2278 2292 2277 
8270 3268 3613 3266 
8271 4388 7535 4386 
8272 5667 9045 9018 
8273 5155 6203 5083 
8274 4686 7573 7572 
8275 4353 7936 7031 
8276 6147 6798 6231 
8277 5297 7662 5304 
8278 2532 7746 2534 
8279 2266 2277 2265 
8280 4652 5278 5277 
8281 4031 4713 4029 
8282 2736 2738 2737 
8283 4504 4506 4505 
8284 4397 8764 4405 
8285 5956 5957 4409 
8286 4526 7810 4522 
8287 3119 8265 3930 
8288 7798 7799 3187 
8289 3308 7407 7369 
8290 7171 7989 5941 
8291 8089 8093 8090 
8292 104 7539 1807 
8293 2810 5329 2805 
8294 5222 6064 5221 
8295 2672 7627 2674 
8296 2086 7930 2080 
8297 7731 7736 7732 
8298 4755 6737 5825 
8299 4127 4128 3984 
8300 7286 7288 7285 
8301 5393 7513 5378 
8302 6934 7067 6064 
8303 5878 6219 5315 
8304 2698 3170 2700 
8305 3524 3996 3552 
8306 5197 5243 3571 
8307 4158 8652 8620 
8308 4128 7154 3984 
8309 4948 7741 7396 
8310 2314 2874 2313 
8311 2197 8038 3712 
8312 2186 2265 2185 
8313 2844 3069 2818 
8314 5515 8268 7600 
8315 7280 7282 7281 
8316 2291 2298 2290 
8317 5326 8098 4216 
8318 4975 7569 3880 
8319 4931 4932 4930 
8320 2732 2736 2733 
8321 4635 5564 5539 
8322 4360 4796 4795 
8323 8077 8083 8076 
8324 7890 7892 7891 
8325 2363 2365 2362 
8326 4104 6098 5168 
8327 2744 7263 4961 
8328 2549 2563 2550 
8329 4561 4563 4562 
8330 7918 8116 8115 
8331 5219 6046 5218 
8332 4216 8098 3564 
8333 4863 5158 4432 
8334 3171 9297 8018 
8335 4719 8046 5669 
8336 4866 6935 6207 
8337 2708 2963 2710 
8338 5201 9033 5877 
8339 7841 7883 7851 
8340 7918 8117 8116 
8341 4390 5083 4388 
8342 3074 3075 2961 
8343 3585 3931 3584 
8344 2298 7369 2290 
8345 7596 7598 7597 
8346 5276 7295 7294 
8347 6635 6637 6636 
8348 5945 5946 5944 
8349 4133 4134 4132 
8350 4168 8354 7269 
8351 7407 7409 7408 
8352 4625 7584 4838 
8353 3316 8228 3113 
8354 7811 7812 1813 
8355 2127 7710 2124 
8356 7643 8480 4514 
8357 6171 6174 6173 
8358 5711 6013 5712 
8359 4458 7768 4720 
8360 4929 4931 4930 
8361 354 1696 353 
8362 4838 5427 5183 
8363 5376 5393 5378 
8364 3996 5299 5298 
8365 5287 8241 7200 
8366 5535 8009 5421 
8367 4906 5485 4976 
8368 4006 7505 4322 
8369 4027 7619 4025 
8370 5600 7632 7631 
8371 3080 5333 2852 
8372 60 7492 59 
8373 8181 8207 8182 
8374 7404 7944 4975 
8375 5285 5875 5874 
8376 3496 3497 3447 
8377 1730 8022 193 
8378 3791 7249 4217 
8379 5283 5285 5284 
8380 3589 3961 3590 
8381 4386 7535 7534 
8382 7668 7737 7665 
8383 4635 8378 7163 
8384 4498 7998 4613 
8385 7620 7622 7621 
8386 2201 8051 2297 
8387 4270 5323 4175 
8388 3587 3589 3588 
8389 2764 2766 2765 
8390 7872 7880 7879 
8391 4049 8237 5336 
8392 3105 7537 2679 
8393 3419 3567 3225 
8394 2857 7483 2661 
8395 5529 7925 7924 
8396 6949 8586 5926 
8397 2472 8016 2663 
8398 4322 4749 4695 
8399 1806 8015 108 
8400 2704 3642 2706 
8401 4532 7719 4530 
8402 4417 7721 4413 
8403 2966 3153 3152 
8404 3634 3979 3647 
8405 3743 3751 3750 
8406 3993 3994 3540 
8407 5956 8245 6966 
8408 3914 4632 3912 
8409 64 1699 63 
8410 5874 5876 5284 
8411 3998 4003 4002 
8412 4632 7399 3912 
8413 4025 4710 4023 
8414 4459 7904 4475 
8415 5136 7716 4939 
8416 4919 8571 4918 
8417 3919 7558 3914 
8418 4769 5128 4770 
8419 601 6457 602 
8420 5953 5954 4506 
8421 6950 6951 5954 
8422 2459 2650 2428 
8423 4035 7359 4990 
8424 3961 4063 3962 
8425 7872 7881 7880 
8426 2433 2434 2380 
8427 2366 2371 2365 
8428 201 1783 200 
8429 160 1782 159 
8430 4345 7751 4306 
8431 3533 3543 3531 
8432 7592 7666 7664 
8433 3942 7568 3941 
8434 3264 7724 2793 
8435 2249 3928 2247 
8436 4745 7989 3997 
8437 7869 7871 7870 
8438 3631 4915 3633 
8439 2382 7995 2142 
8440 3303 3305 3253 
8441 285 1653 284 
8442 287 1795 286 
8443 290 1658 289 
8444 124 1657 123 
8445 126 1792 125 
8446 129 1652 128 
8447 3852 7911 3853 
8448 6648 7997 5142 
8449 3553 3555 3554 
8450 7409 7411 7410 
8451 7574 7575 7573 
8452 7812 7814 7813 
8453 5957 5993 5958 
8454 5225 5226 5224 
8455 3696 8742 3695 
8456 4639 9370 4637 
8457 2940 3617 2938 
8458 4175 4176 3973 
8459 4006 7516 7505 
8460 2746 2748 2747 
8461 2300 2301 2294 
8462 4125 7350 3679 
8463 4364 4724 4377 
8464 5174 7211 4380 
8465 7652 7654 7653 
8466 5858 6651 6552 
8467 292 1796 291 
8468 3574 7090 4238 
8469 3954 4708 4698 
8470 8336 8731 3475 
8471 122 1791 121 
8472 5293 5295 5294 
8473 2714 2821 2716 
8474 3536 3982 3981 
8475 6705 6706 6704 
8476 2809 2810 2805 
8477 5993 6978 5994 
8478 7409 7743 7411 
8479 2655 3200 2613 
8480 2113 7602 2111 
8481 2406 2407 2405 
8482 7552 7554 7553 
8483 5079 8007 5078 
8484 4758 5176 4293 
8485 2744 2746 2745 
8486 2995 7733 7730 
8487 8169 8170 4325 
8488 120 1669 119 
8489 3455 3456 3453 
8490 4199 4962 3919 
8491 4291 5293 5292 
8492 5278 5280 5279 
8493 2817 2818 2810 
8494 295 1663 294 
8495 3578 8436 7084 
8496 4588 4589 4587 
8497 199 1800 198 
8498 162 1801 161 
8499 5295 5859 5297 
8500 2457 2633 2458 
8501 7843 7862 7819 
8502 2428 7581 2429 
8503 2205 8108 3648 
8504 1639 8036 309 
8505 4428 5947 4426 
8506 2661 7483 2946 
8507 118 1799 117 
8508 7548 7552 7551 
8509 4962 7558 3919 
8510 4031 7595 4713 
8511 203 1802 202 
8512 158 1803 157 
8513 1910 1912 1911 
8514 2983 8834 2937 
8515 3555 8494 4076 
8516 5517 5518 5516 
8517 5314 5315 5313 
8518 7587 7590 7589 
8519 3757 4052 4051 
8520 6047 6965 6046 
8521 462 10019 463 
8522 4019 4707 4017 
8523 3113 8228 3110 
8524 116 1660 115 
8525 2243 7588 2241 
8526 2336 2337 2312 
8527 4090 8046 4719 
8528 2570 8142 2502 
8529 7762 8254 7765 
8530 2093 8164 2089 
8531 3559 3959 3958 
8532 8944 9358 7067 
8533 7190 7192 7189 
8534 8060 8075 8058 
8535 6333 6334 5876 
8536 1924 4767 1926 
8537 7814 7817 7815 
8538 2793 7724 2791 
8539 3362 8304 8020 
8540 3543 8263 3531 
8541 191 8025 1722 
8542 297 1797 296 
8543 3618 8241 5287 
8544 5754 5755 5753 
8545 7735 8464 2804 
8546 2934 7800 2932 
8547 2180 2185 2179 
8548 9178 9202 6892 
8549 7738 8388 2343 
8550 5303 8262 5294 
8551 2774 2775 2773 
8552 4124 8005 3806 
8553 197 1778 196 
8554 164 1779 163 
8555 5280 5503 5281 
8556 1723 8099 169 
8557 2764 8436 2766 
8558 7759 7760 1809 
8559 5709 5711 5710 
8560 7144 7148 7147 
8561 2412 2413 2411 
8562 3702 3703 3701 
8563 4929 4930 4928 
8564 5293 5294 5292 
8565 5353 5354 5352 
8566 5512 7710 2127 
8567 3580 4121 3579 
8568 4081 4831 4309 
8569 3982 4047 3981 
8570 3936 3937 3567 
8571 4927 4929 4928 
8572 2748 2750 2749 
8573 2447 4409 2448 
8574 1669 7460 119 
8575 3505 4904 3565 
8576 205 1777 204 
8577 156 1776 155 
8578 7874 7882 7871 
8579 4052 4306 4305 
8580 114 1798 113 
8581 2259 5337 2257 
8582 2926 7933 2923 
8583 2943 2945 2944 
8584 4540 9217 9203 
8585 5172 7529 6536 
8586 5485 8239 8032 
8587 1695 7869 7868 
8588 3491 8347 3489 
8589 3207 4407 3209 
8590 5295 5297 5294 
8591 7575 7576 7573 
8592 4915 5283 5282 
8593 4506 5009 4505 
8594 4294 4295 3937 
8595 2762 2764 2763 
8596 4352 6128 4353 
8597 6238 8452 5067 
8598 5336 8237 7773 
8599 2526 7952 2528 
8600 3275 3494 3493 
8601 8054 8056 8055 
8602 5733 7914 4712 
8603 4691 5201 5143 
8604 4316 5259 5061 
8605 4483 4504 4486 
8606 2980 3095 3094 
8607 5940 7727 5709 
8608 8181 8182 1611 
8609 7740 8044 7937 
8610 1998 8579 2176 
8611 7221 8379 7224 
8612 2930 7798 3187 
8613 165 7961 164 
8614 4135 4302 4134 
8615 5859 7662 5297 
8616 4180 8283 7926 
8617 8138 8140 8132 
8618 5921 6848 5485 
8619 4085 7426 3482 
8620 2396 2397 2395 
8621 5525 8118 5417 
8622 5282 7353 3633 
8623 8253 8472 3951 
8624 5218 7233 4987 
8625 2598 7580 3641 
8626 2341 2342 2340 
8627 4190 4635 4631 
8628 7768 7772 7769 
8629 3076 7795 3251 
8630 5996 7464 5581 
8631 3352 7797 3354 
8632 5024 5752 5751 
8633 5287 5288 4716 
8634 7782 7783 3231 
8635 5998 8897 8874 
8636 3095 3189 3188 
8637 4418 4420 4419 
8638 7951 8290 5312 
8639 3024 8330 3179 
8640 4157 4843 4156 
8641 300 1650 299 
8642 302 1804 301 
8643 305 1643 304 
8644 2248 2249 2247 
8645 5956 6962 5957 
8646 4291 5292 3635 
8647 5166 7894 5165 
8648 3214 8164 2093 
8649 8053 8852 7515 
8650 7396 7902 7398 
8651 4346 4842 4841 
8652 5961 5963 5962 
8653 2047 7915 2049 
8654 3025 8227 3027 
8655 3267 3268 3266 
8656 2493 4352 2873 
8657 4257 7198 3994 
8658 4352 4353 2873 
8659 112 7981 111 
8660 4063 4139 4064 
8661 5386 5388 5387 
8662 7043 7046 4436 
8663 5382 5384 5383 
8664 3700 3701 3699 
8665 6128 6973 4353 
8666 8376 8377 7921 
8667 3446 3477 3325 
8668 4172 7368 3668 
8669 5372 7661 5374 
8670 2154 2183 2156 
8671 5963 5966 5964 
8672 4540 7704 4538 
8673 3644 8421 8147 
8674 7817 7819 7818 
8675 5944 8047 4077 
8676 3086 3466 2855 
8677 8654 8657 5524 
8678 4452 4455 4453 
8679 7753 7755 7754 
8680 3510 7924 3073 
8681 7269 8354 7274 
8682 2447 5956 4409 
8683 1907 1910 1909 
8684 2398 2399 2397 
8685 111 1644 110 
8686 7839 7859 7841 
8687 4569 8174 4590 
8688 6520 6633 6632 
8689 5898 6717 5885 
8690 5304 6608 5306 
8691 109 1806 108 
8692 2179 7414 2132 
8693 5529 7924 3510 
8694 8732 8934 8001 
8695 3211 8792 8751 
8696 8186 8187 8184 
8697 106 1640 105 
8698 1705 8211 8210 
8699 5707 7895 5940 
8700 3751 3757 3756 
8701 2255 2303 2253 
8702 4013 4706 4011 
8703 4278 7572 4276 
8704 3709 4081 3710 
8705 4658 7967 4656 
8706 5711 6847 6013 
8707 5968 8266 5964 
8708 2936 7585 3177 
8709 4149 4151 4150 
8710 4563 4565 4564 
8711 3620 7602 2113 
8712 5137 7748 4933 
8713 4308 4346 4345 
8714 5707 5709 5708 
8715 4712 7914 4244 
8716 4276 4988 4274 
8717 2150 3619 2152 
8718 3631 8320 4915 
8719 7836 7848 7834 
8720 7848 7858 7857 
8721 3446 7951 5312 
8722 7887 7888 7886 
8723 5294 8262 5292 
8724 5325 6654 5153 
8725 4406 7106 3195 
8726 2578 2584 2581 
8727 6608 7583 5306 
8728 2633 2653 2634 
8729 8058 8075 8056 
8730 1694 6530 541 
8731 307 1805 306 
8732 7827 7834 7828 
8733 3256 7231 3230 
8734 5406 8306 5408 
8735 3708 8260 8259 
8736 2304 7923 3308 
8737 7808 8756 7810 
8738 8068 8069 8065 
8739 3284 3545 3285 
8740 7837 7884 7839 
8741 194 1730 193 
8742 167 1731 166 
8743 1928 4737 1930 
8744 4543 4544 4541 
8745 2124 2134 2122 
8746 2464 7722 2466 
8747 4881 9367 8989 
8748 7599 7994 5509 
8749 5196 7909 7908 
8750 7819 7835 7820 
8751 2404 2405 2403 
8752 2766 2768 2767 
8753 3550 7767 4442 
8754 2650 7581 2428 
8755 5384 5386 5385 
8756 5252 5763 5258 
8757 4450 4452 4451 
8758 5494 8154 5413 
8759 8261 9121 5940 
8760 5238 8808 4863 
8761 2146 2173 2148 
8762 8016 8019 8017 
8763 1671 8076 337 
8764 5527 6649 5148 
8765 5962 8266 7922 
8766 1702 8122 91 
8767 2400 2401 2399 
8768 5963 5964 5962 
8769 5945 6620 5946 
8770 5308 6607 5310 
8771 7753 7754 1704 
8772 5246 6954 5244 
8773 2750 2752 2751 
8774 2843 2844 2818 
8775 4303 4304 4302 
8776 3819 8528 8523 
8777 3073 7712 2844 
8778 5701 8037 5955 
8779 104 1807 103 
8780 7812 7816 7814 
8781 7604 8281 2125 
8782 1701 8085 97 
8783 5630 7977 5632 
8784 6268 6269 5080 
8785 5481 7658 5368 
8786 5966 5967 5964 
8787 7843 7864 7862 
8788 4788 5738 5737 
8789 2540 2542 2541 
8790 7952 7957 2528 
8791 5695 8028 5981 
8792 2941 2942 2940 
8793 8071 8072 8069 
8794 5515 7600 7599 
8795 5503 6820 5504 
8796 3583 7738 2341 
8797 3618 5287 4716 
8798 8085 8086 96 
8799 4364 4376 4260 
8800 2998 8625 3194 
8801 9191 9475 7287 
8802 5228 5229 5226 
8803 599 1693 600 
8804 540 1694 541 
8805 4632 7401 7400 
8806 5380 5382 5381 
8807 4452 4453 4451 
8808 1873 1874 1871 
8809 2466 7722 3171 
8810 2051 8115 2069 
8811 2758 8379 2760 
8812 4927 4928 4926 
8813 5192 7973 7972 
8814 7620 7621 4710 
8815 4836 4837 4430 
8816 4377 5148 4376 
8817 4715 7790 7768 
8818 2263 2309 2261 
8819 5961 5962 4455 
8820 7130 8886 8250 
8821 3468 8096 3278 
8822 5194 7969 7968 
8823 3723 8329 8041 
8824 5192 7974 7973 
8825 2408 2409 2407 
8826 3401 3418 3417 
8827 5230 5232 5231 
8828 3269 3270 3268 
8829 1643 7521 304 
8830 7590 7591 7589 
8831 5598 8405 5600 
8832 5673 8473 6941 
8833 3646 8938 7570 
8834 5752 5753 5751 
8835 2402 2403 2401 
8836 3086 7471 3629 
8837 2111 2125 2109 
8838 7813 8308 1813 
8839 5288 6110 6109 
8840 2694 3711 2696 
8841 2653 2668 2654 
8842 3069 8562 7479 
8843 5964 8266 5962 
8844 2343 2344 2342 
8845 4700 5236 5235 
8846 2536 2538 2537 
8847 2330 8141 2327 
8848 4280 4686 4278 
8849 4438 4439 3545 
8850 3492 4059 3542 
8851 4846 5685 5684 
8852 3633 3634 3632 
8853 2115 3620 2113 
8854 5269 5952 4437 
8855 4421 5007 4424 
8856 3626 7784 7781 
8857 4122 4883 4121 
8858 2087 2089 2086 
8859 5876 8348 5284 
8860 3420 3709 3433 
8861 5370 5394 5372 
8862 3265 3508 3507 
8863 2795 3264 2793 
8864 2803 2805 2801 
8865 5346 5532 5345 
8866 310 1639 309 
8867 4282 7708 4280 
8868 7817 7843 7819 
8869 312 1808 311 
8870 2995 7730 2867 
8871 1812 7986 7985 
8872 315 1632 314 
8873 2972 7196 2830 
8874 3618 4716 4603 
8875 4925 4927 4926 
8876 4155 4156 4154 
8877 4284 4959 4282 
8878 4504 4505 4486 
8879 4453 7922 4456 
8880 2254 3593 2256 
8881 3436 7777 3429 
8882 6633 6635 6634 
8883 2272 9155 9146 
8884 5455 8641 8481 
8885 5240 7017 3958 
8886 7859 7883 7841 
8887 2799 4319 2797 
8888 2768 2770 2769 
8889 4715 7768 4458 
8890 7843 8295 7865 
8891 5881 6288 5880 
8892 4113 7723 4115 
8893 4139 4141 4140 
8894 7824 7827 7826 
8895 2090 2093 2089 
8896 3443 7644 3817 
8897 7603 7604 2125 
8898 6528 6744 6529 
8899 8182 8184 8183 
8900 4164 4890 4165 
8901 7831 7885 7837 
8902 4686 7572 4278 
8903 3409 8149 3377 
8904 2856 3087 3086 
8905 7817 8295 7843 
8906 2538 2540 2539 
8907 2486 8269 2489 
8908 7816 8295 7814 
8909 5149 5150 4831 
8910 4702 7341 5680 
8911 7026 8936 3481 
8912 3972 4270 4175 
8913 3102 7745 3615 
8914 5715 6103 5013 
8915 8119 8286 5625 
8916 2867 7730 2865 
8917 4699 5013 4236 
8918 3278 3279 3270 
8919 5621 8270 5626 
8920 4115 4906 4170 
8921 4449 5104 5087 
8922 2562 2565 2564 
8923 4832 5149 4831 
8924 3508 4164 3575 
8925 2158 3618 2161 
8926 8142 8143 3716 
8927 101 1637 100 
8928 3939 3940 3570 
8929 2772 2773 2771 
8930 5046 5218 4987 
8931 2470 8018 8016 
8932 8089 8090 8088 
8933 4479 5995 4481 
8934 3429 7777 3427 
8935 4701 5092 5091 
8936 2094 2095 2093 
8937 4948 7395 4946 
8938 4081 4309 3710 
8939 5196 7966 7910 
8940 3284 4438 3545 
8941 2752 2754 2753 
8942 7284 7285 7283 
8943 1903 1906 1905 
8944 2468 8018 2470 
8945 5366 5481 5368 
8946 3737 5348 3739 
8947 2061 2063 2062 
8948 7201 7202 5894 
8949 5287 5894 5288 
8950 2329 2330 2327 
8951 3723 8041 4234 
8952 2006 8584 2117 
8953 8123 8124 8122 
8954 4450 4451 2570 
8955 2760 2762 2761 
8956 3631 3632 3630 
8957 5705 5707 5706 
8958 5172 6536 5245 
8959 5485 8032 4976 
8960 2355 2356 2351 
8961 5259 5862 5861 
8962 4464 8096 3468 
8963 2096 2098 2095 
8964 4381 4382 4304 
8965 5840 6528 5841 
8966 7863 7866 7835 
8967 2367 2368 2344 
8968 4539 4540 4538 
8969 6985 6986 5661 
8970 3877 8225 2184 
8971 6974 9734 6976 
8972 4915 8320 5286 
8973 4538 5220 4536 
8974 7915 8115 2049 
8975 1809 7752 331 
8976 2871 7726 2869 
8977 7830 7887 7886 
8978 5007 5657 5210 
8979 4946 7395 5199 
8980 4699 5715 5013 
8981 8126 8129 8128 
8982 3863 8169 4325 
8983 5509 6772 5510 
8984 6237 6238 5067 
8985 5005 5840 5076 
8986 9074 9114 6982 
8987 332 7759 1809 
8988 4904 5923 4905 
8989 318 1700 317 
8990 5685 6631 5684 
8991 2099 2100 2098 
8992 2063 2065 2064 
8993 7828 7887 7830 
8994 3982 4048 4047 
8995 2650 8333 7581 
8996 4530 7719 5469 
8997 2101 8159 2116 
8998 8182 8186 8184 
8999 5794 6904 5796 
9000 4917 7057 7056 
9001 5296 7899 5295 
9002 4772 4775 4774 
9003 7345 7486 3498 
9004 89 8139 1624 
9005 4456 4715 4458 
9006 8129 8133 8131 
9007 4460 8789 7115 
9008 4644 5198 4641 
9009 2101 2116 2100 
9010 4147 4149 4148 
9011 6126 6127 5075 
9012 3947 4236 3846 
9013 7479 7992 5329 
9014 5151 6594 5149 
9015 5324 6209 5323 
9016 4959 7708 4282 
9017 7923 8825 3308 
9018 3106 8668 8169 
9019 2068 7991 2065 
9020 7812 7813 1813 
9021 5862 6770 6270 
9022 2791 8349 2735 
9023 4886 4888 4887 
9024 7609 8281 7604 
9025 7341 7342 5680 
9026 7861 8308 7813 
9027 3678 3679 3677 
9028 3147 3284 3242 
9029 8346 9080 7638 
9030 6259 7988 6261 
9031 6013 6014 5712 
9032 4749 4750 4695 
9033 3680 3681 3679 
9034 3979 3980 3647 
9035 3947 4699 4236 
9036 3669 3671 3668 
9037 8160 8162 8161 
9038 2410 2411 2409 
9039 4534 5484 4532 
9040 4530 5469 4528 
9041 2534 2536 2535 
9042 4978 5486 4616 
9043 98 1701 97 
9044 3550 4442 4313 
9045 7253 7255 7254 
9046 3692 3693 3691 
9047 3694 3695 3693 
9048 2242 2243 2241 
9049 7801 7804 7802 
9050 7638 9132 3264 
9051 6953 8027 5923 
9052 7762 7763 7761 
9053 5566 7639 4629 
9054 4143 4145 4144 
9055 2462 3625 2464 
9056 3684 3685 3683 
9057 4955 8242 4682 
9058 2482 8277 2485 
9059 1707 8173 172 
9060 130 7302 129 
9061 2624 4318 2622 
9062 5012 5261 4434 
9063 2719 5241 2721 
9064 5378 5380 5379 
9065 7360 7361 4990 
9066 4616 8005 4124 
9067 2085 2086 2080 
9068 5319 8272 7506 
9069 3359 3404 3360 
9070 3622 7726 2871 
9071 2651 2856 2855 
9072 3197 3199 3198 
9073 4145 4147 4146 
9074 3682 3683 3681 
9075 2672 2674 2673 
9076 2501 4450 2570 
9077 3686 3687 3685 
9078 3244 8800 3300 
9079 5790 6943 5792 
9080 3688 3689 3687 
9081 4646 7906 4644 
9082 5643 5644 5256 
9083 3620 8084 7602 
9084 3189 3253 3252 
9085 3103 3192 3102 
9086 3193 3420 3192 
9087 191 1722 190 
9088 170 1723 169 
9089 3690 3691 3689 
9090 2754 2756 2755 
9091 4925 4926 4924 
9092 5943 5944 4077 
9093 7947 7948 3623 
9094 2460 7890 2462 
9095 4082 8351 8046 
9096 4141 4143 4142 
9097 2129 5512 2127 
9098 4439 4449 4448 
9099 8169 8171 8170 
9100 3672 3673 3671 
9101 5759 6303 6264 
9102 2428 2429 2368 
9103 7809 8755 2993 
9104 3101 3102 3100 
9105 2059 2061 2060 
9106 596 1680 597 
9107 543 1679 544 
9108 4111 4912 4113 
9109 3466 8333 2855 
9110 2099 2101 2100 
9111 3667 3668 3666 
9112 8376 8491 2043 
9113 4447 5289 4957 
9114 2565 2568 2566 
9115 7888 7889 7886 
9116 5376 5378 5377 
9117 321 1627 320 
9118 2869 2995 2867 
9119 3090 3180 3089 
9120 3102 3615 3100 
9121 1932 3488 1934 
9122 1618 7762 7761 
9123 8098 8437 4101 
9124 2466 3171 2468 
9125 5396 5912 5743 
9126 2598 3641 2601 
9127 4946 5199 4944 
9128 5635 8257 5638 
9129 7084 8436 7087 
9130 5984 6582 5985 
9131 2078 7931 2076 
9132 2756 2758 2757 
9133 2444 2447 2446 
9134 3420 3433 3192 
9135 4905 8109 3565 
9136 2674 2679 2675 
9137 2567 2574 2573 
9138 5824 5863 4743 
9139 4675 7975 4673 
9140 2571 2577 2572 
9141 7502 7503 4473 
9142 2568 2571 2569 
9143 96 8086 95 
9144 2758 2760 2759 
9145 6517 6520 6519 
9146 3636 4291 3635 
9147 7877 7882 7874 
9148 2156 8241 2158 
9149 2096 2099 2098 
9150 5323 7927 4175 
9151 3141 8175 3520 
9152 4440 5165 4379 
9153 3367 3368 3366 
9154 2534 2557 2536 
9155 6727 6837 5331 
9156 5638 8257 6664 
9157 7471 8320 3629 
9158 4923 4925 4924 
9159 5319 5320 4210 
9160 3981 3987 3535 
9161 5965 7934 5963 
9162 3629 3630 3466 
9163 5282 8348 7353 
9164 4444 4447 4446 
9165 5960 5961 4455 
9166 7596 7597 4713 
9167 3798 8258 3800 
9168 598 6458 599 
9169 3709 3710 3433 
9170 4654 5196 4648 
9171 5879 5881 5880 
9172 1821 8207 8181 
9173 4648 7908 4646 
9174 5344 8258 3798 
9175 3609 7125 3305 
9176 5319 5321 5320 
9177 7872 7879 7870 
9178 4623 8588 6079 
9179 4802 7229 5099 
9180 4442 4788 4787 
9181 5786 6988 5788 
9182 4440 5166 5165 
9183 2830 7196 2853 
9184 4427 4867 4429 
9185 5105 5745 5104 
9186 3521 8272 5319 
9187 3199 8243 3198 
9188 95 1628 94 
9189 1671 8289 8078 
9190 8230 8231 8043 
9191 2939 2940 2938 
9192 4928 8230 8043 
9193 2865 4964 2863 
9194 3364 3367 3366 
9195 2057 2059 2058 
9196 4447 4957 4446 
9197 2094 2096 2095 
9198 5374 5376 5375 
9199 5657 6899 6898 
9200 5486 8005 4616 
9201 2051 2053 2052 
9202 2053 2055 2054 
9203 4292 7329 5082 
9204 3375 7796 3373 
9205 4906 5921 5485 
9206 4453 4456 4454 
9207 5188 5830 5829 
9208 6855 6857 6856 
9209 92 1702 91 
9210 3403 3449 3448 
9211 4656 7967 7966 
9212 3638 8150 3636 
9213 2047 2049 2048 
9214 7814 7815 7813 
9215 7255 7258 7257 
9216 3494 3984 3983 
9217 4309 7571 4846 
9218 5638 5639 5637 
9219 2055 2057 2056 
9220 3372 3440 3371 
9221 5140 7939 4927 
9222 3040 8049 3038 
9223 6531 6960 6156 
9224 2240 2241 2239 
9225 8078 8079 8077 
9226 5759 6264 5757 
9227 5099 5100 5098 
9228 89 1624 88 
9229 3034 8215 3715 
9230 4107 4546 4109 
9231 4211 7938 4104 
9232 7953 7954 7952 
9233 2049 2051 2050 
9234 2936 3177 2934 
9235 2932 7800 7798 
9236 5368 5370 5369 
9237 5638 6663 5639 
9238 2045 2047 2046 
9239 2454 2457 2456 
9240 4686 7574 7573 
9241 2142 7995 2144 
9242 3359 3360 3358 
9243 324 1703 323 
9244 5707 5940 5709 
9245 3457 7789 3456 
9246 4934 8212 7801 
9247 4087 4088 3980 
9248 2888 7781 2886 
9249 1916 1918 1917 
9250 7926 8283 6583 
9251 7755 7756 7754 
9252 2090 2094 2093 
9253 348 8217 1820 
9254 2894 8031 2892 
9255 7072 8348 5876 
9256 2878 3622 2871 
9257 186 7811 1813 
9258 3181 3243 3180 
9259 3501 4101 3500 
9260 5327 6655 5328 
9261 5830 6252 6251 
9262 7827 7828 7826 
9263 5374 8053 5376 
9264 8216 8878 5479 
9265 3623 8249 2522 
9266 5976 6660 5166 
9267 7836 7849 7848 
9268 2559 8249 7955 
9269 6040 8602 4619 
9270 5370 5372 5371 
9271 8076 8083 1810 
9272 2080 7930 2078 
9273 3614 7746 2532 
9274 2235 2383 2233 
9275 2584 2590 2585 
9276 1705 8210 79 
9277 5232 5234 5233 
9278 4537 4538 4536 
9279 3390 7797 3352 
9280 5274 6292 6291 
9281 2676 4561 3213 
9282 5705 7895 5707 
9283 2504 8142 3716 
9284 4988 7579 4274 
9285 3506 4137 3444 
9286 3626 7781 2888 
9287 5664 6108 5665 
9288 5155 6204 6203 
9289 6212 7216 5187 
9290 7848 7857 7834 
9291 4830 8150 3638 
9292 5196 7908 4648 
9293 7398 8417 7397 
9294 4565 4567 4566 
9295 4374 5984 5983 
9296 3096 7795 3076 
9297 2297 8038 2199 
9298 2937 2938 2936 
9299 1818 8289 339 
9300 4516 8271 3717 
9301 2320 2321 2318 
9302 3722 5529 3510 
9303 2932 7798 2930 
9304 6542 6543 5127 
9305 3706 3942 3941 
9306 7827 7836 7834 
9307 1938 3148 1940 
9308 2530 3614 2532 
9309 5165 7894 5870 
9310 3626 8030 7786 
9311 3356 3359 3358 
9312 3449 7767 3550 
9313 5645 5742 5261 
9314 7837 7885 7884 
9315 2587 6739 2580 
9316 3369 3371 3368 
9317 3713 4339 4338 
9318 3350 3390 3352 
9319 7760 7792 1809 
9320 2394 2395 2372 
9321 3521 4210 3409 
9322 2485 8269 2486 
9323 2679 2690 2680 
9324 2518 7946 2520 
9325 6741 8539 5191 
9326 2318 7500 2316 
9327 4486 8368 4484 
9328 319 8054 318 
9329 5186 5188 5187 
9330 3648 8051 2203 
9331 5782 7131 5784 
9332 4976 8032 5267 
9333 4897 4898 3599 
9334 2087 2090 2089 
9335 2590 2593 2591 
9336 4956 5180 4955 
9337 5711 5712 5710 
9338 4390 5155 5083 
9339 3708 8259 3289 
9340 4080 8225 3877 
9341 2558 8167 7950 
9342 86 1706 85 
9343 3367 3369 3368 
9344 5957 5958 4409 
9345 2930 3187 2928 
9346 2144 7747 2146 
9347 3521 5319 4210 
9348 4343 4434 3944 
9349 4906 4976 4170 
9350 2223 2384 2221 
9351 4098 4440 4379 
9352 2886 3231 2884 
9353 2043 2045 2044 
9354 4176 4179 4178 
9355 5646 6065 5189 
9356 8480 8641 3656 
9357 2286 2290 2284 
9358 3270 8052 3268 
9359 3076 3251 3063 
9360 2723 2732 2726 
9361 4663 5194 4658 
9362 2178 2179 2132 
9363 6300 6517 6516 
9364 6289 6290 5273 
9365 4535 4536 4534 
9366 327 1621 326 
9367 349 8217 348 
9368 200 7427 199 
9369 161 7429 160 
9370 125 7415 124 
9371 286 7424 285 
9372 8071 8073 8072 
9373 202 7432 201 
9374 159 7433 158 
9375 4912 7723 4113 
9376 5703 5705 5704 
9377 4738 7154 4128 
9378 3875 8700 5741 
9379 5635 5638 5637 
9380 5297 5304 5303 
9381 2241 2323 2239 
9382 4103 8564 3570 
9383 5675 6069 5180 
9384 4504 5953 4506 
9385 7817 7818 7815 
9386 2335 8108 2207 
9387 4892 5509 4911 
9388 5469 7809 7808 
9389 5095 5096 4837 
9390 2310 2333 2309 
9391 7999 8000 4613 
9392 4244 4464 3468 
9393 330 1704 329 
9394 3974 8410 4256 
9395 4549 8176 5360 
9396 4083 8355 3887 
9397 2430 8771 7309 
9398 8024 9221 8026 
9399 2481 8277 2482 
9400 121 7434 120 
9401 1913 1916 1915 
9402 3377 4237 3375 
9403 7396 7397 7395 
9404 332 1809 331 
9405 1620 8160 82 
9406 7311 7312 5867 
9407 5467 7026 5462 
9408 4048 4049 4047 
9409 5366 5368 5367 
9410 3369 3372 3371 
9411 3144 8218 3143 
9412 2378 7776 2640 
9413 2898 7928 2896 
9414 296 7474 295 
9415 6950 7037 6951 
9416 7753 7758 7755 
9417 4444 4446 3404 
9418 2425 2426 2422 
9419 2367 2459 2428 
9420 4270 5324 5323 
9421 3640 7928 2898 
9422 6853 6855 6854 
9423 4770 7897 4772 
9424 3372 3441 3440 
9425 6572 6644 6573 
9426 334 1618 333 
9427 2532 2534 2533 
9428 4916 5256 4191 
9429 3431 3436 3429 
9430 2247 7586 2244 
9431 5312 5313 3477 
9432 3170 5331 2700 
9433 3147 8453 3284 
9434 1918 1920 1919 
9435 2470 8016 2472 
9436 2459 2651 2650 
9437 2199 8038 2197 
9438 8027 9382 4905 
9439 7384 7389 7386 
9440 2493 2873 2494 
9441 6209 7331 5323 
9442 2689 2984 2965 
9443 5623 8119 5625 
9444 8216 8424 3715 
9445 2558 7949 7946 
9446 8079 8081 8077 
9447 3099 3100 3097 
9448 5092 6718 6227 
9449 4383 4384 4382 
9450 3423 3498 3421 
9451 5953 6950 5954 
9452 7827 8318 7836 
9453 3030 8227 4479 
9454 2630 7366 2628 
9455 2369 2370 2337 
9456 5003 5005 5004 
9457 5345 8514 8225 
9458 2902 7943 2900 
9459 4964 7734 2863 
9460 2490 7739 2493 
9461 3781 8354 3779 
9462 198 7475 197 
9463 163 7476 162 
9464 5345 8225 4080 
9465 7808 7810 4526 
9466 2248 2250 2249 
9467 2512 2515 2514 
9468 5778 7725 5780 
9469 7819 7820 7818 
9470 4362 4827 4361 
9471 4776 4779 4778 
9472 4077 8047 3497 
9473 83 1620 82 
9474 2628 2637 2626 
9475 2890 3626 2888 
9476 3427 3627 3425 
9477 1811 7962 177 
9478 5973 7536 5042 
9479 1673 7964 179 
9480 4953 8333 3466 
9481 5372 5374 5373 
9482 204 7481 203 
9483 157 7480 156 
9484 2246 2247 2244 
9485 7748 8532 4935 
9486 8078 8289 8082 
9487 4873 4874 4216 
9488 5585 8180 7367 
9489 5699 8037 5701 
9490 4176 4178 4177 
9491 5304 5306 5305 
9492 2203 8051 2201 
9493 5881 6938 6288 
9494 4921 4923 4922 
9495 5290 5658 5289 
9496 4635 5539 4631 
9497 180 7984 1673 
9498 6065 6789 5189 
9499 5626 8270 8121 
9500 3244 3248 3243 
9501 2450 2453 2452 
9502 4456 4458 4457 
9503 5993 5994 5958 
9504 4923 4924 4922 
9505 5709 5710 5708 
9506 3281 7943 2902 
9507 7875 7876 7874 
9508 7658 8815 7659 
9509 6298 6300 6299 
9510 2085 2087 2086 
9511 5324 6210 6209 
9512 4438 5042 4439 
9513 5695 5981 5697 
9514 6161 6162 6160 
9515 2076 2859 2073 
9516 3326 3496 3447 
9517 4027 7624 7619 
9518 7778 7779 5481 
9519 7579 9259 4203 
9520 4671 5192 4667 
9521 4547 8497 8176 
9522 5701 5955 5703 
9523 2282 4462 2280 
9524 4942 5206 4940 
9525 2238 2239 2237 
9526 2906 7942 2904 
9527 6441 6442 5128 
9528 5761 5941 4745 
9529 6196 6322 6195 
9530 4684 4955 4682 
9531 4458 4720 4459 
9532 6622 8101 5946 
9533 4449 5105 5104 
9534 5757 8007 5079 
9535 5584 6048 5583 
9536 5415 8154 5525 
9537 5460 5998 5447 
9538 3529 3635 3435 
9539 2460 7893 7890 
9540 4533 4534 4532 
9541 301 7510 300 
9542 2486 2489 2488 
9543 2334 2360 2333 
9544 188 1695 187 
9545 5633 7977 5630 
9546 7836 8318 7850 
9547 3635 7490 3435 
9548 4874 5327 5326 
9549 2805 7562 2801 
9550 4326 5345 4080 
9551 3639 7942 2906 
9552 3117 8244 3115 
9553 3865 8251 3867 
9554 306 7518 305 
9555 5392 7247 7246 
9556 5306 5308 5307 
9557 7769 7771 7770 
9558 196 7958 195 
9559 7603 7605 7604 
9560 597 6715 598 
9561 4719 5668 5139 
9562 2207 8108 2205 
9563 5196 7910 7909 
9564 2910 7929 2908 
9565 3399 3401 3400 
9566 2266 2278 2277 
9567 328 8153 327 
9568 2597 7580 2598 
9569 4656 7966 4654 
9570 3462 3500 3441 
9571 8215 8216 3715 
9572 2502 8142 2504 
9573 5693 8028 5695 
9574 8323 8324 7856 
9575 4947 5883 4949 
9576 2935 2936 2934 
9577 5574 5733 4712 
9578 110 7526 109 
9579 4319 7637 2797 
9580 2524 8249 2559 
9581 5104 8179 5087 
9582 2504 3716 2506 
9583 5171 7529 5172 
9584 5582 5583 5581 
9585 4846 7571 5685 
9586 4055 4728 4727 
9587 4603 8045 5396 
9588 7732 8962 8288 
9589 3291 3708 3289 
9590 4101 7657 7173 
9591 4036 4037 4035 
9592 4038 4039 4037 
9593 4040 4355 4039 
9594 7930 7931 2078 
9595 3308 7369 2298 
9596 6740 6741 5191 
9597 4678 5189 4675 
9598 2741 2744 2743 
9599 2559 7953 7952 
9600 5951 6089 6088 
9601 2472 2663 2474 
9602 2574 2583 2582 
9603 2547 3713 2579 
9604 5447 8034 5445 
9605 2646 2647 2434 
9606 3698 3699 3696 
9607 5413 8154 5415 
9608 8182 8183 1611 
9609 5580 5581 5579 
9610 7548 7550 7546 
9611 173 1707 172 
9612 105 7539 104 
9613 7895 8261 5940 
9614 4049 5336 5062 
9615 1628 8610 94 
9616 5886 6609 5899 
9617 2109 8281 2107 
9618 2896 3280 2894 
9619 3182 8218 3144 
9620 3077 3096 3076 
9621 2941 2943 2942 
9622 5032 5034 4355 
9623 5055 5056 5054 
9624 5165 5870 5335 
9625 7587 7589 7588 
9626 2478 2481 2480 
9627 4654 7966 5196 
9628 4443 4444 3404 
9629 7873 7874 7871 
9630 4449 5087 4448 
9631 1679 6463 6462 
9632 2375 8657 8654 
9633 2482 2485 2484 
9634 4958 5330 3852 
9635 6248 6296 6295 
9636 3344 3391 3346 
9637 2530 2532 2531 
9638 5320 5542 5322 
9639 3562 4829 3572 
9640 3495 7656 4951 
9641 6099 6712 5168 
9642 3201 3202 3200 
9643 2559 7952 2526 
9644 1671 8078 8077 
9645 2918 7807 2916 
9646 2229 2325 2227 
9647 3501 8098 4101 
9648 4921 4922 4919 
9649 2920 3283 2918 
9650 2916 3628 2914 
9651 5707 5708 5706 
9652 3966 5251 3592 
9653 7552 7553 7551 
9654 2583 2589 2588 
9655 5633 7978 7977 
9656 3838 4082 3839 
9657 3214 8165 8164 
9658 5628 8286 5633 
9659 2914 7913 2912 
9660 2447 2448 2446 
9661 7999 8001 8000 
9662 4466 8006 3805 
9663 2520 3623 2522 
9664 3064 3076 3063 
9665 3496 4077 3497 
9666 5716 6116 5715 
9667 3373 3515 3295 
9668 4528 7808 4526 
9669 2361 2377 2360 
9670 5870 6734 6661 
9671 4215 4216 3564 
9672 4531 4532 4530 
9673 6851 6853 6852 
9674 2528 2530 2529 
9675 5308 5310 5309 
9676 3090 7528 7326 
9677 5359 8506 8498 
9678 4098 4379 4099 
9679 3130 8844 3186 
9680 3644 4098 3645 
9681 2900 3640 2898 
9682 4652 5277 3602 
9683 352 1821 351 
9684 8284 8285 1614 
9685 113 7980 112 
9686 2073 7990 2068 
9687 5417 8118 5419 
9688 1679 6462 544 
9689 4520 8271 4516 
9690 4707 7649 4017 
9691 7554 7555 7553 
9692 5419 8118 5535 
9693 2508 2511 2510 
9694 4500 7998 4498 
9695 7331 7927 5323 
9696 8160 8161 81 
9697 4449 8319 5105 
9698 3813 4958 3852 
9699 6168 6169 6167 
9700 2186 2266 2265 
9701 2607 2616 2615 
9702 6916 7053 6914 
9703 2089 4441 2086 
9704 5669 5670 5668 
9705 2378 2640 2377 
9706 4978 5526 5486 
9707 2809 2817 2810 
9708 4368 4830 3638 
9709 4891 5517 5516 
9710 8142 8146 8143 
9711 7911 7912 4546 
9712 2908 3639 2906 
9713 4034 4035 4033 
9714 3282 7929 2910 
9715 3081 3227 3226 
9716 2236 2237 2235 
9717 3229 3254 3230 
9718 2933 2934 2932 
9719 5505 7069 4980 
9720 6296 6298 6297 
9721 5671 6572 5670 
9722 5363 7778 5366 
9723 3404 8304 3360 
9724 66 1814 65 
9725 186 1813 185 
9726 3464 3540 3539 
9727 2803 2809 2805 
9728 4174 5736 5651 
9729 3250 3443 3249 
9730 5421 8009 5423 
9731 2107 3624 2105 
9732 5689 7195 5691 
9733 4081 4832 4831 
9734 5632 5635 5634 
9735 7685 7690 7687 
9736 2614 2657 2656 
9737 7918 8115 7915 
9738 3676 3677 3674 
9739 6246 6248 6247 
9740 7955 7956 7953 
9741 7932 7933 2926 
9742 5984 5985 5983 
9743 5336 6225 5062 
9744 6069 6769 5180 
9745 3624 8298 2105 
9746 3284 3285 3242 
9747 4673 7975 7974 
9748 1949 1950 1948 
9749 2339 3583 2341 
9750 4958 5969 5330 
9751 3462 3501 3500 
9752 5310 7566 5311 
9753 2904 3281 2902 
9754 5635 5637 5636 
9755 192 8025 191 
9756 2250 2270 2252 
9757 3373 7796 3515 
9758 3836 3838 3837 
9759 4179 4180 4178 
9760 2593 2597 2594 
9761 4978 8224 5526 
9762 1949 1951 1950 
9763 4129 4131 4130 
9764 6968 7233 5218 
9765 5020 5688 5687 
9766 8434 8537 3959 
9767 3714 8218 3182 
9768 5628 5633 5630 
9769 2931 2932 2930 
9770 5610 8302 8301 
9771 169 8099 168 
9772 5111 6701 6285 
9773 3203 3204 3202 
9774 4968 8002 7998 
9775 336 8076 1810 
9776 6154 6246 6245 
9777 4259 5263 4363 
9778 5701 5703 5702 
9779 193 8022 192 
9780 3377 8149 4237 
9781 5360 5362 5361 
9782 6152 6154 6153 
9783 2912 3282 2910 
9784 3440 3644 3442 
9785 2089 8164 4441 
9786 2526 2528 2527 
9787 6166 6167 6165 
9788 3995 4055 4054 
9789 1897 1900 1899 
9790 6572 6573 5670 
9791 4529 4530 4528 
9792 4090 4719 4718 
9793 6056 6150 6149 
9794 4514 8480 3658 
9795 2065 2066 2064 
9796 4127 4129 4128 
9797 3628 7913 2914 
9798 3473 3474 3304 
9799 4545 4987 4986 
9800 7852 8323 7856 
9801 8146 8655 8143 
9802 5105 5826 5745 
9803 4032 4033 4031 
9804 3255 3610 3257 
9805 4087 8214 4769 
9806 2929 2930 2928 
9807 5405 8291 5407 
9808 3564 8098 3501 
9809 3364 3366 3365 
9810 3360 3362 3361 
9811 3194 3381 3195 
9812 2515 8167 2516 
9813 3362 3364 3363 
9814 7407 7408 7369 
9815 3231 7787 2884 
9816 4193 8373 2831 
9817 7200 7201 5894 
9818 2515 2516 2514 
9819 4943 5135 4945 
9820 2152 7511 2154 
9821 2845 2846 2647 
9822 4014 4015 4013 
9823 2657 2829 2658 
9824 2558 7950 7949 
9825 4769 4770 4088 
9826 4179 4181 4180 
9827 3356 3358 3357 
9828 8041 8042 5688 
9829 4403 5222 5221 
9830 4539 4541 4540 
9831 4030 4031 4029 
9832 176 1684 175 
9833 5630 5632 5631 
9834 2323 7737 2239 
9835 6150 6152 6151 
9836 4957 7130 7129 
9837 4358 4895 3968 
9838 178 1811 177 
9839 5288 6109 4716 
9840 5125 5851 5112 
9841 180 1673 179 
9842 2928 7932 2926 
9843 2103 8159 2101 
9844 5423 5769 5768 
9845 5578 5579 5577 
9846 2501 2570 2502 
9847 2829 2972 2830 
9848 3354 3356 3355 
9849 8096 8226 3279 
9850 3044 8280 3067 
9851 8259 8260 5714 
9852 108 8015 107 
9853 4061 8332 3982 
9854 4026 4027 4025 
9855 3654 8378 4190 
9856 3808 8006 3811 
9857 2947 2948 2662 
9858 4339 4996 4995 
9859 3660 4514 3658 
9860 5423 8009 5769 
9861 4937 5136 4939 
9862 5105 8319 5827 
9863 4475 5031 4477 
9864 7939 8499 4929 
9865 3833 8280 3050 
9866 8523 8528 8042 
9867 3352 3354 3353 
9868 3553 3554 3525 
9869 7607 7608 7605 
9870 6031 6033 6029 
9871 309 8036 308 
9872 1951 1952 1950 
9873 5363 5366 5365 
9874 3626 7786 7784 
9875 4028 4029 4027 
9876 5977 8021 3720 
9877 1900 1902 1901 
9878 3834 3836 3835 
9879 2892 8031 8030 
9880 8184 8185 8183 
9881 2516 2558 2518 
9882 2878 4723 3622 
9883 3839 8046 4090 
9884 4153 4154 4152 
9885 3169 3267 3266 
9886 4018 4019 4017 
9887 6655 6656 5328 
9888 2524 2559 2526 
9889 3350 3352 3351 
9890 182 1812 181 
9891 4702 5680 4721 
9892 3569 5291 3502 
9893 4012 4013 4011 
9894 3276 3714 3182 
9895 4956 5675 5180 
9896 3368 8238 7993 
9897 3121 8265 3119 
9898 5699 5701 5700 
9899 7762 7764 7763 
9900 3143 8175 3141 
9901 4488 8279 4485 
9902 2558 7946 2518 
9903 4020 4021 4019 
9904 4016 4017 4015 
9905 2453 2454 2452 
9906 3459 3531 3530 
9907 5087 8179 5979 
9908 7706 8807 7707 
9909 5633 8286 7979 
9910 3062 3063 3061 
9911 2490 2493 2492 
9912 350 8181 1611 
9913 5136 7717 7716 
9914 336 1810 335 
9915 3619 7511 2152 
9916 5688 5689 5687 
9917 2669 2672 2671 
9918 5998 8034 5447 
9919 5697 5699 5698 
9920 2457 2458 2456 
9921 2682 5265 2990 
9922 4082 8046 3839 
9923 5594 8302 5597 
9924 3297 3304 3206 
9925 3847 3947 3846 
9926 3536 4061 3982 
9927 4024 4025 4023 
9928 3853 7911 4107 
9929 4738 8035 7154 
9930 4613 8003 4496 
9931 3618 4603 2161 
9932 81 8161 80 
9933 184 1681 183 
9934 2197 3712 2195 
9935 3205 3206 3204 
9936 6054 6056 6055 
9937 4684 4956 4955 
9938 3255 7742 3610 
9939 7282 7283 7281 
9940 3406 8632 3492 
9941 1942 4463 1944 
9942 5943 5945 5944 
9943 5135 8112 8111 
9944 4309 4846 4310 
9945 2685 2686 2639 
9946 2260 2268 2262 
9947 2234 2235 2233 
9948 2063 2064 2062 
9949 5744 7098 5004 
9950 3832 3834 3833 
9951 2144 7995 7747 
9952 4050 8237 4049 
9953 7409 7410 7408 
9954 5794 5796 5795 
9955 5792 5794 5793 
9956 4823 4824 4797 
9957 4385 4386 4384 
9958 4938 5202 4936 
9959 4215 4873 4216 
9960 2201 2297 2199 
9961 3283 7807 2918 
9962 5911 6686 4898 
9963 4439 4448 3545 
9964 5796 5799 5797 
9965 4597 4919 4918 
9966 5230 5231 5229 
9967 7598 8172 7597 
9968 4022 4023 4021 
9969 5357 8280 3833 
9970 7440 7443 7441 
9971 5790 5792 5791 
9972 5009 6101 5010 
9973 7851 8323 7852 
9974 3381 3489 3382 
9975 5268 7049 5270 
9976 8005 8516 3806 
9977 2498 7740 2501 
9978 3153 3249 3152 
9979 7678 7683 7680 
9980 5336 6226 6225 
9981 4663 7970 5194 
9982 4234 8041 5020 
9983 4832 5151 5149 
9984 5144 6666 5145 
9985 5263 6148 5264 
9986 4894 4901 4423 
9987 3832 3833 3050 
9988 5041 6034 4612 
9989 5788 5790 5789 
9990 2817 2843 2818 
9991 2213 3932 2211 
9992 3838 3839 3837 
9993 3455 3457 3456 
9994 8701 8828 7344 
9995 5975 5976 5166 
9996 7586 8097 7587 
9997 7822 8318 7824 
9998 3410 3521 3409 
9999 2217 2324 2215 
10000 7587 8097 7590 
10001 182 7987 1812 
10002 3044 3067 3042 
10003 4502 4968 4500 
10004 2524 2526 2525 
10005 4527 4528 4526 
10006 7841 7851 7842 
10007 91 8122 90 
10008 4874 5326 4216 
10009 7990 7991 2068 
10010 2103 8298 8159 
10011 6093 6134 5089 
10012 8078 8080 8079 
10013 5695 5697 5696 
10014 1951 1953 1952 
10015 2522 2524 2523 
10016 5327 5328 5326 
10017 4300 4857 4848 
10018 4931 5137 4933 
10019 3348 3350 3349 
10020 4543 4545 4544 
10021 2639 8145 5257 
10022 5786 5788 5787 
10023 2742 8533 2740 
10024 593 1646 594 
10025 546 1645 547 
10026 1938 1940 1939 
10027 8275 8916 7635 
10028 5705 8375 7895 
10029 4719 5139 4718 
10030 3191 8673 8548 
10031 5137 7749 7748 
10032 3227 3229 3228 
10033 7402 9108 9087 
10034 2180 2186 2185 
10035 2890 8030 3626 
10036 4671 7974 5192 
10037 2205 3648 2203 
10038 4816 5171 4817 
10039 5610 8301 8300 
10040 2297 9558 8038 
10041 2927 2928 2926 
10042 7057 8168 7161 
10043 3704 3706 3705 
10044 3036 8215 3034 
10045 5278 5279 5277 
10046 2232 2233 2231 
10047 2638 2639 2426 
10048 1940 1942 1941 
10049 2878 8236 4723 
10050 2628 7366 2637 
10051 3556 3557 3474 
10052 2633 2634 2458 
10053 7419 7422 7421 
10054 2230 2231 2229 
10055 3306 3464 3463 
10056 1920 1922 1921 
10057 8115 8116 2069 
10058 4673 7974 4671 
10059 8159 8177 2116 
10060 3813 3852 3814 
10061 2498 2501 2500 
10062 5517 5933 5518 
10063 3448 8243 3199 
10064 3665 3666 3663 
10065 7694 7696 7695 
10066 3836 3837 3835 
10067 5883 6614 5884 
10068 5151 6595 6594 
10069 4048 4050 4049 
10070 319 8057 8054 
10071 5784 5786 5785 
10072 4181 4183 4182 
10073 4049 5062 4047 
10074 5705 5706 5704 
10075 7587 7588 2243 
10076 3378 3409 3377 
10077 5618 8270 5621 
10078 5984 6583 6582 
10079 5628 5630 5629 
10080 8147 8421 7173 
10081 3141 3520 3139 
10082 4131 4133 4132 
10083 3235 3236 3234 
10084 7783 7788 7787 
10085 4178 7926 4374 
10086 4761 4762 4221 
10087 5293 5296 5295 
10088 6011 8691 4835 
10089 2209 2335 2207 
10090 2045 2381 2047 
10091 3397 3573 3212 
10092 3193 3421 3420 
10093 5673 6941 6940 
10094 4181 4182 4180 
10095 4874 5652 5327 
10096 3548 3549 3547 
10097 3461 3462 3441 
10098 3103 3193 3192 
10099 172 8173 171 
10100 3811 3813 3812 
10101 4678 5646 5189 
10102 3416 3495 3415 
10103 1821 8181 351 
10104 5419 5535 5421 
10105 4491 8279 4488 
10106 3611 7414 2179 
10107 5042 8319 4439 
10108 4678 8242 5646 
10109 3101 3103 3102 
10110 3303 3306 3305 
10111 7605 7606 7604 
10112 4623 6079 6078 
10113 2516 8167 2558 
10114 5393 7515 7514 
10115 331 7752 330 
10116 5625 5628 5627 
10117 7606 7611 7610 
10118 4153 8628 4155 
10119 2429 8245 2444 
10120 8498 8506 3855 
10121 4179 4800 4181 
10122 4387 4388 4386 
10123 7835 7867 7820 
10124 4101 7173 3500 
10125 1942 1944 1943 
10126 3834 3835 3833 
10127 4264 8273 4806 
10128 2061 2062 2060 
10129 97 8085 96 
10130 333 7759 332 
10131 2520 2522 2521 
10132 2493 7739 4352 
10133 5206 8013 4940 
10134 7117 7119 7118 
10135 5201 5877 5143 
10136 5758 5759 5757 
10137 4636 8555 6097 
10138 2494 8044 2496 
10139 5407 8291 5411 
10140 4730 4735 4734 
10141 8227 8680 5995 
10142 7321 8796 2258 
10143 5782 5784 5783 
10144 3867 8251 4174 
10145 5955 8375 5703 
10146 4846 5684 5039 
10147 3338 3393 3340 
10148 2892 8030 2890 
10149 5961 5965 5963 
10150 8048 8049 3040 
10151 1953 1954 1952 
10152 4968 7998 4500 
10153 1946 1949 1948 
10154 1922 1924 1923 
10155 5722 8350 8287 
10156 4710 7625 4023 
10157 4452 5960 4455 
10158 5693 5695 5694 
10159 4335 8321 4900 
10160 4719 5669 5668 
10161 7000 8805 3740 
10162 2511 2512 2510 
10163 3555 4076 3554 
10164 4597 4918 4596 
10165 1930 1932 1931 
10166 3135 3519 3133 
10167 5415 5525 5417 
10168 5046 5219 5218 
10169 7564 7637 4319 
10170 6583 6584 6582 
10171 2246 2248 2247 
10172 3051 3832 3050 
10173 7769 7770 4720 
10174 7839 7841 7840 
10175 4343 5012 4434 
10176 6264 8007 5757 
10177 4829 5598 5217 
10178 5280 5281 5279 
10179 5012 5645 5261 
10180 8061 8062 8059 
10181 2116 2136 2135 
10182 5312 8290 5314 
10183 7443 7445 7444 
10184 3045 3050 3044 
10185 7921 8491 8376 
10186 7692 7694 7693 
10187 3210 5349 3208 
10188 1944 1946 1945 
10189 5769 5770 5768 
10190 4479 8227 5995 
10191 3346 3348 3347 
10192 4549 5360 4551 
10193 4187 8255 4913 
10194 3042 8048 3040 
10195 3863 4325 3865 
10196 5895 5896 5731 
10197 3412 3413 3222 
10198 6986 8620 5661 
10199 4890 7599 4892 
10200 2677 7344 2676 
10201 4107 4109 4108 
10202 6017 8604 3156 
10203 3803 4466 3805 
10204 3489 3561 3490 
10205 3950 3951 3948 
10206 3433 8509 7745 
10207 3099 3101 3100 
10208 4498 4613 4496 
10209 8155 8156 2382 
10210 5681 6693 6125 
10211 5140 7940 7939 
10212 4453 4454 4451 
10213 2140 2382 2142 
10214 5516 8268 5515 
10215 3376 3377 3375 
10216 3523 3564 3501 
10217 1657 8209 123 
10218 6263 6312 6311 
10219 187 7811 186 
10220 3414 3415 3413 
10221 3043 3044 3042 
10222 7445 7447 7446 
10223 1704 8220 329 
10224 3300 3301 3248 
10225 3344 3346 3345 
10226 5469 7808 4528 
10227 7277 8536 7278 
10228 6767 6768 6637 
10229 6103 7141 5013 
10230 3267 3269 3268 
10231 2536 2537 2535 
10232 2843 3073 2844 
10233 5780 5782 5781 
10234 4262 8273 4264 
10235 3068 8215 3036 
10236 2776 8314 2778 
10237 1946 1948 1947 
10238 2542 2543 2541 
10239 80 1705 79 
10240 3503 3939 3570 
10241 6261 6263 6262 
10242 3909 3911 3910 
10243 2228 2229 2227 
10244 2701 8518 2704 
10245 3423 7601 3498 
10246 3077 3097 3096 
10247 4920 4921 4919 
10248 5626 8119 5623 
10249 5020 8041 5688 
10250 5623 5625 5624 
10251 6848 8239 5485 
10252 4481 4483 4482 
10253 4176 4177 3973 
10254 90 8139 89 
10255 5669 5671 5670 
10256 4109 4111 4110 
10257 7447 7449 7448 
10258 5958 8404 4409 
10259 2240 2242 2241 
10260 1953 1955 1954 
10261 5970 7634 5969 
10262 3867 4174 3870 
10263 7205 7207 7206 
10264 4010 4011 3952 
10265 2538 2539 2537 
10266 3265 3507 3168 
10267 7954 7957 7952 
10268 3544 4000 3999 
10269 3400 8750 3246 
10270 3276 5714 3714 
10271 6259 6261 6260 
10272 4934 7801 4932 
10273 2653 2654 2634 
10274 3153 8633 3250 
10275 5645 6120 5742 
10276 2158 8241 3618 
10277 5671 6574 6572 
10278 4547 8176 4549 
10279 3276 8259 5714 
10280 8057 8058 8056 
10281 4448 8352 3545 
10282 3106 8169 3863 
10283 5965 7935 7934 
10284 5320 5322 4210 
10285 3533 3544 3543 
10286 2939 2941 2940 
10287 2242 2244 2243 
10288 2951 2968 2950 
10289 4595 4597 4596 
10290 7207 9107 7206 
10291 7276 7292 4212 
10292 3800 8258 3803 
10293 4421 8556 5007 
10294 5503 5504 5281 
10295 3940 4211 4104 
10296 3993 3995 3994 
10297 2969 3149 2968 
10298 6174 6175 6173 
10299 4925 5140 4927 
10300 5597 8302 5610 
10301 5691 5693 5692 
10302 5515 7599 4890 
10303 1946 1947 1945 
10304 3254 7742 3255 
10305 4537 4539 4538 
10306 4389 4390 4388 
10307 6647 6648 5142 
10308 8287 8350 4703 
10309 5265 5901 5900 
10310 7852 7856 7854 
10311 2859 7990 2073 
10312 4111 4113 4112 
10313 4814 8355 4083 
10314 3956 4702 4349 
10315 5778 5780 5779 
10316 7451 7453 7452 
10317 7144 7147 2827 
10318 7722 9284 3171 
10319 3517 8265 3121 
10320 6184 6186 6185 
10321 3359 4443 3404 
10322 2540 2541 2539 
10323 4494 4969 4491 
10324 2444 8245 2447 
10325 2522 8249 2524 
10326 7837 7839 7838 
10327 3845 3846 3522 
10328 1658 8785 289 
10329 2136 2138 2137 
10330 5411 5494 5413 
10331 5484 8807 7720 
10332 4483 4486 4484 
10333 338 1671 337 
10334 5445 8819 5443 
10335 4456 4457 4454 
10336 1944 1945 1943 
10337 2518 2520 2519 
10338 2395 8339 2372 
10339 1955 1956 1954 
10340 5222 6934 6064 
10341 4107 7911 4546 
10342 1627 8061 8059 
10343 2055 8148 2057 
10344 3930 8244 3117 
10345 4099 8178 4300 
10346 3903 3905 3904 
10347 2169 8365 2289 
10348 5972 5973 5042 
10349 78 8210 1817 
10350 7449 7451 7450 
10351 2125 8281 2109 
10352 177 7962 176 
10353 179 7964 178 
10354 4433 5250 5237 
10355 8070 8071 8069 
10356 7612 7615 7614 
10357 2873 8044 2494 
10358 2299 2305 2304 
10359 3060 3061 3058 
10360 2047 2048 2046 
10361 4178 4374 4177 
10362 8891 8913 8328 
10363 3584 8711 7330 
10364 5219 6047 6046 
10365 5821 5823 5822 
10366 4775 4776 4774 
10367 2937 2939 2938 
10368 5621 5626 5623 
10369 181 7984 180 
10370 1942 1943 1941 
10371 3342 3344 3343 
10372 3374 3375 3373 
10373 7705 7706 5220 
10374 5941 7989 4745 
10375 5703 5704 5702 
10376 4535 4537 4536 
10377 5292 7490 3635 
10378 5626 8120 8119 
10379 2381 7915 2047 
10380 1932 1934 1933 
10381 5346 5536 5532 
10382 6843 9046 6841 
10383 2291 2299 2298 
10384 5165 5335 4379 
10385 3782 3783 3781 
10386 7828 7830 7829 
10387 4947 8111 5883 
10388 2045 2046 2044 
10389 3034 3715 3032 
10390 4706 7655 4011 
10391 8090 8092 8091 
10392 7603 7607 7605 
10393 5589 7211 5174 
10394 3269 3278 3270 
10395 5776 5778 5777 
10396 4353 7031 2873 
10397 4231 4232 4004 
10398 7671 7676 7673 
10399 2095 3214 2093 
10400 3846 8272 3522 
10401 2057 2860 2059 
10402 1928 1930 1929 
10403 8063 8064 8062 
10404 1955 1957 1956 
10405 5129 6579 6578 
10406 5160 8447 5159 
10407 5576 5577 4814 
10408 3057 8256 3053 
10409 2051 2052 2050 
10410 2053 2054 2052 
10411 8685 8724 5349 
10412 7486 9024 3709 
10413 7689 7692 7691 
10414 2138 2140 2139 
10415 4264 4265 4263 
10416 2049 2050 2048 
10417 3526 3527 3384 
10418 5366 7778 5481 
10419 7664 7665 2323 
10420 2501 7740 4450 
10421 5500 8634 4557 
10422 4826 5159 4825 
10423 3911 4251 4250 
10424 3784 3785 3783 
10425 2322 2327 2326 
10426 2668 2669 2654 
10427 4932 5212 4930 
10428 5632 8257 5635 
10429 3366 7993 3370 
10430 5689 5691 5690 
10431 3508 8501 4164 
10432 5939 6042 5505 
10433 595 6459 596 
10434 4359 4360 4232 
10435 3129 3518 3127 
10436 4000 4066 4065 
10437 4479 4481 4480 
10438 2327 8141 2326 
10439 1936 1938 1937 
10440 334 8254 1618 
10441 8193 8195 8194 
10442 5482 5729 5302 
10443 1940 1941 1939 
10444 4447 5290 5289 
10445 2616 2649 2648 
10446 2367 8388 2459 
10447 6272 8816 5132 
10448 3440 3442 3371 
10449 2544 8699 2546 
10450 2059 2060 2058 
10451 4183 4184 4182 
10452 5730 5731 5729 
10453 3123 3517 3121 
10454 3720 8330 3026 
10455 3826 4825 3825 
10456 2140 8155 2382 
10457 2138 8155 2140 
10458 5847 5849 4807 
10459 3296 3373 3295 
10460 3928 7586 2247 
10461 2057 2058 2056 
10462 3050 8280 3044 
10463 2055 2056 2054 
10464 5368 5369 5367 
10465 4262 4263 4050 
10466 4262 4264 4263 
10467 3808 3811 3810 
10468 5297 5303 5294 
10469 1957 1958 1956 
10470 5817 6547 6522 
10471 5301 5302 5299 
10472 5370 5371 5369 
10473 4928 8043 4926 
10474 3041 3042 3040 
10475 4094 4198 4197 
10476 3805 8006 3808 
10477 3792 3926 3791 
10478 3119 3930 3117 
10479 3187 7932 2928 
10480 4969 8279 4491 
10481 3294 3295 3293 
10482 5406 5408 5404 
10483 545 6465 546 
10484 3641 8157 2601 
10485 6242 8748 8661 
10486 2925 2926 2923 
10487 4398 8709 6809 
10488 7890 7893 7892 
10489 8246 8270 5618 
10490 2516 2518 2517 
10491 3425 7601 3423 
10492 3927 3954 3926 
10493 4458 4459 4457 
10494 3056 3057 3053 
10495 5170 6909 6443 
10496 2136 3643 2138 
10497 4066 5857 4643 
10498 4233 8317 2586 
10499 7600 7994 7599 
10500 3907 3909 3908 
10501 5463 5467 5462 
10502 3780 3781 3779 
10503 4113 4115 4114 
10504 5574 6115 5733 
10505 3853 4107 4106 
10506 2921 2922 2920 
10507 2781 3732 3731 
10508 3997 3998 3527 
10509 7611 7612 7610 
10510 2429 2444 2443 
10511 4696 8221 6072 
10512 5998 8911 8897 
10513 2949 2950 2948 
10514 6141 6670 5863 
10515 1950 3707 1948 
10516 1957 1959 1958 
10517 2238 2240 2239 
10518 4533 4535 4534 
10519 82 8160 81 
10520 7824 7826 7825 
10521 3372 3461 3441 
10522 4213 4215 3564 
10523 1924 1926 1925 
10524 2116 8177 2136 
10525 1951 2876 1953 
10526 4563 4564 4562 
10527 3292 3293 3291 
10528 6219 6267 6220 
10529 8739 8865 7805 
10530 2305 2314 2313 
10531 3824 3825 3484 
10532 7687 7689 7688 
10533 5632 5634 5631 
10534 5847 6523 5849 
10535 8199 8201 8200 
10536 1954 2828 1952 
10537 2644 8370 4193 
10538 4636 6097 6096 
10539 2485 2486 2484 
10540 5236 5453 5452 
10541 3445 3612 3309 
10542 5594 8334 8302 
10543 5774 5776 5775 
10544 3875 5741 4075 
10545 3803 8258 4466 
10546 3529 3636 3635 
10547 2935 2937 2936 
10548 4427 8008 4867 
10549 5290 6114 5658 
10550 4183 4185 4184 
10551 3786 3787 3785 
10552 3064 3077 3076 
10553 3115 3316 3113 
10554 5701 5702 5700 
10555 6869 6870 5896 
10556 4261 4262 4050 
10557 2534 2535 2533 
10558 2051 2069 2053 
10559 4783 6054 6053 
10560 5635 5636 5634 
10561 6021 6022 5932 
10562 2067 2068 2065 
10563 3367 5974 3369 
10564 8229 8780 5125 
10565 5967 5968 5964 
10566 2178 2180 2179 
10567 5427 8040 5183 
10568 5870 6661 5335 
10569 6995 8794 8778 
10570 3332 3392 3334 
10571 4932 7801 5212 
10572 3607 8776 3605 
10573 8322 8359 3726 
10574 4183 5108 4185 
10575 2226 2227 2225 
10576 4098 4099 3645 
10577 3790 3791 3789 
10578 1959 1960 1958 
10579 3508 3575 3507 
10580 8092 8095 8094 
10581 4048 4261 4050 
10582 4992 5505 4980 
10583 6194 6195 6192 
10584 1934 1936 1935 
10585 3368 7993 3366 
10586 5916 5926 4901 
10587 3778 3779 3777 
10588 5135 8111 4945 
10589 3715 8342 3032 
10590 5020 5687 5686 
10591 2559 7955 7953 
10592 7732 7734 4964 
10593 4133 4135 4134 
10594 5108 8255 4185 
10595 4265 4808 4263 
10596 3340 3342 3341 
10597 3839 4090 3840 
10598 4524 4526 4522 
10599 8197 8199 8198 
10600 4235 4299 3557 
10601 7685 7687 7686 
10602 8000 8003 4613 
10603 337 8076 336 
10604 7280 7281 7279 
10605 5924 5925 5563 
10606 5616 8246 5618 
10607 5461 5462 5460 
10608 2481 2482 2480 
10609 4180 7926 4178 
10610 6016 8985 7196 
10611 3360 3361 3358 
10612 2236 2238 2237 
10613 4185 8255 4187 
10614 4605 4980 4604 
10615 5139 5920 5655 
10616 4443 4445 4444 
10617 8195 8197 8196 
10618 3644 3645 3442 
10619 5030 8425 5817 
10620 5411 8291 5494 
10621 3788 3789 3787 
10622 3383 3384 3301 
10623 2331 2351 2350 
10624 3038 3068 3036 
10625 5619 8282 8248 
10626 4256 8410 4783 
10627 4796 4797 4795 
10628 7548 7551 7550 
10629 5366 5367 5365 
10630 2165 8412 3829 
10631 7656 9029 6021 
10632 2674 2675 2673 
10633 4326 5346 5345 
10634 3062 3064 3063 
10635 2489 2490 2488 
10636 7820 7822 7821 
10637 7822 7824 7823 
10638 5621 5623 5622 
10639 3503 8226 3939 
10640 3451 7767 3449 
10641 4164 4165 3575 
10642 7246 8960 7245 
10643 5030 5817 5816 
10644 2286 2291 2290 
10645 3836 3841 3838 
10646 4531 4533 4532 
10647 5336 7773 6226 
10648 79 8210 78 
10649 7117 7118 2687 
10650 5699 5700 5698 
10651 2933 2935 2934 
10652 4957 7129 4446 
10653 2353 8438 7893 
10654 4720 7904 4459 
10655 5699 8567 8037 
10656 4890 4892 4165 
10657 4565 4566 4564 
10658 5329 7562 2805 
10659 8765 9070 6929 
10660 7801 7802 5212 
10661 4261 4807 4262 
10662 5142 7997 4921 
10663 1910 1911 1909 
10664 6948 6949 5926 
10665 1959 1961 1960 
10666 5625 8286 5628 
10667 5319 7506 5321 
10668 3412 8778 3414 
10669 5448 5460 5447 
10670 5719 5720 5015 
10671 7196 8158 2853 
10672 2578 8640 2584 
10673 2931 2933 2932 
10674 8129 8131 8130 
10675 7682 7685 7684 
10676 7861 8658 1681 
10677 4699 5716 5715 
10678 4003 4004 4002 
10679 4440 5975 5166 
10680 5070 6259 6258 
10681 5287 7200 5894 
10682 5123 6011 4835 
10683 5981 8567 5697 
10684 3338 3340 3339 
10685 2532 2533 2531 
10686 4857 8233 4848 
10687 4921 7997 4923 
10688 3881 3882 3880 
10689 1926 1928 1927 
10690 2105 8298 2103 
10691 3462 3523 3501 
10692 5409 8306 5406 
10693 5630 5631 5629 
10694 5772 5774 5773 
10695 2919 2920 2918 
10696 5362 5363 5361 
10697 2512 2514 2513 
10698 5304 5305 5303 
10699 3883 3912 3882 
10700 5446 5447 5445 
10701 4503 4604 4502 
10702 2528 2529 2527 
10703 3776 3777 3775 
10704 6523 6605 5849 
10705 4187 4913 4222 
10706 78 1817 77 
10707 7831 7837 7833 
10708 123 8209 122 
10709 5978 8352 4448 
10710 4926 5342 4924 
10711 4135 4303 4302 
10712 5697 5698 5696 
10713 7937 8044 7031 
10714 5226 5227 5224 
10715 4329 5106 4267 
10716 4638 4639 4637 
10717 3290 3291 3289 
10718 3366 3370 3365 
10719 5628 5629 5627 
10720 4926 8043 5342 
10721 4090 4718 4091 
10722 2320 2322 2321 
10723 7745 8294 3615 
10724 4285 4637 4284 
10725 4807 8273 4262 
10726 2234 2236 2235 
10727 2929 2931 2930 
10728 6533 6534 5350 
10729 5625 5627 5624 
10730 4517 8297 5437 
10731 4595 4596 4594 
10732 5360 8673 5362 
10733 3354 8403 3356 
10734 5619 8247 8246 
10735 5099 7229 6321 
10736 5180 8144 4955 
10737 3913 3914 3912 
10738 3364 3365 3363 
10739 2357 2359 2358 
10740 4529 4531 4530 
10741 3362 3363 3361 
10742 7806 8901 7803 
10743 7896 8404 5958 
10744 4645 4646 4644 
10745 4976 5267 5006 
10746 8131 8134 8132 
10747 4640 4641 4639 
10748 4642 4644 4641 
10749 2672 2673 2671 
10750 340 1818 339 
10751 2530 2531 2529 
10752 4281 4282 4280 
10753 5306 5307 5305 
10754 8193 8194 8192 
10755 3643 8155 2138 
10756 1961 1962 1960 
10757 2063 2067 2065 
10758 5612 5619 5616 
10759 5486 8313 8005 
10760 5929 7370 5388 
10761 76 8284 1614 
10762 3477 8601 3325 
10763 2501 2502 2500 
10764 2329 2331 2330 
10765 3811 3812 3810 
10766 3634 3647 3646 
10767 5015 8317 4233 
10768 7814 8295 7817 
10769 4930 8230 4928 
10770 8020 8304 7129 
10771 5607 8299 5609 
10772 4279 4280 4278 
10773 3256 8601 7231 
10774 5756 5757 5079 
10775 3356 3357 3355 
10776 6237 6239 6238 
10777 4283 4284 4282 
10778 5612 8282 5619 
10779 2855 8333 2650 
10780 4945 8111 4947 
10781 7803 8231 8230 
10782 4264 4266 4265 
10783 5292 8262 7490 
10784 2072 2073 2068 
10785 2046 2390 2044 
10786 5638 6664 6663 
10787 5444 5445 5443 
10788 4647 4648 4646 
10789 1961 1963 1962 
10790 2679 2680 2675 
10791 3354 3355 3353 
10792 4649 4654 4648 
10793 7724 8349 2791 
10794 5849 8273 4807 
10795 3915 3919 3914 
10796 4683 4684 4682 
10797 5610 8299 5607 
10798 2224 2225 2223 
10799 1938 1939 1937 
10800 4266 4267 4265 
10801 5509 5510 4911 
10802 5308 5309 5307 
10803 5770 5772 5771 
10804 7606 7610 7609 
10805 2614 8157 2657 
10806 4234 5020 5019 
10807 5146 5350 4809 
10808 2043 2044 2042 
10809 3813 3814 3812 
10810 2927 2929 2928 
10811 1963 1965 1964 
10812 5723 8287 4703 
10813 3352 3353 3351 
10814 3728 8322 3726 
10815 4367 8322 3728 
10816 7680 7682 7681 
10817 2493 2494 2492 
10818 1963 1964 1962 
10819 3030 4479 3048 
10820 2075 2076 2073 
10821 7187 7190 7189 
10822 3574 3586 3573 
10823 1817 8284 77 
10824 4958 5970 5969 
10825 5220 7707 4536 
10826 4655 4656 4654 
10827 329 8220 328 
10828 4115 4170 4116 
10829 3920 4199 3919 
10830 2917 2918 2916 
10831 2694 2696 2695 
10832 4275 4276 4274 
10833 4277 4278 4276 
10834 5716 6117 6116 
10835 3832 5339 3834 
10836 5695 5696 5694 
10837 7916 7918 7915 
10838 5376 5377 5375 
10839 3890 8760 1985 
10840 4311 4380 3612 
10841 5388 7370 5389 
10842 2230 2232 2231 
10843 4151 4152 4150 
10844 3350 3351 3349 
10845 4501 4502 4500 
10846 2736 2737 2733 
10847 2232 2234 2233 
10848 2526 2527 2525 
10849 2359 2363 2362 
10850 2522 2523 2521 
10851 2116 2135 2100 
10852 5372 5373 5371 
10853 5017 5656 4873 
10854 2136 8177 3643 
10855 4896 5913 4895 
10856 1955 3718 1957 
10857 3505 8633 4904 
10858 3523 4213 3564 
10859 1959 2970 1961 
10860 3279 8226 3503 
10861 5619 8246 5616 
10862 2738 2739 2737 
10863 4303 4381 4304 
10864 5087 5979 5978 
10865 4185 4187 4186 
10866 2814 2851 2820 
10867 3336 3338 3337 
10868 3406 3492 3407 
10869 5688 8528 5689 
10870 3874 3880 3872 
10871 2228 2230 2229 
10872 2077 2078 2076 
10873 2524 2525 2523 
10874 3852 3853 3814 
10875 7173 8421 3500 
10876 2102 2103 2101 
10877 338 8289 1671 
10878 4337 8321 4335 
10879 4657 4658 4656 
10880 2988 2989 2957 
10881 2355 2357 2356 
10882 8011 8496 8012 
10883 2079 2080 2078 
10884 8661 8748 4258 
10885 2084 2085 2080 
10886 7619 7624 7623 
10887 4882 5173 4380 
10888 3629 8320 3631 
10889 3067 8048 3042 
10890 7783 7787 3231 
10891 6649 6743 6650 
10892 4527 4529 4528 
10893 4226 4753 4228 
10894 2915 2916 2914 
10895 7138 8884 5449 
10896 5360 5361 4551 
10897 5310 5311 5309 
10898 3800 3803 3802 
10899 8233 8234 5487 
10900 4852 8433 5454 
10901 8548 8673 8176 
10902 2541 2610 2539 
10903 5618 5621 5620 
10904 2057 8148 2860 
10905 7621 7626 7625 
10906 3774 3775 3773 
10907 5070 8504 6259 
10908 4714 5018 3975 
10909 1958 3719 1956 
10910 4997 8440 4998 
10911 7696 7697 7695 
10912 2140 2142 2141 
10913 4335 4900 4333 
10914 7667 7668 7665 
10915 1965 1966 1964 
10916 5985 6593 6537 
10917 5029 5078 4337 
10918 4581 4583 4582 
10919 4187 4222 4188 
10920 4047 8303 3981 
10921 1964 2954 1962 
10922 4659 4663 4658 
10923 5720 8317 5015 
10924 3531 8263 3530 
10925 7678 7680 7679 
10926 3060 3062 3061 
10927 2913 2914 2912 
10928 3905 8029 3904 
10929 3593 7322 7321 
10930 3832 8256 5339 
10931 4252 4997 4253 
10932 3796 5344 3798 
10933 7139 8814 3166 
10934 2690 2691 2680 
10935 5374 5375 5373 
10936 3285 8352 3406 
10937 3847 3948 3947 
10938 5623 5624 5622 
10939 4185 4186 4184 
10940 4309 4310 3710 
10941 4664 4665 4663 
10942 3039 3040 3038 
10943 1906 1907 1905 
10944 4410 4411 2563 
10945 5350 8385 4809 
10946 4076 8229 4471 
10947 3378 3410 3409 
10948 4439 8319 4449 
10949 7765 7766 7764 
10950 351 8181 350 
10951 3285 3406 3286 
10952 7578 7579 4988 
10953 7843 7865 7864 
10954 5790 5791 5789 
10955 5382 5383 5381 
10956 5116 5443 4757 
10957 5788 5789 5787 
10958 5792 5793 5791 
10959 5341 5977 3720 
10960 4438 5972 5042 
10961 3081 8158 3227 
10962 2142 2144 2143 
10963 188 8611 1695 
10964 5970 7635 7634 
10965 3348 3349 3347 
10966 5693 5694 5692 
10967 5786 5787 5785 
10968 3273 9214 9187 
10969 5626 8121 8120 
10970 5616 5618 5617 
10971 2520 2521 2519 
10972 2508 2510 2509 
10973 3811 8386 3813 
10974 2144 2146 2145 
10975 595 6561 6459 
10976 2459 8388 4465 
10977 7694 7695 7693 
10978 6579 6669 6578 
10979 5794 5795 5793 
10980 5024 5751 5734 
10981 4891 8501 5517 
10982 1912 1913 1911 
10983 3522 8272 3521 
10984 2911 2912 2910 
10985 5796 5797 5795 
10986 4848 8233 5487 
10987 5817 6522 5816 
10988 3045 3051 3050 
10989 593 6472 1646 
10990 4666 4667 4665 
10991 3886 8714 5765 
10992 3441 8421 3440 
10993 4597 4920 4919 
10994 8239 9218 8032 
10995 7647 7650 7649 
10996 2732 2733 2726 
10997 2738 8219 2739 
10998 3410 3522 3521 
10999 5343 5847 4807 
11000 4414 4415 4413 
11001 7253 7254 7251 
11002 4579 4581 4580 
11003 5378 5379 5377 
11004 5129 8483 6579 
11005 3587 3588 3586 
11006 4419 8687 4417 
11007 5784 5785 5783 
11008 5799 5800 5797 
11009 4676 4678 4675 
11010 3043 3045 3044 
11011 3346 3347 3345 
11012 4674 4675 4673 
11013 4672 4673 4671 
11014 2222 2223 2221 
11015 5609 8282 5612 
11016 4230 4786 4240 
11017 2363 2366 2365 
11018 5609 8299 8282 
11019 4668 4671 4667 
11020 335 8254 334 
11021 3591 8008 4427 
11022 3067 8296 8048 
11023 6726 8278 5500 
11024 5680 5681 4721 
11025 4920 5142 4921 
11026 5949 7060 7059 
11027 2104 2105 2103 
11028 2043 8491 2045 
11029 4428 8649 5947 
11030 4184 4373 4182 
11031 5423 5768 5767 
11032 5689 5690 5687 
11033 2872 2878 2871 
11034 4273 4274 4204 
11035 7791 8275 7635 
11036 4682 8242 4679 
11037 4202 4203 4200 
11038 4222 4224 4223 
11039 5610 8300 8299 
11040 3835 5357 3833 
11041 4593 4595 4594 
11042 7612 7614 7613 
11043 2448 2450 2449 
11044 4268 4329 4267 
11045 339 8289 338 
11046 2885 2886 2884 
11047 4264 4806 4266 
11048 1965 1967 1966 
11049 5972 7073 5973 
11050 4517 5437 4519 
11051 2887 2888 2886 
11052 3376 3378 3377 
11053 2342 3262 2340 
11054 2883 2884 2882 
11055 5078 8321 4337 
11056 7130 8910 8886 
11057 3056 3058 3057 
11058 1813 8308 185 
11059 1970 2836 1968 
11060 4006 4322 4321 
11061 4381 4383 4382 
11062 1918 1919 1917 
11063 1967 2667 1969 
11064 4509 4722 4511 
11065 2909 2910 2908 
11066 3744 9125 3752 
11067 4681 4682 4679 
11068 4515 8297 4517 
11069 4925 8413 5140 
11070 3237 3238 3236 
11071 7869 7873 7871 
11072 5782 5783 5781 
11073 4390 8503 5155 
11074 3288 3289 3277 
11075 3530 9030 7789 
11076 3183 3276 3182 
11077 5633 7979 7978 
11078 1963 3730 1965 
11079 4215 5017 4873 
11080 77 8284 76 
11081 2691 2694 2693 
11082 4499 4500 4498 
11083 3344 3345 3343 
11084 3041 3043 3042 
11085 5619 8248 8247 
11086 3051 8256 3832 
11087 3542 4006 4005 
11088 2870 2871 2869 
11089 6463 6514 6464 
11090 4412 4413 4411 
11091 1932 1933 1931 
11092 3950 3952 3951 
11093 5691 5692 5690 
11094 5926 8586 6933 
11095 4477 8340 4952 
11096 3476 8853 3551 
11097 2379 8423 2337 
11098 2925 2927 2926 
11099 4187 4188 4186 
11100 3743 8638 3751 
11101 2412 2414 2413 
11102 5232 5233 5231 
11103 7824 8318 7827 
11104 4263 8237 4050 
11105 3845 3847 3846 
11106 2154 2156 2155 
11107 3359 8403 4443 
11108 7009 7010 1713 
11109 2889 2890 2888 
11110 5434 5540 5435 
11111 4847 6131 4367 
11112 5380 5381 5379 
11113 5813 8306 5409 
11114 4567 8344 8174 
11115 4952 8340 5949 
11116 2746 2747 2745 
11117 3839 3840 3837 
11118 2152 2154 2153 
11119 2506 2508 2507 
11120 2114 2115 2113 
11121 4577 4579 4578 
11122 3028 3720 3026 
11123 1916 1917 1915 
11124 3289 8259 3277 
11125 7614 7618 7616 
11126 4846 5039 4310 
11127 4492 5024 5023 
11128 4617 4978 4616 
11129 3886 5765 3888 
11130 3803 3805 3804 
11131 3589 3590 3588 
11132 2118 2119 2115 
11133 4596 5479 4594 
11134 3492 3542 3499 
11135 2518 2519 2517 
11136 2366 2372 2371 
11137 2112 2113 2111 
11138 4266 4268 4267 
11139 4447 8408 5290 
11140 6271 6272 5132 
11141 2146 2148 2147 
11142 3324 3389 3328 
11143 2907 2908 2906 
11144 2150 2152 2151 
11145 185 8308 184 
11146 5719 5750 5720 
11147 6693 6694 6125 
11148 520 1655 521 
11149 518 1738 519 
11150 413 1667 414 
11151 342 1612 341 
11152 344 1819 343 
11153 346 1672 345 
11154 348 1820 347 
11155 350 1611 349 
11156 515 1674 516 
11157 68 1613 67 
11158 70 1815 69 
11159 72 1670 71 
11160 74 1816 73 
11161 76 1614 75 
11162 410 1647 411 
11163 74 8311 1816 
11164 70 8309 1815 
11165 72 8310 1670 
11166 71 8309 70 
11167 73 8310 72 
11168 75 8311 74 
11169 1816 8310 73 
11170 1670 8309 71 
11171 1614 8311 75 
11172 2156 2158 2157 
11173 2226 2228 2227 
11174 2148 2150 2149 
11175 4679 8242 4678 
11176 2891 2892 2890 
11177 4230 8335 4786 
11178 2171 8365 2169 
11179 5780 5781 5779 
11180 5421 5423 5422 
11181 2070 8377 8376 
11182 7565 8346 7564 
11183 4702 4721 4349 
11184 2893 2894 2892 
11185 5384 5385 5383 
11186 5691 8582 5693 
11187 7732 8288 7734 
11188 5146 6533 5350 
11189 2444 2446 2445 
11190 4107 4108 4106 
11191 4224 4226 4225 
11192 4425 9495 9483 
11193 4484 8368 4487 
11194 2905 2906 2904 
11195 4008 8895 8831 
11196 4012 4014 4013 
11197 1967 1968 1966 
11198 2106 2107 2105 
11199 3175 3182 3144 
11200 3334 3336 3335 
11201 9014 9039 4960 
11202 7692 7693 7691 
11203 5956 6966 6962 
11204 4524 4527 4526 
11205 2895 2896 2894 
11206 5810 5813 5409 
11207 2110 2111 2109 
11208 2881 2882 2879 
11209 2868 2869 2867 
11210 4704 5723 4703 
11211 2158 2161 2159 
11212 8574 8658 7861 
11213 2041 2043 2042 
11214 7606 7609 7604 
11215 3374 3376 3375 
11216 4395 8724 8685 
11217 5007 8556 7640 
11218 3961 3962 3590 
11219 512 1665 513 
11220 3277 8259 3276 
11221 5778 5779 5777 
11222 2344 8293 2342 
11223 520 6356 1655 
11224 2748 2749 2747 
11225 2108 2109 2107 
11226 2903 2904 2902 
11227 2220 2221 2219 
11228 4583 4585 4584 
11229 1967 1969 1968 
11230 3567 8659 3225 
11231 4010 4012 4011 
11232 8325 8326 5595 
11233 5758 5760 5759 
11234 1969 1970 1968 
11235 2406 2408 2407 
11236 5483 8729 3001 
11237 4931 8499 5137 
11238 4952 5949 5948 
11239 2901 2902 2900 
11240 4214 4703 4213 
11241 2454 2456 2455 
11242 7591 7592 7589 
11243 4314 6936 3621 
11244 2897 2898 2896 
11245 4445 8408 4444 
11246 4330 4331 4329 
11247 2516 2517 2514 
11248 5009 5010 4505 
11249 4014 4016 4015 
11250 4215 8350 5017 
11251 2466 2468 2467 
11252 2899 2900 2898 
11253 4222 4223 4188 
11254 5621 5622 5620 
11255 3732 3734 3733 
11256 4981 4982 3511 
11257 2513 8523 8042 
11258 3196 3197 3087 
11259 6225 6942 5062 
11260 7190 7193 7192 
11261 2921 2923 2922 
11262 5539 8222 8221 
11263 6769 8144 5180 
11264 4785 5747 5746 
11265 5284 8348 5282 
11266 5226 8223 5227 
11267 6831 6887 6886 
11268 3080 8659 5333 
11269 4322 4695 4694 
11270 1611 8217 349 
11271 5879 7032 5881 
11272 9156 9161 6937 
11273 523 1636 524 
11274 407 1633 408 
11275 4750 4802 4801 
11276 5684 5805 5039 
11277 3259 8736 3150 
11278 2218 2219 2217 
11279 5532 8515 8514 
11280 2504 2506 2505 
11281 5388 5389 5387 
11282 1930 1931 1929 
11283 4190 4631 4243 
11284 4109 4110 4108 
11285 7260 7261 7258 
11286 2601 8157 2614 
11287 4937 8532 5136 
11288 2866 2867 2865 
11289 2879 8236 2878 
11290 3142 3143 3141 
11291 2783 5276 2807 
11292 3296 3374 3373 
11293 5776 5777 5775 
11294 4016 4018 4017 
11295 3342 3343 3341 
11296 2381 7916 7915 
11297 2853 8158 3081 
11298 4602 6036 6035 
11299 4251 6619 4799 
11300 5017 8350 5722 
11301 4422 4693 4420 
11302 3511 8533 2742 
11303 3772 3773 3771 
11304 2731 4461 2729 
11305 5612 5616 5615 
11306 4615 4616 4124 
11307 4992 5939 5505 
11308 5139 5655 4718 
11309 3037 3038 3036 
11310 2464 2466 2465 
11311 1969 1971 1970 
11312 3667 3669 3668 
11313 3294 3296 3295 
11314 2790 2791 2735 
11315 8280 8721 3067 
11316 4705 5664 4693 
11317 4018 4020 4019 
11318 5463 5541 5467 
11319 4475 4477 4476 
11320 1936 1937 1935 
11321 5017 5721 5656 
11322 7667 7669 7668 
11323 2224 2226 2225 
11324 5618 5620 5617 
11325 2121 2122 2119 
11326 3805 3808 3807 
11327 2429 2443 2368 
11328 2882 8236 2879 
11329 2744 2745 2743 
11330 3263 6925 6922 
11331 7689 7691 7688 
11332 5252 5258 5251 
11333 4593 4725 4595 
11334 7675 7678 7677 
11335 2468 2470 2469 
11336 5185 6001 4877 
11337 5577 8355 4814 
11338 514 6351 515 
11339 2864 2865 2863 
11340 2660 2689 2688 
11341 1920 1921 1919 
11342 4605 4992 4980 
11343 3292 3294 3293 
11344 4268 4330 4329 
11345 2216 2217 2215 
11346 5020 5686 5019 
11347 4090 4091 3840 
11348 4808 8237 4263 
11349 4332 4333 4331 
11350 2826 2861 2812 
11351 7756 7757 7754 
11352 4593 4594 4592 
11353 5234 6221 5233 
11354 8569 8643 3856 
11355 4268 4805 4330 
11356 5430 5434 5433 
11357 7685 7686 7684 
11358 3098 3099 3097 
11359 2862 2863 2861 
11360 4063 4064 3962 
11361 4459 4475 4474 
11362 2696 2698 2697 
11363 4515 8446 8297 
11364 2462 2464 2463 
11365 1665 6415 513 
11366 7836 7850 7849 
11367 3340 3341 3339 
11368 8021 8330 3720 
11369 4224 4225 4223 
11370 4020 4022 4021 
11371 7687 7688 7686 
11372 5419 5421 5420 
11373 2396 2398 2397 
11374 1812 7987 7986 
11375 2123 2124 2122 
11376 3669 3672 3671 
11377 4034 4036 4035 
11378 8225 8543 2184 
11379 7612 7613 7610 
11380 8068 8070 8069 
11381 2766 2767 2765 
11382 4366 4367 3728 
11383 4487 4492 4489 
11384 4036 4038 4037 
11385 412 6363 413 
11386 5882 6691 4864 
11387 3083 3147 3146 
11388 7031 8044 2873 
11389 3402 3403 3199 
11390 7851 7852 7842 
11391 4998 8440 5868 
11392 3509 3510 3073 
11393 2689 2965 2964 
11394 8201 8202 8200 
11395 2965 3083 3082 
11396 1934 1935 1933 
11397 3422 3423 3421 
11398 7997 8413 4923 
11399 4503 4605 4604 
11400 5774 5775 5773 
11401 1971 1972 1970 
11402 3101 8341 3103 
11403 4575 4577 4576 
11404 3147 3242 3241 
11405 2136 2137 2135 
11406 2175 3725 2171 
11407 5386 5387 5385 
11408 4979 8224 4978 
11409 4024 4026 4025 
11410 4198 4780 4392 
11411 2750 2751 2749 
11412 3338 3339 3337 
11413 2188 2189 2182 
11414 3290 3292 3291 
11415 4837 8649 4430 
11416 7614 7616 7613 
11417 4026 4028 4027 
11418 4038 4040 4039 
11419 4022 4024 4023 
11420 1667 6550 414 
11421 3672 3674 3673 
11422 7232 9124 3419 
11423 4226 4228 4227 
11424 2126 2127 2124 
11425 4753 8335 4228 
11426 3000 8625 2998 
11427 5573 8325 5595 
11428 3318 3388 3320 
11429 5105 5827 5826 
11430 2919 2921 2920 
11431 8798 8885 4507 
11432 2802 2803 2801 
11433 5672 9569 9559 
11434 2214 2215 2213 
11435 4497 4498 4496 
11436 4561 4562 3213 
11437 7828 7829 7826 
11438 4030 4032 4031 
11439 2551 8818 2548 
11440 3184 3185 2989 
11441 3332 3334 3333 
11442 5461 5463 5462 
11443 2470 2472 2471 
11444 3039 3041 3040 
11445 4028 4030 4029 
11446 4443 8403 5986 
11447 4446 8304 3404 
11448 7647 7649 4707 
11449 1924 1925 1923 
11450 4111 4112 4110 
11451 2374 2460 2441 
11452 3808 3810 3809 
11453 6917 6920 6919 
11454 5770 5771 5768 
11455 3721 3722 3510 
11456 2167 8412 2165 
11457 2394 2396 2395 
11458 2800 2801 2799 
11459 4040 5032 4355 
11460 2128 2129 2127 
11461 4585 4587 4586 
11462 8054 8057 8056 
11463 4716 8045 4603 
11464 7841 7842 7840 
11465 4032 4034 4033 
11466 4383 4385 4384 
11467 7682 7684 7681 
11468 6039 8224 4979 
11469 2512 2513 2510 
11470 3371 8238 3368 
11471 8046 8351 5669 
11472 3678 3680 3679 
11473 7653 7655 4706 
11474 7148 7149 7147 
11475 5989 8605 4899 
11476 5756 5758 5757 
11477 2502 2504 2503 
11478 3461 8382 3462 
11479 5434 8336 5540 
11480 4696 6072 5679 
11481 2169 2289 2167 
11482 2460 2462 2461 
11483 5032 6118 5034 
11484 3948 8472 3947 
11485 2620 2660 2659 
11486 1971 1973 1972 
11487 3035 3036 3034 
11488 2398 2400 2399 
11489 3140 3141 3139 
11490 6038 6039 4979 
11491 3945 4343 3944 
11492 2212 2213 2211 
11493 4958 8386 5970 
11494 3894 3944 3722 
11495 5417 5419 5418 
11496 4223 4372 4188 
11497 5739 5740 5738 
11498 4261 5343 4807 
11499 5690 8380 5687 
11500 2448 2449 2446 
11501 2698 2700 2699 
11502 8195 8196 8194 
11503 4501 4503 4502 
11504 5194 7970 7969 
11505 3424 3425 3423 
11506 2090 3729 2094 
11507 5616 5617 5615 
11508 2099 2102 2101 
11509 3779 8354 4168 
11510 7866 7867 7835 
11511 3426 3427 3425 
11512 4330 4332 4331 
11513 3665 3667 3666 
11514 8199 8200 8198 
11515 4592 5318 4512 
11516 2343 8388 2367 
11517 6032 6043 6031 
11518 2222 2224 2223 
11519 7873 7875 7874 
11520 8129 8130 8128 
11521 2404 2406 2405 
11522 3545 8352 3285 
11523 4379 8178 4099 
11524 3700 3702 3701 
11525 8197 8198 8196 
11526 5772 5773 5771 
11527 1737 6370 6369 
11528 4149 4150 4148 
11529 6463 6464 6462 
11530 1922 1923 1921 
11531 5037 6040 4619 
11532 5448 5461 5460 
11533 2798 2799 2797 
11534 6030 6031 6029 
11535 8071 8074 8073 
11536 2486 2488 2487 
11537 2138 2139 2137 
11538 3154 8626 6017 
11539 3428 3429 3427 
11540 5609 5612 5611 
11541 411 6626 412 
11542 415 1737 416 
11543 5316 8601 3477 
11544 7839 7840 7838 
11545 3523 4214 4213 
11546 3680 3682 3681 
11547 2210 2211 2209 
11548 5446 5448 5447 
11549 2444 2445 2443 
11550 6028 6029 6027 
11551 3450 3451 3449 
11552 2764 2765 2763 
11553 2410 2412 2411 
11554 7680 7681 7679 
11555 1928 1929 1927 
11556 3676 3678 3677 
11557 4802 5098 5097 
11558 5570 8381 8325 
11559 5029 5079 5078 
11560 2543 8704 7728 
11561 4334 4335 4333 
11562 2400 2402 2401 
11563 3430 3431 3429 
11564 4226 4227 4225 
11565 5573 5595 5592 
11566 1645 6466 547 
11567 5496 6023 5495 
11568 8603 8678 8368 
11569 2917 2919 2918 
11570 2259 8705 5337 
11571 2198 2199 2197 
11572 8090 8091 8088 
11573 5229 8223 5226 
11574 2202 2203 2201 
11575 2200 2201 2199 
11576 4542 4543 4541 
11577 4513 4593 4592 
11578 2196 2197 2195 
11579 1947 2620 2619 
11580 5671 6575 6574 
11581 7613 8358 7610 
11582 3028 5341 3720 
11583 3702 3704 3703 
11584 2192 2193 2190 
11585 3650 5438 3652 
11586 7377 7378 7375 
11587 2208 2209 2207 
11588 4915 5286 5283 
11589 2792 2793 2791 
11590 7436 7460 1669 
11591 4495 4496 4494 
11592 3803 3804 3802 
11593 4374 5983 5982 
11594 3682 3684 3683 
11595 5444 5446 5445 
11596 2194 2195 2193 
11597 2752 2753 2751 
11598 4099 4300 4100 
11599 5415 5417 5416 
11600 4703 8350 4213 
11601 7520 7521 1643 
11602 2344 8517 8293 
11603 5897 6726 5500 
11604 4139 4140 4064 
11605 7830 7831 7829 
11606 2204 2205 2203 
11607 4554 8483 3727 
11608 3075 3089 3079 
11609 4113 4114 4112 
11610 6477 6478 6476 
11611 4998 5868 5866 
11612 4479 4480 3048 
11613 6370 6564 6369 
11614 4214 4704 4703 
11615 4606 6019 5338 
11616 2206 2207 2205 
11617 5597 5610 5607 
11618 3770 3771 3769 
11619 7255 7257 7254 
11620 3684 3686 3685 
11621 4091 8292 4468 
11622 4213 8350 4215 
11623 4603 5396 5395 
11624 5437 5676 4519 
11625 2482 2484 2483 
11626 5584 6049 6048 
11627 4332 4804 4334 
11628 7669 7671 7670 
11629 2402 2404 2403 
11630 3562 8653 4829 
11631 4147 4148 4146 
11632 2704 2706 2705 
11633 2498 2500 2499 
11634 4597 8390 4920 
11635 2973 9467 6789 
11636 3138 3139 3137 
11637 2245 2246 2244 
11638 4227 4811 4225 
11639 4217 8693 3789 
11640 3654 4190 3889 
11641 5290 8408 6805 
11642 5580 5582 5581 
11643 3805 3807 3804 
11644 2347 8343 3271 
11645 3434 3435 3431 
11646 4145 4146 4144 
11647 5140 8413 7941 
11648 7673 7675 7674 
11649 7815 7861 7813 
11650 7671 7673 7672 
11651 5185 6002 6001 
11652 2796 2797 2795 
11653 7762 7765 7764 
11654 3336 3337 3335 
11655 1737 6368 416 
11656 2915 2917 2916 
11657 5341 6994 5977 
11658 7503 7504 4473 
11659 4683 4685 4684 
11660 5517 8501 6984 
11661 2472 2474 2473 
11662 7820 7821 7818 
11663 4385 4387 4386 
11664 8078 8082 8080 
11665 3686 3688 3687 
11666 4513 4592 4512 
11667 6186 6188 6187 
11668 2496 2498 2497 
11669 5343 5848 5847 
11670 4922 8571 4919 
11671 4387 4389 4388 
11672 5864 6755 5865 
11673 3650 8716 5438 
11674 5828 8986 4871 
11675 4499 4501 4500 
11676 5017 5722 5721 
11677 4509 4511 4510 
11678 5570 8325 5573 
11679 6026 6027 6024 
11680 2770 2771 2769 
11681 2794 2795 2793 
11682 3330 3332 3331 
11683 2760 8379 2955 
11684 522 6367 523 
11685 5582 5584 5583 
11686 8183 8217 1611 
11687 5703 8375 5705 
11688 2913 2915 2914 
11689 2279 2280 2278 
11690 5578 5580 5579 
11691 3796 8411 5344 
11692 4893 8773 5556 
11693 4300 4848 4301 
11694 4332 4334 4333 
11695 2431 8769 2643 
11696 7636 7791 7635 
11697 3288 3290 3289 
11698 4852 5454 4850 
11699 4699 8472 5716 
11700 2342 8293 3262 
11701 511 6366 512 
11702 5868 6590 6589 
11703 2706 2708 2707 
11704 9439 9447 2787 
11705 7837 7838 7833 
11706 1926 1927 1925 
11707 3688 3690 3689 
11708 4856 5495 4854 
11709 4493 4494 4491 
11710 5116 5444 5443 
11711 8360 8361 5571 
11712 4481 4482 4480 
11713 2220 2222 2221 
11714 2494 2496 2495 
11715 3740 8805 3744 
11716 2041 8376 2043 
11717 7917 7919 7916 
11718 4141 4142 4140 
11719 2766 8436 3578 
11720 3037 3039 3038 
11721 6101 7175 5010 
11722 3430 8565 3434 
11723 5285 6996 5875 
11724 4848 5487 4849 
11725 3690 3692 3691 
11726 4805 8345 4330 
11727 3692 3694 3693 
11728 3033 3034 3032 
11729 5413 5415 5414 
11730 3808 3809 3807 
11731 3956 8643 4702 
11732 3164 3387 3173 
11733 7616 7617 7613 
11734 2762 2763 2761 
11735 4793 4909 4908 
11736 7617 8358 7613 
11737 2347 3271 2349 
11738 4143 4144 4142 
11739 5736 6119 5651 
11740 4681 4683 4682 
11741 5990 8643 8569 
11742 4602 8432 6036 
11743 8542 8686 5426 
11744 8061 8063 8062 
11745 5128 7897 4770 
11746 4783 8410 6054 
11747 5363 5365 5364 
11748 2911 2913 2912 
11749 5612 5615 5611 
11750 2508 2509 2507 
11751 4511 4513 4512 
11752 3835 8409 5357 
11753 6656 6969 5328 
11754 3528 3529 3435 
11755 5087 5978 4448 
11756 3810 4117 3809 
11757 7719 8767 5469 
11758 2994 5334 2976 
11759 7678 7679 7677 
11760 4876 5356 5182 
11761 5129 6578 5134 
11762 4468 4509 4508 
11763 4649 4655 4654 
11764 2754 2755 2753 
11765 4655 4657 4656 
11766 3698 3700 3699 
11767 7643 8481 8480 
11768 3024 3179 3022 
11769 7129 8304 4446 
11770 5607 5609 5608 
11771 2478 2480 2479 
11772 3694 3696 3695 
11773 5030 5816 5815 
11774 7824 7825 7823 
11775 2454 2455 2452 
11776 5396 5743 5724 
11777 2450 2452 2451 
11778 4810 5146 4809 
11779 3136 3137 3135 
11780 3840 8409 3837 
11781 4645 4647 4646 
11782 2085 2092 2087 
11783 3853 4106 4105 
11784 4510 5997 4508 
11785 2490 2492 2491 
11786 5970 8386 7636 
11787 4647 4649 4648 
11788 7822 7823 7821 
11789 4718 8292 4091 
11790 2218 2220 2219 
11791 5673 6940 6090 
11792 4642 4645 4644 
11793 4924 8276 4922 
11794 4770 4772 4771 
11795 4976 5006 4170 
11796 8092 8094 8091 
11797 3059 3060 3058 
11798 7610 8358 7609 
11799 5893 6532 5147 
11800 4854 8433 4852 
11801 3183 3277 3276 
11802 3630 4953 3466 
11803 8134 8135 8132 
11804 2909 2911 2910 
11805 2509 8329 3723 
11806 8131 8132 8130 
11807 2309 8705 2261 
11808 4511 4512 4510 
11809 4190 8378 4635 
11810 4657 4659 4658 
11811 4091 4468 4467 
11812 2837 5359 5332 
11813 6984 7094 5933 
11814 4259 8628 5263 
11815 7230 8678 8603 
11816 2408 2410 2409 
11817 4725 8390 4595 
11818 3559 8434 3959 
11819 4483 4484 4482 
11820 4239 4809 4229 
11821 5423 5767 5422 
11822 5627 6074 5624 
11823 2002 3851 2000 
11824 4638 4640 4639 
11825 4659 4664 4663 
11826 2506 2507 2505 
11827 3637 3638 3636 
11828 3634 3646 3632 
11829 4640 4642 4641 
11830 2474 2476 2475 
11831 4228 4229 4227 
11832 2476 2478 2477 
11833 7005 7006 1683 
11834 7621 7625 4710 
11835 7440 7441 7438 
11836 2345 8343 2347 
11837 2756 2757 2755 
11838 4365 5129 4650 
11839 7135 8920 2511 
11840 4285 4638 4637 
11841 5411 5413 5412 
11842 4174 5651 3870 
11843 3507 8562 3168 
11844 4595 8390 4597 
11845 5620 6076 5617 
11846 2006 2117 2004 
11847 6001 8401 4877 
11848 5155 8503 6685 
11849 4195 5869 4974 
11850 1665 6416 6415 
11851 5609 5611 5608 
11852 4509 4510 4508 
11853 3175 3183 3182 
11854 3982 8332 4048 
11855 4664 4666 4665 
11856 3052 3053 3051 
11857 2165 3829 2163 
11858 4676 4679 4678 
11859 7917 7921 7920 
11860 4876 8463 5356 
11861 5949 7059 5948 
11862 5576 5578 5577 
11863 3334 3335 3333 
11864 2584 8640 5488 
11865 5928 8960 6758 
11866 3876 5864 4078 
11867 4674 4676 4675 
11868 5100 5102 5101 
11869 1737 6369 6368 
11870 2216 2218 2217 
11871 4672 4674 4673 
11872 5706 6102 5704 
11873 5611 6077 5608 
11874 2907 2909 2908 
11875 3603 9044 8981 
11876 2067 2072 2068 
11877 4843 5153 4868 
11878 5045 5046 4987 
11879 4851 5519 4853 
11880 4196 4368 3638 
11881 6334 7072 5876 
11882 4668 4672 4671 
11883 2381 7917 7916 
11884 6792 6793 5590 
11885 3053 8256 3051 
11886 5712 6100 5710 
11887 4398 5919 4396 
11888 4573 4575 4574 
11889 4666 4668 4667 
11890 2758 2759 2757 
11891 5713 8380 5690 
11892 3018 3178 3016 
11893 4999 5138 4368 
11894 4332 8345 4804 
11895 4041 9178 6892 
11896 2701 2704 2703 
11897 7917 7920 7919 
11898 1947 2619 1945 
11899 4855 5673 5672 
11900 4097 5464 5205 
11901 4283 4285 4284 
11902 2510 8329 2509 
11903 4336 5030 5028 
11904 2270 8747 2252 
11905 5771 8422 5768 
11906 5429 8383 3848 
11907 2676 3213 2642 
11908 4444 8408 4447 
11909 2669 2671 2670 
11910 5755 6122 5753 
11911 3142 3144 3143 
11912 5487 8374 4849 
11913 4726 5574 4712 
11914 5644 7128 7127 
11915 2905 2907 2906 
11916 3134 3135 3133 
11917 2005 2097 2007 
11918 4923 8413 4925 
11919 2760 2761 2759 
11920 3813 8386 4958 
11921 2768 2769 2767 
11922 5399 5401 5400 
11923 8751 8792 5987 
11924 5980 8828 8701 
11925 3245 3246 3240 
11926 3035 3037 3036 
11927 6263 6311 6262 
11928 6261 6262 6260 
11929 6312 6316 6311 
11930 2045 8491 2381 
11931 1902 1903 1901 
11932 4048 8332 4261 
11933 4330 8345 4332 
11934 5326 8437 8098 
11935 3328 3330 3329 
11936 5555 8360 5571 
11937 4279 4281 4280 
11938 4776 4778 4777 
11939 2448 8404 2450 
11940 4245 4712 4244 
11941 4281 4283 4282 
11942 5682 6676 6675 
11943 4885 4886 4842 
11944 3031 3032 3029 
11945 5421 5422 5420 
11946 3055 3056 3053 
11947 5027 6008 4246 
11948 5555 5571 5568 
11949 3800 3802 3801 
11950 6259 6260 6258 
11951 2238 3830 2240 
11952 2903 2905 2904 
11953 4701 8694 5092 
11954 5137 8499 7750 
11955 4228 4230 4229 
11956 5182 5185 4877 
11957 3356 8403 3359 
11958 4490 4491 4488 
11959 8431 8599 2296 
11960 2885 2887 2886 
11961 2887 2889 2888 
11962 5136 8532 7718 
11963 3467 3468 3278 
11964 2458 2652 2456 
11965 4477 4952 4476 
11966 5634 6071 5631 
11967 3798 3800 3799 
11968 5183 8040 6565 
11969 7128 9279 7194 
11970 2214 2216 2215 
11971 4772 4774 4773 
11972 3853 4105 3814 
11973 1943 4552 1941 
11974 4409 8404 2448 
11975 2883 2885 2884 
11976 5718 5719 5015 
11977 3725 8365 2171 
11978 6005 6007 4556 
11979 3033 3822 3035 
11980 2901 2903 2902 
11981 2924 2925 2923 
11982 2131 2132 2129 
11983 9112 9141 6249 
11984 4876 4877 4105 
11985 2072 2075 2073 
11986 4549 4551 4550 
11987 4468 4508 4467 
11988 2140 2141 2139 
11989 3716 8924 8868 
11990 2891 2893 2892 
11991 5970 7636 7635 
11992 3469 4244 3468 
11993 2346 8431 2296 
11994 2893 2895 2894 
11995 4497 4499 4498 
11996 4228 8335 4230 
11997 2889 2891 2890 
11998 6514 6606 6464 
11999 8004 8686 4969 
12000 2064 2091 2062 
12001 3077 3098 3097 
12002 2895 2897 2896 
12003 4234 5019 5014 
12004 4277 4279 4278 
12005 2504 2505 2503 
12006 2899 2901 2900 
12007 3302 3303 3253 
12008 4115 4116 4114 
12009 5741 8353 4075 
12010 4778 5203 5195 
12011 2514 8523 2513 
12012 4339 4995 4338 
12013 3028 8342 5341 
12014 5978 8632 8352 
12015 4467 8409 3840 
12016 5747 5748 5746 
12017 2162 3946 2164 
12018 7770 7904 4720 
12019 2872 2879 2878 
12020 2708 2710 2709 
12021 2897 2899 2898 
12022 4847 6132 6131 
12023 4785 8391 5747 
12024 2268 2287 2271 
12025 3723 4234 4233 
12026 5434 5435 5433 
12027 3949 3950 3948 
12028 3837 8409 3835 
12029 4389 4864 4390 
12030 2245 2376 2246 
12031 3553 8363 3972 
12032 3715 8424 8342 
12033 3500 8421 3441 
12034 4459 4474 4457 
12035 5678 6647 5142 
12036 7419 7421 7417 
12037 2450 2451 2449 
12038 4700 5235 3943 
12039 2058 2385 2056 
12040 5687 8380 5686 
12041 4487 8368 4492 
12042 4336 4337 4335 
12043 2881 2883 2882 
12044 2075 2077 2076 
12045 3844 3845 3522 
12046 4366 4847 4367 
12047 3953 5026 5025 
12048 5311 7345 6910 
12049 4091 4467 3840 
12050 3332 3333 3331 
12051 4832 6881 5151 
12052 2212 2214 2213 
12053 4307 4308 4306 
12054 3156 8604 3158 
12055 5157 5186 4888 
12056 4275 4277 4276 
12057 3033 3035 3034 
12058 5979 7465 5978 
12059 8279 8686 8542 
12060 5014 5015 4233 
12061 6473 6476 1646 
12062 5182 5891 5185 
12063 5552 8360 5555 
12064 4443 5986 4445 
12065 4936 8212 4934 
12066 3216 3218 3217 
12067 2870 2872 2871 
12068 2273 4554 3727 
12069 4126 4127 3984 
12070 5669 8351 5671 
12071 8383 8477 3848 
12072 3132 3133 3131 
12073 5763 5764 5258 
12074 4867 8694 4429 
12075 3768 3769 3767 
12076 5123 6012 6011 
12077 5592 8334 5594 
12078 4310 8509 3710 
12079 3442 8238 3371 
12080 4547 4549 4548 
12081 2502 2503 2500 
12082 6633 6634 6632 
12083 3727 8483 4365 
12084 5700 6104 5698 
12085 2077 2079 2078 
12086 5062 8303 4047 
12087 418 1664 419 
12088 5774 8454 5776 
12089 2529 2609 2527 
12090 3725 8366 8365 
12091 2837 8506 5359 
12092 2079 2084 2080 
12093 4106 4876 4105 
12094 5335 8178 4379 
12095 7269 7274 7272 
12096 2519 3819 2517 
12097 6810 6841 5989 
12098 5985 6537 5983 
12099 4492 5023 4489 
12100 2033 2386 2035 
12101 5419 5420 5418 
12102 2210 2212 2211 
12103 4475 4476 4474 
12104 6056 6149 6055 
12105 3099 3104 3101 
12106 5431 5432 5429 
12107 3158 3386 3160 
12108 5454 8572 4850 
12109 4273 4275 4274 
12110 4407 8792 3209 
12111 3193 3422 3421 
12112 4194 4326 4080 
12113 2635 7580 2597 
12114 2222 3827 2224 
12115 5359 6979 6871 
12116 3809 4167 3807 
12117 2710 2712 2711 
12118 4099 4100 3645 
12119 6072 9237 9234 
12120 3462 8382 3523 
12121 5212 8230 4930 
12122 3140 3142 3141 
12123 2868 2870 2869 
12124 5318 8845 8822 
12125 6085 8316 6990 
12126 4904 8633 6906 
12127 4876 5182 4877 
12128 4944 8010 4942 
12129 3174 4547 3815 
12130 3324 3328 3327 
12131 4601 6015 5507 
12132 7669 7670 7668 
12133 8271 8429 3717 
12134 5692 5713 5690 
12135 5455 8616 3649 
12136 4334 4336 4335 
12137 2052 2088 2050 
12138 2230 3821 2232 
12139 3130 3131 3129 
12140 2941 2971 2943 
12141 2509 3723 2586 
12142 7105 7244 7103 
12143 5012 5811 5645 
12144 6150 6151 6149 
12145 4495 4497 4496 
12146 5126 6611 6082 
12147 6109 8045 4716 
12148 4492 8678 5024 
12149 5407 5411 5410 
12150 2712 2714 2713 
12151 5655 8292 4718 
12152 5024 5734 5023 
12153 3332 9307 3392 
12154 2208 2210 2209 
12155 5994 7896 5958 
12156 5417 5418 5416 
12157 4123 5399 4614 
12158 4202 4204 4203 
12159 2301 2311 2306 
12160 4214 5355 4704 
12161 6520 6632 6519 
12162 5521 5546 5520 
12163 4270 7582 5324 
12164 6062 8745 4984 
12165 3920 4200 4199 
12166 3713 4338 2579 
12167 4571 4573 4572 
12168 2644 4193 2831 
12169 3913 3915 3914 
12170 2381 8491 7917 
12171 4518 4520 4516 
12172 6154 6245 6153 
12173 405 1741 406 
12174 525 1739 526 
12175 1945 8356 1943 
12176 2452 8411 2451 
12177 3915 3920 3919 
12178 2009 3823 2011 
12179 4079 4080 3877 
12180 5126 5756 5079 
12181 6152 6153 6151 
12182 3980 4136 3647 
12183 4920 8390 5678 
12184 5681 6125 6124 
12185 3883 3913 3912 
12186 6050 6052 4973 
12187 3060 3065 3062 
12188 2592 4609 2577 
12189 6809 6905 5919 
12190 5950 5951 5740 
12191 2242 2245 2244 
12192 3285 3286 3242 
12193 591 1751 592 
12194 4810 5147 5146 
12195 5028 5029 4337 
12196 7671 7672 7670 
12197 2206 2208 2207 
12198 7675 7677 7674 
12199 7673 7674 7672 
12200 5432 8383 5429 
12201 2669 2670 2654 
12202 3045 3052 3051 
12203 7815 8574 7861 
12204 3523 8382 4214 
12205 7665 7737 2323 
12206 2542 8545 2544 
12207 2513 8329 2510 
12208 2459 4465 2651 
12209 2287 2293 2288 
12210 5716 8472 8253 
12211 6054 6055 6053 
12212 2226 2267 2228 
12213 5676 6111 5677 
12214 4009 4010 3952 
12215 4521 4522 4520 
12216 4252 4253 3931 
12217 2234 2264 2236 
12218 2202 2204 2203 
12219 4493 4495 4494 
12220 7626 7645 7625 
12221 3881 3883 3882 
12222 4261 8332 5343 
12223 5102 6160 6159 
12224 3056 3059 3058 
12225 2498 2499 2497 
12226 2931 3820 2933 
12227 3341 4206 3339 
12228 4602 6035 6006 
12229 3796 3798 3797 
12230 3039 3049 3041 
12231 7924 8855 7712 
12232 5671 8351 6575 
12233 2486 2487 2484 
12234 5328 8437 5326 
12235 2866 2868 2867 
12236 2523 2575 2521 
12237 2204 2206 2205 
12238 5030 5815 5028 
12239 8497 8548 8176 
12240 2200 2202 2201 
12241 4752 5603 4297 
12242 3138 3140 3139 
12243 3365 3924 3363 
12244 4610 4634 4609 
12245 5904 6964 5167 
12246 5290 6805 6114 
12247 4394 5650 5649 
12248 6248 6295 6247 
12249 4239 4810 4809 
12250 2372 8339 2371 
12251 5595 8334 5592 
12252 3874 3881 3880 
12253 6246 6247 6245 
12254 2289 8412 2167 
12255 2535 2576 2533 
12256 1939 2985 1937 
12257 2714 2716 2715 
12258 3351 4219 3349 
12259 2039 2070 2041 
12260 5531 5553 5550 
12261 2034 2388 2032 
12262 7650 7651 7649 
12263 3287 6004 3516 
12264 2198 2200 2199 
12265 6300 6516 6299 
12266 4615 4617 4616 
12267 4539 4542 4541 
12268 2589 2596 2595 
12269 6649 6650 5148 
12270 4810 5662 5147 
12271 4535 4763 4537 
12272 6296 6297 6295 
12273 3355 4218 3353 
12274 4870 4871 4599 
12275 3052 4602 3055 
12276 2848 7344 2677 
12277 4195 8568 5869 
12278 6032 6044 6043 
12279 5084 5397 4784 
12280 2196 2198 2197 
12281 2468 2469 2467 
12282 2496 2497 2495 
12283 7443 7444 7441 
12284 8234 8235 5487 
12285 5816 6599 5815 
12286 5539 8221 4631 
12287 5140 7941 7940 
12288 5117 8793 6347 
12289 3444 7644 3443 
12290 3008 3843 3006 
12291 8392 8393 5553 
12292 4883 5214 5204 
12293 2935 2983 2937 
12294 1998 2176 1996 
12295 2850 3151 2980 
12296 4523 4524 4522 
12297 3956 4349 4347 
12298 5342 8276 4924 
12299 3347 4205 3345 
12300 4230 4240 4239 
12301 5768 8422 5767 
12302 8483 8534 6579 
12303 5117 6347 6277 
12304 2864 2866 2865 
12305 5415 5416 5414 
12306 3128 3129 3127 
12307 5607 5608 5606 
12308 2927 2993 2929 
12309 3335 4207 3333 
12310 7221 7224 7223 
12311 2809 5439 2817 
12312 421 1689 422 
12313 2000 8579 1998 
12314 2102 2104 2103 
12315 6243 6244 6242 
12316 3092 3235 3234 
12317 2194 2196 2195 
12318 6028 6030 6029 
12319 2142 2143 2141 
12320 2494 2495 2492 
12321 2188 2190 2189 
12322 2345 8676 8343 
12323 6030 6032 6031 
12324 7447 7448 7446 
12325 4849 8374 4851 
12326 5496 6024 6023 
12327 5464 6085 6084 
12328 6563 8405 5598 
12329 3856 3956 3955 
12330 3947 8472 4699 
12331 3330 3331 3329 
12332 5718 6107 5719 
12333 2192 2194 2193 
12334 4617 4979 4978 
12335 3296 3828 3374 
12336 4227 8385 4811 
12337 5532 8514 5345 
12338 3452 3453 3451 
12339 6162 6165 6164 
12340 2716 2719 2718 
12341 5014 5718 5015 
12342 7555 7556 7553 
12343 3406 3407 3286 
12344 4929 8499 4931 
12345 7322 8331 7321 
12346 5809 8422 5771 
12347 5781 5804 5779 
12348 5773 5809 5771 
12349 4230 4239 4229 
12350 7445 7446 7444 
12351 5363 5364 5361 
12352 6026 6028 6027 
12353 3945 4344 4343 
12354 4531 4790 4533 
12355 4920 5678 5142 
12356 2482 2483 2480 
12357 2281 2282 2280 
12358 508 6378 509 
12359 5126 8476 6611 
12360 7451 7452 7450 
12361 3927 3957 3954 
12362 3792 3927 3926 
12363 3031 3033 3032 
12364 2144 2145 2143 
12365 4856 5496 5495 
12366 6482 6483 6481 
12367 3658 8480 3656 
12368 2466 2467 2465 
12369 6253 6254 6252 
12370 117 8609 116 
12371 5777 5807 5775 
12372 4234 5014 4233 
12373 2490 2491 2488 
12374 6029 8746 6027 
12375 3287 3288 3277 
12376 4892 4911 4910 
12377 7449 7450 7448 
12378 5596 6075 5593 
12379 2420 2425 2422 
12380 2862 2864 2863 
12381 5988 5989 4899 
12382 3876 8646 5864 
12383 7465 8632 5978 
12384 8821 8889 4060 
12385 2924 4515 3717 
12386 3012 3176 3010 
12387 3797 5402 3795 
12388 7706 7707 5220 
12389 5029 5126 5079 
12390 2455 8411 2452 
12391 2500 8451 2499 
12392 2921 2924 2923 
12393 3376 3475 3378 
12394 2254 8747 3593 
12395 2843 3509 3073 
12396 4603 5395 2161 
12397 2008 8584 2006 
12398 7684 7699 7681 
12399 509 1690 510 
12400 5972 8163 7073 
12401 3804 4166 3802 
12402 5942 5943 4077 
12403 2472 2473 2471 
12404 6906 6952 5923 
12405 4804 8425 4334 
12406 8326 8327 5595 
12407 5129 5134 4650 
12408 5785 5803 5783 
12409 5510 6816 5511 
12410 4756 5117 5115 
12411 4300 4301 4100 
12412 2826 2862 2861 
12413 3443 3817 3816 
12414 3723 4233 2586 
12415 6517 6519 6516 
12416 2340 8305 2338 
12417 5371 5390 5369 
12418 3434 8565 3953 
12419 2177 2178 2132 
12420 5531 8392 5553 
12421 3329 4208 3327 
12422 4605 4993 4992 
12423 7779 8815 5481 
12424 2509 2586 2507 
12425 2245 5403 2376 
12426 6298 6299 6297 
12427 2505 3935 2503 
12428 4110 4875 4108 
12429 3458 3459 3457 
12430 3790 3792 3791 
12431 3310 8431 2346 
12432 2040 2083 2038 
12433 2084 8359 2085 
12434 3052 3055 3053 
12435 4490 4493 4491 
12436 3136 3138 3137 
12437 5413 5414 5412 
12438 5397 8519 4784 
12439 7844 8658 8574 
12440 5115 5116 4757 
12441 5934 8649 4837 
12442 4809 8385 4229 
12443 6145 6147 6144 
12444 5662 5893 5147 
12445 2981 3112 3108 
12446 5403 5404 2376 
12447 4164 8501 4891 
12448 2470 2471 2469 
12449 2464 2465 2463 
12450 2660 2688 2659 
12451 4378 4600 2702 
12452 2218 2269 2220 
12453 4660 5561 4634 
12454 3410 3844 3522 
12455 4517 4519 4518 
12456 5495 8433 4854 
12457 5789 5802 5787 
12458 3292 3481 3294 
12459 3030 3048 3031 
12460 4515 4517 4516 
12461 3322 3324 3323 
12462 5401 6787 5400 
12463 3509 3721 3510 
12464 4521 4525 4523 
12465 3973 8494 3555 
12466 2214 3850 2216 
12467 4501 5021 4503 
12468 2104 2106 2105 
12469 4626 5520 3918 
12470 5355 7349 4704 
12471 7670 7701 7668 
12472 3027 3030 3029 
12473 3032 8342 3029 
12474 2856 3196 3087 
12475 1690 6383 510 
12476 4941 8114 4943 
12477 3284 8453 4438 
12478 3801 3806 3799 
12479 3422 3424 3423 
12480 4848 4849 4301 
12481 5676 5677 4519 
12482 2021 2387 2023 
12483 6472 6473 1646 
12484 5214 6888 6823 
12485 3894 3945 3944 
12486 4336 5028 4337 
12487 2146 2147 2145 
12488 3019 8955 7037 
12489 4602 6006 3055 
12490 3847 3949 3948 
12491 7677 7700 7674 
12492 2802 2804 2803 
12493 3174 3175 3144 
12494 4554 8534 8483 
12495 4497 5022 4499 
12496 8414 8753 7584 
12497 5604 5640 5249 
12498 4909 5352 5351 
12499 4374 5982 4177 
12500 7691 7698 7688 
12501 4952 5948 5466 
12502 2694 2695 2693 
12503 3424 3426 3425 
12504 2689 2964 2688 
12505 6061 6062 4984 
12506 2962 9490 6769 
12507 569 1615 570 
12508 3721 3894 3722 
12509 5503 9255 6820 
12510 3814 8401 3812 
12511 4972 8392 5531 
12512 1941 8369 1939 
12513 4996 5648 4995 
12514 2567 2573 2560 
12515 2191 3856 3831 
12516 2603 8328 2596 
12517 4851 8374 5519 
12518 4323 8618 3897 
12519 5793 5801 5791 
12520 5518 8552 6752 
12521 2966 3152 2967 
12522 5727 8656 4732 
12523 3529 3637 3636 
12524 4756 4757 4559 
12525 2451 8411 3796 
12526 5716 8253 6117 
12527 5767 6123 5422 
12528 5597 5607 5606 
12529 3328 3329 3327 
12530 2991 9407 7968 
12531 3800 3801 3799 
12532 3426 3428 3427 
12533 4680 4681 4679 
12534 5461 6158 5463 
12535 3784 3786 3785 
12536 3726 8359 2084 
12537 2273 3726 2084 
12538 2664 2966 2665 
12539 1995 2130 1997 
12540 2112 2114 2113 
12541 3782 3784 3783 
12542 3104 8341 3101 
12543 6183 6862 6182 
12544 5797 5798 5795 
12545 2915 2953 2917 
12546 3788 3790 3789 
12547 2114 2118 2115 
12548 2414 2427 2416 
12549 5673 6090 5672 
12550 2965 3082 2964 
12551 2462 2463 2461 
12552 5155 6685 6204 
12553 3428 3430 3429 
12554 3083 3146 3082 
12555 3029 8342 3028 
12556 5096 5935 5934 
12557 4527 4815 4529 
12558 2224 8419 2226 
12559 5340 8509 4310 
12560 2800 2802 2801 
12561 5552 8487 8360 
12562 5273 7996 5262 
12563 507 6379 508 
12564 2110 2112 2111 
12565 5231 8585 5229 
12566 2924 3717 2925 
12567 2106 2108 2107 
12568 2555 3860 2553 
12569 5341 8424 6994 
12570 6169 6171 6170 
12571 2108 2110 2109 
12572 4490 4711 4493 
12573 3134 3136 3135 
12574 6590 6967 6589 
12575 2156 2157 2155 
12576 2154 2155 2153 
12577 3027 3028 3026 
12578 5475 5477 4053 
12579 5446 6211 5448 
12580 4693 8556 4420 
12581 2150 2151 2149 
12582 3183 3287 3277 
12583 2152 2153 2151 
12584 3126 3127 3125 
12585 2148 2149 2147 
12586 2348 3310 2346 
12587 4545 5045 4987 
12588 4629 7639 4661 
12589 1999 4298 2001 
12590 2478 2479 2477 
12591 424 1716 425 
12592 5420 5425 5418 
12593 5358 5545 5544 
12594 3798 3799 3797 
12595 2499 2608 2497 
12596 2620 2659 2619 
12597 506 1717 507 
12598 4770 4771 4088 
12599 2446 8475 2445 
12600 2158 2159 2157 
12601 5882 6725 6691 
12602 3492 3499 3407 
12603 3786 3788 3787 
12604 5134 5903 5902 
12605 3075 3079 2961 
12606 3780 3782 3781 
12607 2010 4162 2008 
12608 5411 5412 5410 
12609 3710 8509 3433 
12610 3570 8564 3569 
12611 4229 8385 4227 
12612 5435 5872 5871 
12613 2909 2962 2911 
12614 5311 6910 5309 
12615 2027 2071 2029 
12616 4414 4416 4415 
12617 2168 2172 2170 
12618 2798 2800 2799 
12619 4750 4801 4695 
12620 5365 5682 5364 
12621 6850 6851 6254 
12622 3430 3434 3431 
12623 2675 3855 2673 
12624 573 1622 574 
12625 2460 2461 2441 
12626 5134 5902 4650 
12627 1991 3859 1993 
12628 3030 3031 3029 
12629 2474 2475 2473 
12630 4935 8532 4937 
12631 4123 4124 3806 
12632 423 6384 424 
12633 5307 6963 5305 
12634 3727 3728 3726 
12635 1973 1974 1972 
12636 2476 2477 2475 
12637 5399 5400 4614 
12638 4785 5746 5084 
12639 5039 5340 4310 
12640 1619 7495 7494 
12641 4631 4696 4243 
12642 4952 5466 4476 
12643 2070 8376 2041 
12644 3147 3241 3146 
12645 4550 4559 4548 
12646 4365 4366 3728 
12647 7702 9698 2335 
12648 3532 3533 3531 
12649 5359 6871 5332 
12650 4681 5071 4683 
12651 6942 8303 5062 
12652 2181 2391 2187 
12653 3916 8705 2309 
12654 7163 8561 7164 
12655 5346 8443 5536 
12656 2210 2272 2212 
12657 4901 8687 4423 
12658 4636 6096 6045 
12659 6072 6073 5679 
12660 4480 5426 3048 
12661 3027 3029 3028 
12662 8042 8528 5688 
12663 4604 9063 4502 
12664 4914 8562 3507 
12665 5545 6106 5544 
12666 5758 6600 5760 
12667 6202 8585 5231 
12668 2499 5358 2608 
12669 3154 6017 3156 
12670 1689 6708 6375 
12671 5572 6070 5569 
12672 6787 6788 5400 
12673 3844 5428 3848 
12674 8317 8468 2586 
12675 2022 2389 2020 
12676 5431 5850 5432 
12677 2118 2121 2119 
12678 4518 4521 4520 
12679 3972 8363 4270 
12680 2451 3796 3795 
12681 3434 3528 3435 
12682 5116 6235 5444 
12683 4676 4680 4679 
12684 5405 5406 5404 
12685 6155 6156 6047 
12686 7852 7854 7853 
12687 2137 4473 2135 
12688 4009 4785 4784 
12689 6021 8395 6022 
12690 5430 5433 5431 
12691 4393 8659 3567 
12692 2903 2973 2905 
12693 2206 3854 2208 
12694 3844 3848 3845 
12695 8881 8975 5999 
12696 3324 3327 3323 
12697 4819 5543 4821 
12698 5414 5424 5412 
12699 4336 8425 5030 
12700 2180 3858 2186 
12701 6085 6990 6989 
12702 7831 7833 7832 
12703 2162 8482 3946 
12704 4672 4677 4674 
12705 3124 3125 3123 
12706 4486 8603 8368 
12707 3950 4009 3952 
12708 5428 5430 5429 
12709 2187 2188 2182 
12710 5358 5544 2608 
12711 3801 4123 3806 
12712 3210 8685 5349 
12713 565 1625 566 
12714 8000 8934 8004 
12715 2181 2182 2175 
12716 4365 8483 5129 
12717 4515 4516 3717 
12718 2517 8523 2514 
12719 2880 4636 2992 
12720 5124 5828 4871 
12721 406 6601 407 
12722 6133 6638 6132 
12723 4666 4709 4668 
12724 3142 3174 3144 
12725 3778 3780 3779 
12726 2174 2175 2171 
12727 1994 4288 1992 
12728 4547 4548 3815 
12729 3817 4691 3818 
12730 6969 8437 5328 
12731 4105 8401 3814 
12732 4691 5143 4692 
12733 3157 8583 3155 
12734 5571 8381 5568 
12735 2503 8451 2500 
12736 3597 4897 3599 
12737 5579 8859 5577 
12738 6111 6112 5677 
12739 4551 8502 4550 
12740 4006 4321 4005 
12741 5435 5871 5433 
12742 3271 8438 2349 
12743 4412 4414 4413 
12744 2451 3795 2449 
12745 3992 3993 3540 
12746 4659 4736 4664 
12747 4487 4489 4488 
12748 5681 6124 4721 
12749 5407 5409 5406 
12750 6219 6220 5315 
12751 3482 7742 3254 
12752 3287 3516 3288 
12753 4484 4487 4485 
12754 6635 6636 6634 
12755 8342 8424 5341 
12756 5498 5500 4557 
12757 4542 5077 4543 
12758 3197 3402 3199 
12759 5126 6082 5756 
12760 2796 2798 2797 
12761 2273 3727 3726 
12762 6755 6756 5865 
12763 3323 4341 3321 
12764 6837 8166 5331 
12765 2266 2279 2278 
12766 524 6433 525 
12767 3727 4365 3728 
12768 5137 7750 7749 
12769 3573 8685 3212 
12770 5869 8490 4974 
12771 2790 2792 2791 
12772 2228 8420 2230 
12773 4365 4650 4366 
12774 3189 3302 3253 
12775 5868 6589 5866 
12776 4012 4717 4014 
12777 5233 6202 5231 
12778 4847 6133 6132 
12779 3132 3134 3133 
12780 252 1676 251 
12781 215 1675 214 
12782 7084 7087 7086 
12783 3996 5301 5299 
12784 6241 6242 5038 
12785 2440 2442 2373 
12786 5517 6984 5933 
12787 4631 8221 4696 
12788 4521 4523 4522 
12789 6691 8503 4864 
12790 3645 8416 3442 
12791 2170 2171 2169 
12792 5997 8575 4508 
12793 5519 8473 4853 
12794 2897 2986 2899 
12795 3542 4005 3499 
12796 4196 4999 4368 
12797 4326 5347 5346 
12798 2028 2082 2026 
12799 5213 5930 4404 
12800 4523 4865 4524 
12801 4855 8473 5673 
12802 4849 4850 4301 
12803 2202 2274 2204 
12804 4877 8401 4105 
12805 8235 8374 5487 
12806 4106 8463 4876 
12807 3637 4196 3638 
12808 2671 2837 2670 
12809 2121 2123 2122 
12810 2141 2436 2139 
12811 5864 5865 4078 
12812 5027 6009 6008 
12813 4517 4518 4516 
12814 5251 8750 3592 
12815 6171 6173 6172 
12816 5554 6058 5551 
12817 2691 2692 2680 
12818 3004 3088 3002 
12819 2283 2284 2282 
12820 4655 4744 4657 
12821 5534 8652 4102 
12822 5496 6025 6024 
12823 2123 2126 2124 
12824 5568 8381 5570 
12825 4559 8752 8733 
12826 5410 5810 5409 
12827 7826 8576 7825 
12828 4322 4694 4321 
12829 3043 8432 3045 
12830 6442 7897 5128 
12831 4549 4550 4548 
12832 3089 3263 3079 
12833 3122 3123 3121 
12834 4190 4243 3889 
12835 1933 3274 1931 
12836 4623 6078 4983 
12837 6772 8389 5510 
12838 4214 8382 5355 
12839 8011 8012 5206 
12840 3238 3245 3240 
12841 3403 3450 3449 
12842 3454 3455 3453 
12843 5010 8603 4505 
12844 6990 6992 6991 
12845 5156 6863 4401 
12846 2236 8402 2238 
12847 2126 2128 2127 
12848 2794 2796 2795 
12849 2232 8427 2234 
12850 7845 7846 7832 
12851 5283 8364 5285 
12852 3021 3046 3023 
12853 4347 4348 3955 
12854 3168 8562 3069 
12855 3793 4327 3759 
12856 4076 4471 4470 
12857 2315 2316 2314 
12858 2880 2881 2879 
12859 3136 3191 3138 
12860 7917 8491 7921 
12861 5948 7135 5466 
12862 2128 2131 2129 
12863 3776 3778 3777 
12864 2640 2664 2641 
12865 505 6674 506 
12866 3651 5455 3649 
12867 2891 2991 2893 
12868 3269 3467 3278 
12869 571 1753 572 
12870 214 8435 213 
12871 2636 2833 2635 
12872 2547 2579 2545 
12873 6025 6026 6024 
12874 5945 6621 6620 
12875 2198 3857 2200 
12876 2072 3470 2075 
12877 4114 4872 4112 
12878 2445 4507 2443 
12879 4851 4852 4850 
12880 4614 4615 4124 
12881 3810 8607 4117 
12882 2328 2329 2327 
12883 2792 2794 2793 
12884 5863 8812 4743 
12885 5734 5806 5023 
12886 2168 2169 2167 
12887 8655 8781 8143 
12888 4982 8533 3511 
12889 2220 8455 2222 
12890 5403 5405 5404 
12891 5332 6005 4556 
12892 4788 5739 5738 
12893 2834 2997 2833 
12894 3174 3815 3175 
12895 3130 3132 3131 
12896 6045 6846 2992 
12897 2079 2273 2084 
12898 3827 8419 2224 
12899 425 6418 426 
12900 2449 8475 2446 
12901 4489 4490 4488 
12902 4997 4998 4253 
12903 5775 8450 5773 
12904 2998 3194 2997 
12905 2499 8451 5358 
12906 577 1631 578 
12907 566 6490 567 
12908 4849 4851 4850 
12909 1689 6374 422 
12910 5136 7718 7717 
12911 4853 4854 4852 
12912 5430 5431 5429 
12913 3349 8430 3347 
12914 4756 5115 4757 
12915 3657 3658 3656 
12916 4776 4777 4774 
12917 3949 8391 3950 
12918 4606 8703 6019 
12919 4108 8463 4106 
12920 3630 8387 4953 
12921 4855 4856 4854 
12922 2696 2697 2695 
12923 6201 6862 6183 
12924 3320 3322 3321 
12925 5117 6277 5115 
12926 2811 4623 2825 
12927 2599 2635 2597 
12928 5263 8628 7328 
12929 3260 3445 3309 
12930 4410 4412 4411 
12931 2925 8429 2927 
12932 250 1822 249 
12933 217 1823 216 
12934 3248 3478 3243 
12935 567 1754 568 
12936 4503 8448 4605 
12937 2919 8446 2921 
12938 3120 3121 3119 
12939 5428 5429 3848 
12940 9226 9253 6890 
12941 3796 3797 3795 
12942 3015 3047 3017 
12943 8034 8874 3516 
12944 2191 2192 2190 
12945 2041 2042 2040 
12946 3211 8751 3275 
12947 4245 4726 4712 
12948 4123 4614 4124 
12949 5682 5683 5364 
12950 4851 4853 4852 
12951 4009 4784 4010 
12952 4420 8556 4421 
12953 5396 5724 5395 
12954 3830 8520 2240 
12955 1913 1915 1914 
12956 3235 3237 3236 
12957 527 1617 528 
12958 403 1616 404 
12959 4061 8529 8332 
12960 2039 2041 2040 
12961 2238 8402 3830 
12962 4349 5011 4347 
12963 3751 8638 4118 
12964 7854 7860 7855 
12965 4550 4756 4559 
12966 3128 3130 3129 
12967 7802 7803 5212 
12968 4853 4855 4854 
12969 3956 4347 3955 
12970 5697 8567 5699 
12971 254 1824 253 
12972 213 1827 212 
12973 4487 4488 4485 
12974 4855 5672 4856 
12975 6094 6095 5008 
12976 2194 2276 2196 
12977 4334 8425 4336 
12978 2630 8761 7366 
12979 5348 8638 3739 
12980 4405 8764 5924 
12981 2549 4410 2563 
12982 6629 8589 5109 
12983 8621 8706 4158 
12984 2161 8482 2159 
12985 3766 3767 3765 
12986 5779 8449 5777 
12987 2619 8356 1945 
12988 1900 1901 1899 
12989 2719 2721 2720 
12990 3528 8538 3529 
12991 2691 2693 2692 
12992 3745 8836 4621 
12993 3118 3119 3117 
12994 2285 2286 2284 
12995 3655 3656 3653 
12996 3218 3220 3219 
12997 218 8474 217 
12998 7869 8611 7873 
12999 4418 4422 4420 
13000 2531 8445 2529 
13001 5286 8364 5283 
13002 4645 4754 4647 
13003 1943 8356 4552 
13004 3774 3776 3775 
13005 3819 8523 2517 
13006 4018 4370 4020 
13007 4785 5084 4784 
13008 2885 2987 2887 
13009 3353 8441 3351 
13010 5660 5661 5534 
13011 5597 5606 5596 
13012 5202 8212 4936 
13013 3469 4245 4244 
13014 1929 3842 1927 
13015 3033 8459 3822 
13016 5405 5407 5406 
13017 3405 9059 7406 
13018 3130 3186 3132 
13019 4778 5195 4777 
13020 1907 1909 1908 
13021 2226 8419 2267 
13022 561 1635 562 
13023 5407 5410 5409 
13024 4471 5112 4472 
13025 1990 2295 1988 
13026 3140 8497 3142 
13027 4772 4773 4771 
13028 5359 8498 6979 
13029 2037 2039 2038 
13030 2533 8444 2531 
13031 2039 2040 2038 
13032 7831 7832 7829 
13033 4438 8453 5972 
13034 2521 8573 2519 
13035 2527 8593 2525 
13036 2188 2191 2190 
13037 3262 8305 2340 
13038 2370 2433 2380 
13039 255 8456 254 
13040 212 8488 211 
13041 4422 4705 4693 
13042 7840 7847 7838 
13043 5783 8457 5781 
13044 2085 8359 2092 
13045 5361 8439 4551 
13046 2147 2308 2145 
13047 2391 5990 2187 
13048 3856 3955 3831 
13049 219 1686 218 
13050 248 1685 247 
13051 2240 8520 2242 
13052 4079 4194 4080 
13053 5746 5892 5084 
13054 5772 9119 5774 
13055 2222 8455 3827 
13056 3201 8168 4917 
13057 2837 4556 2670 
13058 4729 4730 4728 
13059 5056 5058 5057 
13060 564 6508 565 
13061 8648 8879 3438 
13062 4617 5200 4979 
13063 4829 8653 5599 
13064 5227 8344 5224 
13065 5285 8364 6996 
13066 4569 4571 4570 
13067 5443 8752 4757 
13068 4484 4485 4482 
13069 576 6488 577 
13070 4589 4591 4587 
13071 6981 9013 6983 
13072 4499 8461 4501 
13073 8051 9561 2297 
13074 4598 6010 4869 
13075 575 1752 576 
13076 2166 2167 2165 
13077 2607 2615 2605 
13078 2293 2300 2294 
13079 3467 3469 3468 
13080 3319 3929 3317 
13081 5281 5465 5279 
13082 2354 2355 2351 
13083 6700 6985 5661 
13084 3322 3323 3321 
13085 2035 2037 2036 
13086 5594 5597 5596 
13087 2037 2038 2036 
13088 5077 8766 8595 
13089 1937 8442 1935 
13090 4119 4120 2972 
13091 5682 6675 5683 
13092 5200 6038 4979 
13093 3175 8478 3183 
13094 4454 8655 8146 
13095 7195 8582 5691 
13096 2230 8420 3821 
13097 2837 5332 4556 
13098 6238 8684 8452 
13099 5522 5524 4618 
13100 7823 7844 7821 
13101 3286 8566 3242 
13102 8361 8362 5571 
13103 4638 4791 4640 
13104 5592 5594 5593 
13105 8279 8542 4485 
13106 3717 8429 2925 
13107 3659 3660 3658 
13108 5190 8723 4818 
13109 5533 5534 4102 
13110 2529 8445 2609 
13111 2872 2880 2879 
13112 5448 8479 5461 
13113 2360 8971 7393 
13114 6001 8607 8401 
13115 4100 8416 3645 
13116 1739 6373 526 
13117 7514 8915 7513 
13118 6271 6273 6272 
13119 3739 8638 3743 
13120 5029 8476 5126 
13121 3003 3514 3005 
13122 4552 8369 1941 
13123 3174 8497 4547 
13124 1615 6484 570 
13125 8135 8138 8132 
13126 3471 3482 3254 
13127 256 1649 255 
13128 211 1648 210 
13129 3045 8432 3052 
13130 8341 8581 3103 
13131 3575 4914 3507 
13132 3378 8462 3410 
13133 3109 3110 2982 
13134 2519 8573 3819 
13135 428 1764 429 
13136 502 1765 503 
13137 6293 6629 5109 
13138 2507 8468 2505 
13139 3025 3026 3024 
13140 5787 8466 5785 
13141 5028 8476 5029 
13142 1986 3878 1984 
13143 4870 5124 4871 
13144 5444 8492 5446 
13145 2191 8569 3856 
13146 5313 5316 3477 
13147 426 1747 427 
13148 504 1748 505 
13149 3851 8579 2000 
13150 2267 8420 2228 
13151 3558 3559 3418 
13152 2181 2187 2182 
13153 3422 4553 3424 
13154 2174 2181 2175 
13155 7852 7853 7842 
13156 1939 8369 2985 
13157 4196 5000 4999 
13158 2688 2877 2659 
13159 4824 5054 5053 
13160 3126 3128 3127 
13161 3598 8907 3596 
13162 2170 2174 2171 
13163 4767 8902 1926 
13164 4194 8563 4326 
13165 4024 4354 4026 
13166 3821 8427 2232 
13167 5473 6921 6709 
13168 5002 5003 4735 
13169 2035 2036 2034 
13170 2953 8777 8644 
13171 5553 8487 5550 
13172 2015 2074 2017 
13173 7258 8554 7257 
13174 3426 3432 3428 
13175 3918 8736 3259 
13176 2986 9440 7972 
13177 3802 8510 3801 
13178 2317 2318 2316 
13179 3935 8451 2503 
13180 3052 8432 4602 
13181 4272 5070 5069 
13182 3325 8601 3256 
13183 8681 8859 3670 
13184 3196 8337 3197 
13185 5510 8389 6816 
13186 4166 8510 3802 
13187 2159 2160 2157 
13188 5100 5101 5098 
13189 4272 4273 4204 
13190 1976 2632 1974 
13191 2264 8402 2236 
13192 6008 8538 4246 
13193 4240 8471 4239 
13194 3048 8459 3031 
13195 7101 7102 7099 
13196 2168 2170 2169 
13197 4892 4910 4165 
13198 3124 3190 3126 
13199 5937 5938 5524 
13200 7818 8574 7815 
13201 2159 2162 2160 
13202 5524 8657 4618 
13203 5058 5842 5081 
13204 563 1755 564 
13205 562 6491 563 
13206 3025 3027 3026 
13207 581 1641 582 
13208 5303 8622 8262 
13209 2825 2826 2812 
13210 3845 8477 3847 
13211 3632 8387 3630 
13212 4875 8463 4108 
13213 1982 2364 1980 
13214 4270 8363 7582 
13215 3398 3399 3246 
13216 2477 2835 2475 
13217 2191 3831 2192 
13218 4864 8503 4390 
13219 4542 5440 5077 
13220 3894 4960 3945 
13221 2033 2035 2034 
13222 3434 3953 3528 
13223 4416 8674 4415 
13224 5997 8721 8575 
13225 2804 8464 2803 
13226 3442 8416 8238 
13227 8327 8334 5595 
13228 2948 8761 2662 
13229 5430 8731 5434 
13230 4123 8510 5399 
13231 5791 8485 5789 
13232 2131 2177 2132 
13233 4810 8471 5662 
13234 3103 8581 3193 
13235 3993 8452 3995 
13236 5510 5511 4911 
13237 2739 2741 2740 
13238 5594 5596 5593 
13239 5152 6222 5069 
13240 6019 6020 5338 
13241 503 6398 504 
13242 1925 3969 1923 
13243 3009 3054 3011 
13244 2234 8427 2264 
13245 2525 8598 2523 
13246 2166 2168 2167 
13247 4636 6045 2992 
13248 2698 2699 2697 
13249 2162 2163 2160 
13250 427 6396 428 
13251 3031 8459 3033 
13252 5773 8450 5809 
13253 7707 8807 5484 
13254 2279 2281 2280 
13255 7119 7120 7118 
13256 2999 5483 3001 
13257 1928 8902 4737 
13258 4245 5255 4726 
13259 2704 2705 2703 
13260 2811 2812 2804 
13261 3437 8794 3524 
13262 4281 4828 4283 
13263 5175 6792 5590 
13264 5070 6258 5152 
13265 4219 8430 3349 
13266 2153 2996 2151 
13267 560 6510 561 
13268 4505 8603 4486 
13269 4893 5556 4120 
13270 3662 3663 3660 
13271 2368 8517 2344 
13272 2866 2952 2868 
13273 3772 3774 3773 
13274 1973 2432 1975 
13275 1754 6562 568 
13276 1987 2275 1989 
13277 557 1642 558 
13278 4802 5097 4801 
13279 3850 9139 9126 
13280 2728 4173 2730 
13281 2164 2165 2163 
13282 4239 8471 4810 
13283 1935 8484 1933 
13284 2269 8455 2220 
13285 5426 8459 3048 
13286 5301 5482 5302 
13287 3953 4246 3528 
13288 3950 8391 4009 
13289 7833 7845 7832 
13290 2880 2992 2881 
13291 2319 2320 2318 
13292 3347 8430 4205 
13293 5599 6563 5598 
13294 2575 8573 2521 
13295 5000 5207 4999 
13296 5000 5728 5207 
13297 2576 8444 2533 
13298 6080 6081 4983 
13299 7344 8828 4561 
13300 7803 8230 5212 
13301 2407 8954 2405 
13302 5807 8450 5775 
13303 2033 2034 2032 
13304 2700 2701 2699 
13305 585 1651 586 
13306 4079 4195 4194 
13307 5377 5391 5375 
13308 5573 5592 5591 
13309 3509 4320 3721 
13310 4201 4202 4200 
13311 2031 2033 2032 
13312 5795 8495 5793 
13313 3146 3232 3082 
13314 4974 6051 6050 
13315 5255 7166 4726 
13316 4030 4290 4032 
13317 5815 8476 5028 
13318 1622 6598 574 
13319 3124 3126 3125 
13320 2927 8429 2993 
13321 4583 4584 4582 
13322 5025 5732 5027 
13323 2721 2723 2722 
13324 3106 3863 3862 
13325 5224 8344 4567 
13326 2374 2441 2440 
13327 4812 4814 4083 
13328 435 1763 436 
13329 495 1762 496 
13330 4075 8353 5735 
13331 3311 3312 3185 
13332 5255 7167 7166 
13333 2921 8446 2924 
13334 4897 5911 4898 
13335 8033 8663 3267 
13336 3483 4085 3482 
13337 7633 9474 7631 
13338 6267 6791 6220 
13339 2881 8460 2883 
13340 5025 5027 4246 
13341 7094 9394 5933 
13342 5007 7640 5657 
13343 3112 3299 3298 
13344 2547 8818 3713 
13345 3351 8441 4219 
13346 2924 8446 4515 
13347 8276 8571 4922 
13348 222 1709 221 
13349 245 1708 244 
13350 2016 2081 2014 
13351 3529 8538 3637 
13352 3287 8478 6004 
13353 4195 4974 4973 
13354 2734 3106 2789 
13355 4131 8559 4133 
13356 4366 8469 4847 
13357 3848 8477 3845 
13358 2177 2184 2178 
13359 4705 8597 5664 
13360 2242 8520 2245 
13361 8401 8607 3812 
13362 5804 8449 5779 
13363 3066 8560 7315 
13364 5777 8449 5807 
13365 3953 5025 4246 
13366 2682 8769 5265 
13367 2505 8468 3935 
13368 4218 8441 3353 
13369 5592 5593 5591 
13370 2471 2684 2469 
13371 5422 8507 5420 
13372 3242 8566 3241 
13373 3494 4126 3984 
13374 5728 6105 5207 
13375 2706 2707 2705 
13376 3795 8475 2449 
13377 5575 5576 4814 
13378 4581 4582 4580 
13379 2353 2374 2373 
13380 3664 3665 3663 
13381 4774 8600 4773 
13382 5183 6565 5184 
13383 3953 8565 5026 
13384 5023 8467 4489 
13385 5677 8526 4519 
13386 3116 3117 3115 
13387 4537 8591 4539 
13388 3318 3320 3319 
13389 5021 8448 4503 
13390 5199 8010 4944 
13391 5022 8461 4499 
13392 579 1756 580 
13393 2586 8468 2507 
13394 3675 3676 3674 
13395 4996 8505 5648 
13396 5654 6570 6087 
13397 4605 8448 4993 
13398 580 6496 581 
13399 2162 2164 2163 
13400 7436 8415 7460 
13401 4508 8575 4467 
13402 2104 3884 2106 
13403 3122 3124 3123 
13404 2128 2133 2131 
13405 3023 3024 3022 
13406 5781 8457 5804 
13407 2291 5472 2299 
13408 4974 6050 4973 
13409 2164 2166 2165 
13410 2803 8464 2809 
13411 4560 7029 7027 
13412 1799 8609 117 
13413 2523 8598 2575 
13414 242 1715 241 
13415 225 1714 224 
13416 5159 8447 6556 
13417 3900 3901 3608 
13418 5219 6155 6047 
13419 2031 2032 2030 
13420 4008 8963 7052 
13421 429 6400 430 
13422 4501 8461 5021 
13423 501 6395 502 
13424 3863 3865 3864 
13425 5343 8529 5848 
13426 549 1662 550 
13427 3815 8478 3175 
13428 4086 4816 4085 
13429 2114 2120 2118 
13430 2609 8593 2527 
13431 8439 8502 4551 
13432 6375 6376 6374 
13433 552 1656 553 
13434 3797 8516 5402 
13435 5195 5215 4777 
13436 3896 4072 4071 
13437 5440 6279 5441 
13438 4036 4241 4038 
13439 5464 8965 6085 
13440 4378 5167 4600 
13441 4069 4740 4739 
13442 2349 2353 2352 
13443 5473 5882 4864 
13444 3021 3022 3020 
13445 4649 8525 4655 
13446 3998 4002 4001 
13447 5045 6217 5109 
13448 4195 4973 4194 
13449 588 1659 589 
13450 2177 3876 2184 
13451 3496 5942 4077 
13452 5803 8457 5783 
13453 4275 5016 4277 
13454 8593 8598 2525 
13455 4177 8494 3973 
13456 7254 8693 7251 
13457 8733 8752 6004 
13458 3407 3849 3286 
13459 4869 4870 4599 
13460 5364 8439 5361 
13461 4721 8511 4349 
13462 4579 4580 4578 
13463 3320 3321 3319 
13464 3865 3867 3866 
13465 4519 8526 4518 
13466 8409 8575 5357 
13467 4129 4435 4131 
13468 2029 2031 2030 
13469 2802 2811 2804 
13470 4756 8502 5117 
13471 3272 3460 3172 
13472 3193 8581 3422 
13473 5092 8694 6719 
13474 7854 7855 7853 
13475 2673 8506 2671 
13476 8094 8213 8091 
13477 6007 8486 4556 
13478 500 1769 501 
13479 430 1768 431 
13480 3163 3925 3161 
13481 3867 3870 3868 
13482 5402 8475 3795 
13483 5229 8585 8223 
13484 3646 8387 3632 
13485 3876 4078 3877 
13486 3806 8516 3799 
13487 5902 8469 4650 
13488 2826 2958 2862 
13489 3812 8607 3810 
13490 2465 2678 2463 
13491 3197 8337 3402 
13492 4674 8522 4676 
13493 5309 8508 5307 
13494 1931 8512 1929 
13495 2723 2726 2724 
13496 3450 3452 3451 
13497 3257 8608 3326 
13498 3495 4951 4950 
13499 1695 8611 7869 
13500 4853 8473 4855 
13501 2708 2709 2707 
13502 4550 8502 4756 
13503 7892 9212 7891 
13504 497 1770 498 
13505 433 1771 434 
13506 241 8521 240 
13507 7464 8948 3670 
13508 1979 2332 1981 
13509 4650 8469 4366 
13510 3475 8462 3378 
13511 559 1757 560 
13512 4521 8526 4525 
13513 4078 4079 3877 
13514 2789 2790 2735 
13515 4838 5183 4839 
13516 3250 8633 3505 
13517 4490 8467 4711 
13518 4870 5528 5124 
13519 4202 4272 4204 
13520 2108 2392 2110 
13521 5457 6927 5458 
13522 5395 8482 2161 
13523 5570 5573 5572 
13524 4668 8527 4672 
13525 3828 8893 8833 
13526 2782 5450 3512 
13527 2734 2735 2731 
13528 3410 8462 3844 
13529 2121 3879 2123 
13530 5785 8466 5803 
13531 3445 4311 3612 
13532 4657 8535 4659 
13533 6052 8563 4973 
13534 6473 6477 6476 
13535 496 6401 497 
13536 8393 8394 5553 
13537 4664 8531 4666 
13538 4010 8519 4012 
13539 3023 3025 3024 
13540 5461 8479 6158 
13541 4457 8655 4454 
13542 6274 6531 6156 
13543 1615 6486 6485 
13544 2029 2030 2028 
13545 6123 8507 5422 
13546 3120 3122 3121 
13547 5124 6113 5828 
13548 8451 8627 5358 
13549 2730 2731 2729 
13550 1983 3890 1985 
13551 4895 8776 3968 
13552 5802 8466 5787 
13553 2027 2029 2028 
13554 2443 8517 2368 
13555 2349 8438 2353 
13556 1689 6375 6374 
13557 1919 4764 1917 
13558 8432 8645 6036 
13559 4311 4882 4380 
13560 6816 6817 5511 
13561 3847 8477 3949 
13562 3019 3020 3018 
13563 3871 3875 3873 
13564 2393 2394 2372 
13565 3183 8478 3287 
13566 2781 3731 2779 
13567 5493 8671 3826 
13568 3222 8232 3085 
13569 6211 8479 5448 
13570 5066 5067 4269 
13571 3857 9201 6904 
13572 6078 6080 4983 
13573 2651 8465 2856 
13574 4489 8467 4490 
13575 4577 4578 4576 
13576 4155 8628 4259 
13577 5478 5821 5477 
13578 4882 5208 5173 
13579 3001 8729 3003 
13580 4009 8391 4785 
13581 4376 8738 7567 
13582 2311 2336 2312 
13583 4040 5033 5032 
13584 5135 8114 8113 
13585 2192 8493 2194 
13586 3541 8764 4397 
13587 5644 7127 5256 
13588 2305 2315 2314 
13589 551 6568 552 
13590 3467 4966 3469 
13591 4585 4586 4584 
13592 3873 3874 3872 
13593 8444 8445 2531 
13594 5482 5730 5729 
13595 5446 8492 6211 
13596 240 1828 239 
13597 227 1829 226 
13598 7873 7945 7875 
13599 8429 8756 2993 
13600 5725 5727 4732 
13601 4075 5735 4834 
13602 5972 8453 8163 
13603 5603 9006 4297 
13604 5914 6926 5215 
13605 4381 5169 4383 
13606 2347 2349 2348 
13607 8088 8610 1628 
13608 5895 6869 5896 
13609 2987 9396 7909 
13610 5477 8434 4053 
13611 4623 4983 2825 
13612 8446 8644 8297 
13613 4843 4868 4156 
13614 5305 8622 5303 
13615 3142 8497 3174 
13616 2725 8957 2722 
13617 5110 5123 4835 
13618 2670 8486 2654 
13619 2985 8442 1937 
13620 6241 6243 6242 
13621 5420 8507 5425 
13622 3770 3772 3771 
13623 3935 8627 8451 
13624 5943 8384 5945 
13625 5789 8485 5802 
13626 4625 4838 4689 
13627 5045 5109 5046 
13628 5568 5570 5569 
13629 4467 8575 8409 
13630 3875 4075 4074 
13631 2728 2729 2725 
13632 5575 6646 6645 
13633 5116 8550 6235 
13634 2645 8617 2612 
13635 3021 3023 3022 
13636 5195 5914 5215 
13637 6922 8912 5980 
13638 6827 6832 6828 
13639 4763 8591 4537 
13640 4208 8551 3327 
13641 2649 2840 2839 
13642 1903 1905 1904 
13643 3302 3534 3303 
13644 3920 4201 4200 
13645 2695 2838 2693 
13646 3596 8708 3215 
13647 3273 3318 3317 
13648 4385 5398 4387 
13649 4696 5679 5008 
13650 5730 5895 5731 
13651 4349 8511 5011 
13652 3118 3120 3119 
13653 2281 2283 2282 
13654 2322 2328 2327 
13655 5115 8550 5116 
13656 583 1759 584 
13657 4627 4629 4628 
13658 7175 7230 5010 
13659 3475 8731 8462 
13660 4093 4094 3942 
13661 4430 8649 4428 
13662 6927 6928 5458 
13663 2654 8486 2634 
13664 3876 3877 2184 
13665 4566 4569 4568 
13666 4834 4835 4074 
13667 7338 9333 8559 
13668 2319 3650 3649 
13669 6235 8492 5444 
13670 5573 5591 5572 
13671 5801 8485 5791 
13672 2817 8513 2843 
13673 3258 3484 3259 
13674 4326 8563 5347 
13675 5915 6740 5191 
13676 7011 7015 7010 
13677 3871 3872 3869 
13678 3149 3258 3150 
13679 4135 4881 4303 
13680 4482 8542 4480 
13681 8828 8912 4563 
13682 3464 3992 3540 
13683 5110 6560 5852 
13684 3225 8659 3080 
13685 3513 8583 3157 
13686 4609 8640 2577 
13687 2712 2713 2711 
13688 2027 2028 2026 
13689 8332 8529 5343 
13690 2870 8555 2872 
13691 4784 8519 4010 
13692 4360 4795 4794 
13693 2796 2813 2798 
13694 5077 8595 4543 
13695 228 8557 227 
13696 3049 8645 3041 
13697 2710 2711 2709 
13698 6240 8307 5727 
13699 2714 2715 2713 
13700 4084 4813 4812 
13701 4954 5191 2618 
13702 2811 2825 2812 
13703 2809 8464 5439 
13704 8238 8809 7993 
13705 4773 5456 4771 
13706 3019 3021 3020 
13707 7984 8880 1673 
13708 8671 9170 4826 
13709 5550 8487 5552 
13710 4539 8591 4542 
13711 3855 8506 2673 
13712 4793 4908 4295 
13713 5862 6790 6770 
13714 3159 3513 3157 
13715 3801 8510 4123 
13716 3459 3532 3531 
13717 5793 8495 5801 
13718 4847 8469 6133 
13719 8215 8878 8216 
13720 4974 8490 6051 
13721 5159 6556 5161 
13722 4820 5190 4818 
13723 3118 3223 3120 
13724 6375 6377 6376 
13725 2245 8520 5403 
13726 4943 8114 5135 
13727 7630 7631 4822 
13728 2410 3893 2412 
13729 2874 8829 4403 
13730 5347 8443 5346 
13731 5641 5642 4705 
13732 3443 3816 3249 
13733 6054 8925 6056 
13734 4378 5459 5167 
13735 5798 8495 5795 
13736 556 6499 557 
13737 4389 5473 4864 
13738 6261 8895 6263 
13739 5473 6709 5882 
13740 2724 2725 2722 
13741 3886 3888 3887 
13742 2283 2285 2284 
13743 4886 5157 4888 
13744 2025 2027 2026 
13745 3799 8516 3797 
13746 3485 4625 4624 
13747 5263 7328 6148 
13748 2716 2718 2715 
13749 4951 5932 5931 
13750 3455 3458 3457 
13751 3868 3869 3866 
13752 5526 8885 5486 
13753 3760 3761 3753 
13754 2937 8834 2939 
13755 8352 8632 3406 
13756 4661 8908 4630 
13757 3662 3886 3664 
13758 6162 6164 6160 
13759 3844 8462 5428 
13760 5806 8467 5023 
13761 4346 4885 4842 
13762 2671 8506 2837 
13763 2832 4469 2645 
13764 4518 8526 4521 
13765 4272 5069 4273 
13766 8362 8381 5571 
13767 3173 3273 3272 
13768 238 1720 237 
13769 229 1721 228 
13770 3114 3115 3113 
13771 4191 8619 3705 
13772 5739 5950 5740 
13773 2741 2743 2742 
13774 2777 2806 2775 
13775 3888 4084 4083 
13776 8371 8372 4193 
13777 2285 2296 2286 
13778 3657 3661 3659 
13779 5457 5458 5456 
13780 2782 8672 5450 
13781 1771 6402 434 
13782 5951 6873 6089 
13783 3138 8548 3140 
13784 7230 8603 5010 
13785 3158 8604 3386 
13786 4773 5457 5456 
13787 5439 8513 2817 
13788 3864 5468 3862 
13789 2285 2345 2296 
13790 4256 4783 4746 
13791 3913 4008 3915 
13792 4676 8522 4680 
13793 4696 5008 4243 
13794 8867 8892 7346 
13795 554 6512 555 
13796 3593 8747 7323 
13797 5570 5572 5569 
13798 3849 8566 3286 
13799 4399 8709 4398 
13800 4677 8522 4674 
13801 2025 2026 2024 
13802 2159 8482 2162 
13803 7821 8574 7818 
13804 4465 8465 2651 
13805 1985 8760 1987 
13806 2441 2666 2440 
13807 2023 2025 2024 
13808 6788 8547 5400 
13809 7767 8743 4442 
13810 3764 3765 3763 
13811 7873 8611 7945 
13812 3753 8836 3745 
13813 2374 2440 2373 
13814 2281 4555 2283 
13815 5459 5904 5167 
13816 4672 8527 4677 
13817 6010 6813 4869 
13818 2345 2347 2346 
13819 3881 4060 3883 
13820 7075 9111 5493 
13821 5440 5441 5077 
13822 2353 2373 2352 
13823 4126 4899 4127 
13824 5135 8113 8112 
13825 2680 8553 2675 
13826 5424 8541 5412 
13827 2848 8701 7344 
13828 3898 4627 4324 
13829 3318 3319 3317 
13830 4005 4258 3499 
13831 4746 4747 4714 
13832 8831 8895 7988 
13833 3164 3173 3172 
13834 4709 8527 4668 
13835 230 8558 229 
13836 2577 8640 2578 
13837 4765 5812 5490 
13838 4998 5866 5436 
13839 1768 6399 431 
13840 5877 6630 5143 
13841 4819 8838 5543 
13842 2349 2352 2348 
13843 5988 6810 5989 
13844 6279 6313 5441 
13845 5459 5905 5904 
13846 4480 8542 5426 
13847 2739 2740 2737 
13848 3152 3154 2967 
13849 2992 8460 2881 
13850 4076 4470 3554 
13851 3111 3113 3110 
13852 2319 3649 2320 
13853 5814 6237 5067 
13854 2186 8524 2266 
13855 2331 2354 2351 
13856 4666 8531 4709 
13857 3116 3118 3117 
13858 4162 8584 2008 
13859 6142 6903 5453 
13860 3017 3018 3016 
13861 3323 8551 4341 
13862 4201 8504 4202 
13863 8555 8712 6097 
13864 5070 5152 5069 
13865 7438 8415 7436 
13866 7829 8576 7826 
13867 5830 6253 6252 
13868 8050 8878 3068 
13869 4736 8531 4664 
13870 6311 6332 6262 
13871 5905 8338 5904 
13872 4246 8538 3528 
13873 3967 8867 4357 
13874 5410 8541 5810 
13875 3525 8648 3438 
13876 5400 8547 4614 
13877 2719 2720 2718 
13878 3654 3889 3655 
13879 5412 8541 5410 
13880 3327 8551 3323 
13881 3655 3657 3656 
13882 2843 8513 3509 
13883 4659 8535 4736 
13884 3768 3770 3769 
13885 3665 3670 3667 
13886 4783 6053 5239 
13887 8032 8660 5267 
13888 3043 8645 8432 
13889 8588 8631 6079 
13890 5096 5934 4837 
13891 6910 8508 5309 
13892 8176 8673 5360 
13893 4575 4576 4574 
13894 3017 3019 3018 
13895 2953 8644 2917 
13896 3650 3652 3651 
13897 3980 8629 4136 
13898 5578 5832 5580 
13899 6846 8460 2992 
13900 3652 3654 3653 
13901 7097 7098 5744 
13902 8575 8721 5357 
13903 555 1758 556 
13904 4012 8519 4717 
13905 3035 8732 3037 
13906 6124 8511 4721 
13907 231 1830 230 
13908 5555 5568 5567 
13909 4614 8547 4615 
13910 3974 3975 3957 
13911 3831 8493 2192 
13912 5102 6159 5101 
13913 3416 8879 3495 
13914 3697 3698 3696 
13915 2023 2024 2022 
13916 5307 8508 6963 
13917 6169 6170 6167 
13918 4655 8525 4744 
13919 4744 8535 4657 
13920 2733 5492 2726 
13921 5683 8439 5364 
13922 4338 4478 2579 
13923 2574 2582 2573 
13924 2328 3724 2329 
13925 4543 8595 4545 
13926 5720 8782 8317 
13927 5582 6278 5584 
13928 2917 8644 2919 
13929 4293 4879 3991 
13930 5471 8820 4096 
13931 8395 8396 6022 
13932 5193 5605 4690 
13933 3041 8645 3043 
13934 7704 9240 7705 
13935 5222 8689 6934 
13936 2347 2348 2346 
13937 3657 3659 3658 
13938 5750 8883 5720 
13939 6853 6858 6855 
13940 1913 1914 1911 
13941 2394 8539 2396 
13942 4777 8600 4774 
13943 4973 8563 4194 
13944 4395 8685 3573 
13945 4694 5762 5038 
13946 5568 5569 5567 
13947 6785 8773 4893 
13948 3384 4062 3301 
13949 2315 4171 2317 
13950 4088 8629 3980 
13951 2966 2967 2665 
13952 3191 8548 3138 
13953 2790 2816 2792 
13954 4256 4714 3975 
13955 8595 8766 6217 
13956 1933 8484 3274 
13957 2707 2727 2705 
13958 6258 6294 5152 
13959 2260 8796 2268 
13960 8462 8731 5428 
13961 3561 8653 3562 
13962 7323 7324 7322 
13963 4560 5562 3237 
13964 2021 2023 2022 
13965 5666 5667 4981 
13966 5123 8540 6012 
13967 2315 2317 2316 
13968 2715 2717 2713 
13969 5405 8744 8291 
13970 4598 4869 4599 
13971 4485 8542 4482 
13972 4423 8687 4419 
13973 2357 2375 2359 
13974 3212 8685 3210 
13975 2178 8543 2180 
13976 4429 8694 4701 
13977 1811 8937 7962 
13978 236 1831 235 
13979 2675 8553 3855 
13980 3563 4317 3504 
13981 2782 3511 2742 
13982 5679 6094 5008 
13983 3672 3675 3674 
13984 3140 8548 8497 
13985 2919 8644 8446 
13986 4137 7644 3444 
13987 1641 6498 582 
13988 7241 8750 5251 
13989 2880 8555 4636 
13990 3267 8663 3269 
13991 7391 8858 7382 
13992 8442 8484 1935 
13993 4904 6906 5923 
13994 3544 4158 4000 
13995 4991 8618 4323 
13996 6277 8550 5115 
13997 1615 6485 6484 
13998 2317 2319 2318 
13999 5677 8727 8526 
14000 115 8832 114 
14001 5331 8518 2700 
14002 4422 5641 4705 
14003 2701 2702 2699 
14004 3512 4981 3511 
14005 4414 4622 4416 
14006 2188 8569 2191 
14007 2856 8465 3196 
14008 3676 3986 3678 
14009 2187 8569 2188 
14010 2333 3916 2309 
14011 4850 8572 4301 
14012 5982 8494 4177 
14013 2800 8588 2802 
14014 2583 2588 2582 
14015 2021 2022 2020 
14016 5383 5659 5381 
14017 3659 3662 3660 
14018 233 1736 232 
14019 3106 3862 2789 
14020 3273 3317 3272 
14021 2019 2021 2020 
14022 2589 2595 2588 
14023 3422 8581 4553 
14024 3937 4393 3567 
14025 4301 8572 4100 
14026 2701 2703 2702 
14027 4694 5038 4321 
14028 4507 8517 2443 
14029 3452 3454 3453 
14030 4773 8600 5457 
14031 3015 3016 3014 
14032 9301 9318 4163 
14033 3245 3398 3246 
14034 4545 8595 5045 
14035 4883 5204 4121 
14036 4052 4307 4306 
14037 4812 5575 4814 
14038 3274 8512 1931 
14039 2194 8493 2276 
14040 2345 2346 2296 
14041 4598 4599 3534 
14042 4072 5047 4073 
14043 4801 8664 4695 
14044 7368 9143 7642 
14045 2700 8518 2701 
14046 6933 8687 4901 
14047 528 6403 529 
14048 6963 8622 5305 
14049 6290 7996 5273 
14050 2711 3892 2709 
14051 5982 8780 8229 
14052 5575 6645 5576 
14053 4556 8486 2670 
14054 5358 8627 5545 
14055 7767 8860 8743 
14056 3162 3164 3163 
14057 3662 3664 3663 
14058 9284 9297 3171 
14059 2571 2592 2577 
14060 8394 8487 5553 
14061 9116 9122 3162 
14062 2184 8543 2178 
14063 4273 8587 4275 
14064 3299 3538 3537 
14065 5770 9106 5772 
14066 3751 4118 3757 
14067 3263 6922 5980 
14068 7501 8829 2874 
14069 3173 3272 3172 
14070 2692 8553 2680 
14071 4341 8590 3321 
14072 2703 4378 2702 
14073 5552 5555 5554 
14074 8271 8756 8429 
14075 4691 4692 3818 
14076 3453 8860 3451 
14077 3401 3558 3418 
14078 3858 8524 2186 
14079 4600 8667 2702 
14080 1651 6544 586 
14081 5997 8822 8296 
14082 7140 8887 5934 
14083 8644 8777 8297 
14084 4573 4574 4572 
14085 2640 2641 2377 
14086 3650 3651 3649 
14087 3381 3491 3489 
14088 5522 5937 5524 
14089 5897 6897 6726 
14090 4542 8591 5440 
14091 5144 5145 4833 
14092 2939 8775 2941 
14093 2721 2722 2720 
14094 3015 3017 3016 
14095 4055 4729 4728 
14096 1929 8512 3842 
14097 2720 3891 2718 
14098 1675 8435 214 
14099 588 6515 1659 
14100 2354 5470 4618 
14101 2019 2020 2018 
14102 2555 8500 3860 
14103 4474 8655 4457 
14104 2180 8543 3858 
14105 7330 8974 3405 
14106 3817 3818 3816 
14107 7846 8576 7832 
14108 2592 4610 4609 
14109 8012 8013 5206 
14110 1973 1975 1974 
14111 5470 5523 5522 
14112 5550 5552 5551 
14113 5047 6139 5048 
14114 2565 3861 2568 
14115 2734 2789 2735 
14116 5648 5674 4995 
14117 2730 2734 2731 
14118 4348 8592 3955 
14119 3863 3864 3862 
14120 3888 4083 3887 
14121 4165 8577 3575 
14122 5814 6586 6331 
14123 5209 6801 6800 
14124 5157 6696 5186 
14125 3652 3653 3651 
14126 5555 5567 5554 
14127 1915 6223 1914 
14128 2728 2730 2729 
14129 4601 8639 6015 
14130 3856 8643 3956 
14131 2747 3923 2745 
14132 1907 1908 1905 
14133 5032 8606 6118 
14134 6242 8661 5038 
14135 8481 8824 5455 
14136 5357 8721 8280 
14137 4154 4878 4152 
14138 6222 8587 5069 
14139 8048 8845 8049 
14140 2723 2724 2722 
14141 8091 8610 8088 
14142 7251 8693 4217 
14143 4084 4812 4083 
14144 3654 3655 3653 
14145 4100 8572 8416 
14146 5762 6241 5038 
14147 2336 2369 2337 
14148 2931 8755 3820 
14149 2017 2019 2018 
14150 4587 8614 4586 
14151 4998 5436 4253 
14152 3865 3866 3864 
14153 5866 5867 5436 
14154 7896 8765 2453 
14155 3875 4074 3873 
14156 2584 5488 2590 
14157 3871 3873 3872 
14158 2724 2728 2725 
14159 3927 3974 3957 
14160 4695 8664 4694 
14161 3867 3868 3866 
14162 2993 8755 2929 
14163 1656 6503 553 
14164 3603 8981 6995 
14165 3164 3172 3163 
14166 7261 8554 7258 
14167 3886 3887 3664 
14168 8313 8885 8798 
14169 2872 8555 2880 
14170 4740 5131 5130 
14171 2506 8868 2508 
14172 4610 4660 4634 
14173 5148 8738 4376 
14174 3682 3978 3684 
14175 7257 8240 7254 
14176 4834 5110 4835 
14177 5983 8780 5982 
14178 5318 8890 8050 
14179 5661 8620 5534 
14180 3830 8744 8520 
14181 7674 8797 7672 
14182 4660 5602 5561 
14183 4075 4834 4074 
14184 2366 2393 2372 
14185 3902 3903 3901 
14186 3992 4269 3993 
14187 6473 6479 6477 
14188 2999 8799 5483 
14189 3302 4598 3534 
14190 2266 8524 2279 
14191 4202 8504 4272 
14192 4989 4991 4323 
14193 5552 5554 5551 
14194 2664 2665 2641 
14195 4560 7027 5562 
14196 3114 3116 3115 
14197 2354 4618 2355 
14198 5318 8822 4512 
14199 6486 6487 6485 
14200 2261 8705 2259 
14201 3868 3871 3869 
14202 5037 6041 6040 
14203 2017 2018 2016 
14204 3263 5980 3079 
14205 5110 5852 5123 
14206 2252 8747 2254 
14207 4969 8686 8279 
14208 3532 4102 3533 
14209 5840 6814 6528 
14210 213 8435 1827 
14211 2015 2017 2016 
14212 8700 8803 5741 
14213 2751 2784 2749 
14214 5990 8569 2187 
14215 4771 8629 4088 
14216 4917 8168 7057 
14217 6217 6293 5109 
14218 3319 8590 3929 
14219 5533 5660 5534 
14220 2811 8588 4623 
14221 3160 3162 3161 
14222 5865 8568 4078 
14223 4626 5521 5520 
14224 4410 5959 4412 
14225 3790 3985 3792 
14226 2593 2599 2597 
14227 5045 8595 6217 
14228 3586 4395 3573 
14229 4559 8733 4548 
14230 7450 7458 7448 
14231 2458 8786 2652 
14232 3579 8881 7132 
14233 6253 6850 6254 
14234 210 8489 209 
14235 257 8698 256 
14236 3992 4601 4269 
14237 3398 3938 3399 
14238 7844 8574 7821 
14239 5531 5550 5549 
14240 4066 6683 5857 
14241 7382 8858 7384 
14242 4375 5471 4096 
14243 4510 8822 5997 
14244 3013 3014 3012 
14245 6171 6172 6170 
14246 4272 8504 5070 
14247 5153 5908 4868 
14248 3538 4069 4067 
14249 5660 6700 5661 
14250 3424 8594 3426 
14251 217 8474 1823 
14252 3686 3970 3688 
14253 4243 8612 3889 
14254 5769 9101 5770 
14255 3450 4163 3452 
14256 3485 8414 4625 
14257 5052 6145 6144 
14258 4469 8617 2645 
14259 7832 8576 7829 
14260 4601 5507 5066 
14261 5143 8677 4692 
14262 8014 8739 5202 
14263 8526 8727 4525 
14264 2741 2742 2740 
14265 5550 5551 5549 
14266 8383 8758 8477 
14267 7231 8998 7232 
14268 7441 8415 7438 
14269 3786 3794 3788 
14270 3112 3298 3108 
14271 7446 7459 7444 
14272 2398 2437 2400 
14273 4079 8568 4195 
14274 3238 8728 3245 
14275 5097 6445 5118 
14276 3955 8592 3831 
14277 5092 6719 6718 
14278 4611 8761 2948 
14279 5097 5118 4801 
14280 5249 8505 4996 
14281 3229 3471 3254 
14282 2015 2016 2014 
14283 3606 3900 3608 
14284 3111 3247 3114 
14285 2868 8712 2870 
14286 8822 8845 8296 
14287 5490 5565 5489 
14288 5942 8426 5943 
14289 1656 6505 6504 
14290 2834 2998 2997 
14291 3766 3768 3767 
14292 5046 8589 5219 
14293 4078 8568 4079 
14294 8240 8693 7254 
14295 1827 8488 212 
14296 254 8456 1824 
14297 3906 3907 3905 
14298 3509 8513 4320 
14299 3011 3012 3010 
14300 3690 3933 3692 
14301 3962 4620 3590 
14302 4387 8613 4389 
14303 4972 8677 8392 
14304 3025 8680 8227 
14305 4571 4572 4570 
14306 7491 9079 1698 
14307 3998 4001 3527 
14308 4612 8428 2300 
14309 1686 8474 218 
14310 4566 4568 4564 
14311 3013 3015 3014 
14312 2286 8599 2291 
14313 8166 8518 5331 
14314 2393 4606 2618 
14315 3815 8733 8478 
14316 2406 2435 2408 
14317 5462 8911 5460 
14318 2013 2015 2014 
14319 2743 2782 2742 
14320 2636 2834 2833 
14321 6095 8612 5008 
14322 4394 8688 5650 
14323 5214 6823 5204 
14324 3651 8641 5455 
14325 3428 8682 3430 
14326 4256 4746 4714 
14327 6153 6266 6151 
14328 4972 5531 5530 
14329 5926 6933 4901 
14330 3046 8680 3023 
14331 4783 5239 4746 
14332 5003 5085 5005 
14333 4730 5002 4735 
14334 4136 9028 6978 
14335 6155 6274 6156 
14336 2829 4119 2972 
14337 6000 6240 5727 
14338 7190 7901 7193 
14339 2402 4315 2404 
14340 8663 8855 4966 
14341 4829 5599 5598 
14342 4606 5338 4954 
14343 5464 6084 5205 
14344 3695 8742 7187 
14345 3762 3763 3761 
14346 3426 8594 3432 
14347 5498 5897 5500 
14348 3321 8590 3319 
14349 3269 8663 3467 
14350 4553 8594 3424 
14351 2757 2786 2755 
14352 5642 8597 4705 
14353 5277 8825 7923 
14354 3512 5666 4981 
14355 3162 3163 3161 
14356 3656 8641 3653 
14357 3694 3697 3696 
14358 5215 8600 4777 
14359 3245 3885 3398 
14360 2767 3922 2765 
14361 3128 8844 3130 
14362 5521 5586 5546 
14363 5069 8587 4273 
14364 3111 3114 3113 
14365 5531 5549 5530 
14366 5248 9013 6981 
14367 5945 8384 6621 
14368 5470 5522 4618 
14369 4148 4653 4146 
14370 9018 9182 5667 
14371 3698 4271 3700 
14372 5535 9072 8009 
14373 4692 4972 4971 
14374 2013 2014 2012 
14375 6004 8819 3516 
14376 3109 3111 3110 
14377 2297 9561 9558 
14378 3822 8732 3035 
14379 3134 8783 8762 
14380 6011 8889 8821 
14381 2599 2636 2635 
14382 6337 6338 6336 
14383 3532 4394 4102 
14384 2011 2013 2012 
14385 4307 4557 4308 
14386 4972 5530 4971 
14387 1649 8456 255 
14388 211 8488 1648 
14389 3974 4256 3975 
14390 4692 4971 3818 
14391 3820 8811 2933 
14392 3592 8750 3400 
14393 4415 8674 4418 
14394 9059 9095 7406 
14395 8561 9062 7164 
14396 4097 8637 5464 
14397 3204 4160 3202 
14398 5988 6930 6810 
14399 6033 8746 6029 
14400 3136 8762 3191 
14401 4299 5163 4312 
14402 5098 8710 5097 
14403 6223 6224 1914 
14404 2782 3512 3511 
14405 3235 4560 3237 
14406 4471 4472 4470 
14407 6445 6557 5118 
14408 4142 4633 4140 
14409 8520 8744 5403 
14410 5101 8710 5098 
14411 4383 8624 4385 
14412 3092 8749 3235 
14413 6741 8717 8539 
14414 5056 5057 5054 
14415 3780 4041 3782 
14416 2763 2787 2761 
14417 5208 8578 5173 
14418 5938 8654 5524 
14419 5389 5820 5387 
14420 4909 5351 4908 
14421 2935 8811 2983 
14422 3158 3160 3159 
14423 3108 3109 2982 
14424 3011 3013 3012 
14425 2296 8599 2286 
14426 3023 8680 3025 
14427 8583 8754 3155 
14428 1905 8458 1904 
14429 3009 3010 3008 
14430 8033 8855 8663 
14431 4954 5915 5191 
14432 5258 7241 5251 
14433 3495 4950 3415 
14434 2320 8616 2322 
14435 2393 2618 2394 
14436 4601 5066 4269 
14437 5171 7530 7529 
14438 3458 8688 3459 
14439 2826 8630 2958 
14440 7313 8839 2562 
14441 3702 4248 3704 
14442 5739 7533 5950 
14443 3430 8682 8565 
14444 4442 8743 4788 
14445 3831 8592 8493 
14446 4126 5987 4899 
14447 2929 8755 2931 
14448 3432 8682 3428 
14449 3575 8577 4914 
14450 3649 8616 2320 
14451 4360 4794 4232 
14452 3326 8608 3496 
14453 7256 9519 2784 
14454 2771 2788 2769 
14455 5066 5814 5067 
14456 7069 9040 6006 
14457 3706 4093 3942 
14458 2011 2012 2010 
14459 8868 8924 7135 
14460 2802 8588 2811 
14461 4435 8559 4131 
14462 8478 8733 6004 
14463 4910 8577 4165 
14464 2952 8712 2868 
14465 4127 8605 4129 
14466 6011 8821 8691 
14467 5490 5888 5565 
14468 2825 8630 2826 
14469 3776 3977 3778 
14470 5987 5988 4899 
14471 4303 8615 4381 
14472 4765 5489 4001 
14473 4275 8587 5016 
14474 3009 3011 3010 
14475 8355 8859 8681 
14476 4269 8452 3993 
14477 3825 8414 3484 
14478 4824 5053 4797 
14479 2425 2638 2426 
14480 7517 8776 4895 
14481 6159 6163 5101 
14482 4394 5649 5533 
14483 5474 5476 5475 
14484 2798 8631 2800 
14485 2009 2011 2010 
14486 530 6613 531 
14487 2950 4611 2948 
14488 5040 5041 4612 
14489 3160 3161 3159 
14490 529 1740 530 
14491 5814 6331 6237 
14492 5067 8452 4269 
14493 3413 8232 3222 
14494 5980 8912 8828 
14495 2299 8623 2305 
14496 6299 6346 6297 
14497 5599 7333 6563 
14498 1903 1904 1901 
14499 4965 8913 8891 
14500 5466 8781 4476 
14501 3475 8833 8336 
14502 6570 6641 6087 
14503 2662 8761 2630 
14504 5202 8739 8212 
14505 5173 8578 5175 
14506 6081 8630 4983 
14507 5265 8769 7775 
14508 2258 8796 2260 
14509 3095 8670 3189 
14510 3459 8688 3532 
14511 4899 8605 4127 
14512 8477 8758 3949 
14513 1897 1899 1898 
14514 2870 8712 8555 
14515 3534 8943 8905 
14516 5852 8540 5123 
14517 2846 2988 2957 
14518 2291 8599 5472 
14519 2961 8701 2848 
14520 5124 8636 6113 
14521 5112 5113 4472 
14522 3152 8626 3154 
14523 2009 2010 2008 
14524 4053 8434 3559 
14525 2445 8798 4507 
14526 5528 8636 5124 
14527 5469 8767 7809 
14528 5159 5161 4825 
14529 2631 5513 5040 
14530 3149 3150 2968 
14531 6257 6271 5132 
14532 4562 5451 3213 
14533 2699 8667 2697 
14534 2665 4608 2641 
14535 2007 2009 2008 
14536 5183 5184 4839 
14537 401 1742 402 
14538 2433 2646 2434 
14539 5494 8953 8154 
14540 3249 8626 3152 
14541 6085 6989 6084 
14542 3931 8711 3584 
14543 3593 7323 7322 
14544 5520 8736 3918 
14545 8743 8860 7533 
14546 3929 8662 3317 
14547 5479 8890 4594 
14548 5352 6751 5351 
14549 3007 3008 3006 
14550 4858 6687 5193 
14551 4173 8668 2730 
14552 8213 8610 8091 
14553 3132 8783 3134 
14554 6112 8727 5677 
14555 3156 3158 3157 
14556 5943 8426 8384 
14557 4394 5533 4102 
14558 3237 8728 3238 
14559 3154 3155 2967 
14560 5475 5478 5477 
14561 4119 4893 4120 
14562 4591 8614 4587 
14563 5109 8589 5046 
14564 1879 6302 1880 
14565 4002 4765 4001 
14566 2734 8668 3106 
14567 8500 9074 6982 
14568 6990 6991 6989 
14569 4788 8743 5739 
14570 2945 8749 3092 
14571 3828 8833 3374 
14572 3538 9344 4069 
14573 5428 8731 5430 
14574 6671 8812 5863 
14575 4629 4661 4630 
14576 5219 8589 6155 
14577 5033 8606 5032 
14578 531 1629 532 
14579 6504 6506 6503 
14580 3968 8776 3607 
14581 4067 4068 3537 
14582 4606 4954 2618 
14583 4196 8763 5000 
14584 3189 8670 3302 
14585 3110 8635 2982 
14586 3376 8833 3475 
14587 2638 2685 2639 
14588 4586 4858 4690 
14589 2728 8690 4173 
14590 6650 8738 5148 
14591 5236 5452 5235 
14592 9185 9192 6943 
14593 5118 8664 4801 
14594 8009 9091 5769 
14595 3479 3480 3315 
14596 5191 8539 2618 
14597 2007 2008 2006 
14598 1975 1976 1974 
14599 7810 8756 8271 
14600 3007 3009 3008 
14601 3467 8663 4966 
14602 3385 8800 3244 
14603 8809 8919 7993 
14604 3794 9083 7348 
14605 2133 8646 2131 
14606 4838 4839 4689 
14607 8763 8856 5000 
14608 3005 3006 3004 
14609 5193 6063 5605 
14610 4592 8890 5318 
14611 8004 8823 8686 
14612 3558 4053 3559 
14613 4201 8831 7988 
14614 5008 8612 4243 
14615 5456 8629 4771 
14616 2643 8769 2682 
14617 2300 8428 2301 
14618 9003 9036 7157 
14619 5473 8613 6921 
14620 4548 8733 3815 
14621 6244 8748 6242 
14622 2177 8646 3876 
14623 2292 8926 2339 
14624 3134 8762 3136 
14625 4660 6894 5602 
14626 2322 8616 2328 
14627 3275 8751 3494 
14628 8368 8678 4492 
14629 7711 9275 2134 
14630 3158 3159 3157 
14631 3003 8729 3514 
14632 1742 6404 402 
14633 3245 8728 3885 
14634 3248 8695 3478 
14635 3764 3766 3765 
14636 2005 2007 2006 
14637 5525 9019 8118 
14638 7803 8901 8231 
14639 2832 8635 4469 
14640 4765 5490 5489 
14641 2685 2974 2686 
14642 5640 8505 5249 
14643 7487 8851 5259 
14644 1908 8458 1905 
14645 2981 2982 2832 
14646 3471 3483 3482 
14647 8355 8681 3887 
14648 4582 4963 4580 
14649 3272 8662 3460 
14650 4070 8795 3895 
14651 8291 8873 5494 
14652 4378 8650 5459 
14653 8714 8928 5765 
14654 2131 8646 2177 
14655 4983 8630 2825 
14656 2329 8642 2331 
14657 3483 4086 4085 
14658 6630 8677 5143 
14659 3558 5474 4053 
14660 3224 8647 2994 
14661 3414 8778 3437 
14662 2834 2999 2998 
14663 3724 8862 8642 
14664 4625 4689 4624 
14665 3154 3156 3155 
14666 8538 8763 3637 
14667 4389 8613 5473 
14668 5725 6000 5727 
14669 3949 8758 8391 
14670 5913 7517 4895 
14671 3985 8925 8683 
14672 5750 8918 8883 
14673 1715 8521 241 
14674 5002 8549 5003 
14675 2618 8539 2394 
14676 4586 4690 4584 
14677 8391 8758 5747 
14678 8994 9005 3049 
14679 2616 2648 2615 
14680 5256 8619 4191 
14681 4472 6003 4470 
14682 5315 8772 5313 
14683 4757 8752 4559 
14684 5265 7775 5901 
14685 5209 6799 5208 
14686 5403 8744 5405 
14687 5398 8613 4387 
14688 1641 6549 6498 
14689 2813 8631 2798 
14690 2005 2006 2004 
14691 5472 8623 2299 
14692 5279 8825 5277 
14693 3005 3007 3006 
14694 7605 8941 7606 
14695 4740 5130 4739 
14696 2599 3899 2636 
14697 2003 2005 2004 
14698 3460 8666 3172 
14699 6801 6802 6800 
14700 3554 8648 3525 
14701 4086 4818 4816 
14702 3664 8681 3665 
14703 4569 4570 4568 
14704 2592 5491 4610 
14705 3484 3485 3259 
14706 3306 8639 3464 
14707 3724 8642 2329 
14708 5492 8690 2726 
14709 4729 8570 4730 
14710 5184 5653 4839 
14711 3163 8666 3925 
14712 4694 8664 5762 
14713 5058 5081 5057 
14714 2726 8690 2724 
14715 2355 8657 2357 
14716 8486 8786 2634 
14717 2842 8560 2840 
14718 4478 9156 6937 
14719 8600 8791 5457 
14720 4795 5818 4794 
14721 3665 8681 3670 
14722 8216 8840 8424 
14723 2545 8704 2543 
14724 3200 8850 7466 
14725 4129 8605 4435 
14726 3304 3560 3206 
14727 6641 6642 6087 
14728 4586 8614 4858 
14729 6220 8772 5315 
14730 3209 8792 3211 
14731 3216 3217 3072 
14732 3003 3004 3002 
14733 4110 8847 4875 
14734 5478 6307 6306 
14735 2305 8623 2315 
14736 5169 8624 4383 
14737 6791 6977 6220 
14738 7180 9069 5241 
14739 2134 9289 2122 
14740 4385 8624 5398 
14741 4321 8661 4005 
14742 5818 5819 4794 
14743 3533 8652 3544 
14744 9177 9320 3747 
14745 4418 8674 4422 
14746 5175 8578 6792 
14747 3003 3005 3004 
14748 240 8521 1828 
14749 399 1630 400 
14750 3925 8707 3161 
14751 8468 8782 3935 
14752 3258 3259 3150 
14753 9 6407 399 
14754 4381 8615 5169 
14755 6643 7318 6642 
14756 3235 8749 4560 
14757 2596 2611 2595 
14758 6007 8786 8486 
14759 2003 2004 2002 
14760 2981 3108 2982 
14761 3770 4092 3772 
14762 6147 8651 6798 
14763 2560 8500 2555 
14764 2705 8650 2703 
14765 5130 5132 4739 
14766 6515 6580 1659 
14767 3870 8700 3868 
14768 2745 8672 2743 
14769 2546 8699 2549 
14770 2800 8631 8588 
14771 7484 8926 2292 
14772 2790 8675 2816 
14773 6556 6588 5161 
14774 3871 8700 3875 
14775 2268 8796 4558 
14776 3889 8665 3655 
14777 3792 8683 3927 
14778 2702 8667 2699 
14779 7355 9154 3611 
14780 2941 8775 2971 
14781 3301 8695 3248 
14782 2789 8675 2790 
14783 8424 8840 6994 
14784 4951 5931 4950 
14785 3637 8763 4196 
14786 6239 9000 6238 
14787 8396 8397 6022 
14788 4692 8677 4972 
14789 2001 2003 2002 
14790 7144 8982 7148 
14791 5157 6697 6696 
14792 6787 8779 6788 
14793 2649 2839 2648 
14794 3873 8691 3874 
14795 5502 5726 5725 
14796 6697 6868 6696 
14797 5474 5475 4053 
14798 2703 8650 4378 
14799 3657 8665 3661 
14800 3653 8641 3651 
14801 2631 4612 2300 
14802 4598 8670 6010 
14803 7309 8789 4460 
14804 4858 5193 4690 
14805 3299 3537 3298 
14806 4576 4651 4574 
14807 5215 8791 8600 
14808 4881 8615 4303 
14809 258 1826 257 
14810 209 1825 208 
14811 8297 8777 5437 
14812 4863 8808 5158 
14813 2999 3000 2998 
14814 5301 6995 5482 
14815 4253 8711 3931 
14816 1975 1977 1976 
14817 1651 6545 6544 
14818 2933 8811 2935 
14819 3843 8864 3006 
14820 2455 8916 8275 
14821 227 8557 1829 
14822 3159 8707 3513 
14823 4835 8691 4074 
14824 2642 8771 2430 
14825 3156 3157 3155 
14826 1656 6504 6503 
14827 3816 8626 3249 
14828 3079 8701 2961 
14829 6003 8879 8648 
14830 3538 4067 3537 
14831 3317 8662 3272 
14832 4474 8781 8655 
14833 2001 2002 2000 
14834 3732 3733 3731 
14835 2646 2845 2647 
14836 5313 8772 5316 
14837 1987 8760 2275 
14838 4412 8702 4414 
14839 4882 5209 5208 
14840 1999 2001 2000 
14841 5724 8768 5395 
14842 5200 8784 6038 
14843 4872 8847 4112 
14844 1977 1978 1976 
14845 4069 4739 4067 
14846 8612 8665 3889 
14847 2548 8818 2547 
14848 3524 8794 3996 
14849 5654 6086 5653 
14850 4618 8657 2355 
14851 2634 8786 2458 
14852 6048 8992 5583 
14853 2727 8650 2705 
14854 3445 4907 4311 
14855 5481 8815 7658 
14856 4005 8661 4258 
14857 5395 8768 8482 
14858 3516 8874 3288 
14859 4617 8842 5200 
14860 5342 8961 8021 
14861 6641 6643 6642 
14862 3186 8783 3132 
14863 4669 5547 4697 
14864 4476 8781 4474 
14865 4119 5506 4893 
14866 8317 8782 8468 
14867 5466 8924 8781 
14868 6105 9065 5207 
14869 4308 8634 4346 
14870 7483 8849 3604 
14871 6018 9098 9026 
14872 5468 8675 3862 
14873 8833 8893 8336 
14874 3766 4007 3768 
14875 4626 5907 5521 
14876 1721 8557 228 
14877 8977 9022 4555 
14878 3001 3002 3000 
14879 4102 8652 3533 
14880 9101 9106 5770 
14881 3974 8683 8410 
14882 5184 5654 5653 
14883 4572 4977 4570 
14884 3464 8639 3992 
14885 3869 8720 3866 
14886 2549 8699 4410 
14887 3662 8714 3886 
14888 5454 8809 8572 
14889 1999 2000 1998 
14890 8154 8990 5525 
14891 6537 8780 5983 
14892 4093 4732 4094 
14893 3485 3918 3259 
14894 4555 8676 2283 
14895 2285 8676 2345 
14896 2331 8642 2354 
14897 3496 8608 5942 
14898 8547 8842 4615 
14899 5562 8728 3237 
14900 3004 8864 3088 
14901 3655 8665 3657 
14902 3001 3003 3002 
14903 6008 8763 8538 
14904 8533 8788 2740 
14905 3471 4970 3483 
14906 3661 8714 3659 
14907 2743 8672 2782 
14908 7584 9037 5427 
14909 9726 9730 5728 
14910 8043 8961 5342 
14911 2315 8623 4171 
14912 4086 4819 4818 
14913 6163 8710 5101 
14914 8752 8819 6004 
14915 3864 8720 5468 
14916 8002 9005 7999 
14917 5654 6087 6086 
14918 4093 5502 4732 
14919 2999 3001 3000 
14920 5651 8803 3870 
14921 3494 8751 4126 
14922 1997 1999 1998 
14923 2596 8328 2611 
14924 1979 1980 1978 
14925 2283 8676 2285 
14926 2363 8703 2366 
14927 4156 8813 4154 
14928 3532 8688 4394 
14929 4403 8829 5222 
14930 2456 8916 2455 
14931 5040 5766 5041 
14932 8993 9016 3924 
14933 4624 4626 3918 
14934 8118 9054 5535 
14935 2319 8716 3650 
14936 4782 6068 6067 
14937 2737 8788 2733 
14938 8372 8373 4193 
14939 3996 8794 5301 
14940 1977 1979 1978 
14941 4741 4742 4070 
14942 5209 6800 6799 
14943 4557 8634 4308 
14944 2730 8668 2734 
14945 2831 2981 2832 
14946 256 8698 1649 
14947 1648 8489 210 
14948 5038 8661 4321 
14949 4000 8706 4066 
14950 3900 3902 3901 
14951 5908 5909 4868 
14952 229 8558 1721 
14953 2982 8635 2832 
14954 3220 3380 3379 
14955 8250 8886 3461 
14956 3995 8684 4055 
14957 3172 8666 3163 
14958 7747 9288 2173 
14959 3745 4621 3741 
14960 4821 6083 4822 
14961 5506 6786 6785 
14962 5130 6257 5132 
14963 2396 8717 2398 
14964 2369 8602 2370 
14965 3399 8770 3401 
14966 3390 9067 7797 
14967 7823 8848 7844 
14968 2357 8657 2375 
14969 3909 4161 3911 
14970 3126 8843 3128 
14971 5908 6695 5909 
14972 1997 1998 1996 
14973 7127 8619 5256 
14974 1995 1997 1996 
14975 6145 6865 6147 
14976 2603 8891 8328 
14977 4299 4312 3557 
14978 3527 8718 3384 
14979 3903 3906 3905 
14980 7448 8804 7446 
14981 5730 5992 5895 
14982 4819 4821 4820 
14983 7444 8741 7441 
14984 2707 8715 2727 
14985 2971 8894 2943 
14986 5036 5037 4619 
14987 2717 8725 2713 
14988 6786 7413 6785 
14989 8328 8370 2611 
14990 3484 8414 3485 
14991 3734 3735 3733 
14992 4171 8716 2317 
14993 6005 9051 7912 
14994 4405 5924 5563 
14995 2724 8690 2728 
14996 5818 6538 5819 
14997 4560 8749 7029 
14998 5478 6306 5821 
14999 2268 4558 2287 
15000 4743 8812 4299 
15001 3887 8681 3664 
15002 1830 8558 230 
15003 1995 1996 1994 
15004 7733 9039 7731 
15005 5506 6785 4893 
15006 3906 4097 4096 
15007 3292 8897 3481 
15008 3461 8886 8382 
15009 4422 8674 5641 
15010 4730 8570 5002 
15011 2715 8719 2717 
15012 4097 5205 4375 
15013 7700 8797 7674 
15014 5003 8549 5085 
15015 3194 8802 3381 
15016 5097 8710 6445 
15017 9075 9090 3357 
15018 5739 8743 7533 
15019 8157 8730 2657 
15020 6008 8856 8763 
15021 3762 3764 3763 
15022 1993 1995 1994 
15023 2740 8788 2737 
15024 2711 8725 3892 
15025 5443 8819 8752 
15026 2568 8692 2571 
15027 7187 8742 7190 
15028 8475 8798 2445 
15029 4414 8702 4622 
15030 3485 4624 3918 
15031 8452 8684 3995 
15032 9375 9388 5905 
15033 4062 8695 3301 
15034 2590 8713 2593 
15035 3302 8670 4598 
15036 3920 8831 4201 
15037 8482 8768 3946 
15038 2831 2832 2645 
15039 2733 8788 5492 
15040 5164 5480 4312 
15041 4619 8602 2369 
15042 7661 8852 8053 
15043 6083 7630 4822 
15044 3544 8652 4158 
15045 5054 8787 5053 
15046 3892 8715 2709 
15047 5426 8823 8459 
15048 4742 8795 4070 
15049 3862 8675 2789 
15050 2709 8715 2707 
15051 2354 8642 5470 
15052 3938 8770 3399 
15053 4307 5497 4557 
15054 2173 9288 7210 
15055 3991 8669 3563 
15056 4821 4822 4820 
15057 3923 8672 2745 
15058 4074 8691 3873 
15059 3122 8898 8896 
15060 8158 8726 3227 
15061 2317 8716 2319 
15062 1979 1981 1980 
15063 5457 8791 6927 
15064 3891 8719 2718 
15065 2631 5040 4612 
15066 2713 8725 2711 
15067 4819 4820 4818 
15068 3757 8826 4052 
15069 2769 8740 2767 
15070 5441 8766 5077 
15071 3868 8700 3871 
15072 4564 8722 4562 
15073 4512 8822 4510 
15074 4897 6844 5911 
15075 4008 8831 3915 
15076 3874 8821 3881 
15077 3881 8821 4060 
15078 1660 8832 115 
15079 3659 8714 3662 
15080 5351 5501 4908 
15081 1993 1994 1992 
15082 4630 8908 4782 
15083 5081 6229 5057 
15084 5497 5498 4557 
15085 2718 8719 2715 
15086 2424 4619 2369 
15087 4350 4351 4287 
15088 5259 8851 5862 
15089 3713 9013 4339 
15090 5455 8824 8616 
15091 6926 8791 5215 
15092 3992 8639 4601 
15093 3935 8782 8627 
15094 5605 8774 4690 
15095 3902 8637 3903 
15096 2857 9245 9157 
15097 3116 8950 3118 
15098 3927 8683 3974 
15099 3870 8803 8700 
15100 4627 4628 4324 
15101 5934 8887 8649 
15102 289 8785 288 
15103 5959 8702 4412 
15104 1981 1982 1980 
15105 8416 8809 8238 
15106 3866 8720 3864 
15107 3647 8938 3646 
15108 3401 8770 3558 
15109 3374 8833 3376 
15110 8572 8809 8416 
15111 5436 8711 4253 
15112 5502 5725 4732 
15113 1991 1993 1992 
15114 4410 8699 5959 
15115 3985 8683 3792 
15116 3915 8831 3920 
15117 4868 8813 4156 
15118 3161 8707 3159 
15119 3227 8726 3229 
15120 3504 8647 3224 
15121 8313 8798 5402 
15122 3166 8814 3260 
15123 4478 8704 2579 
15124 4470 8648 3554 
15125 5057 8787 5054 
15126 4816 8723 5171 
15127 1630 6408 400 
15128 2657 8730 2829 
15129 4346 8634 4885 
15130 2579 8704 2545 
15131 8383 8888 8758 
15132 8539 8717 2396 
15133 3384 8718 4062 
15134 8642 8862 5470 
15135 3906 4096 3907 
15136 5222 8829 8689 
15137 3124 8896 3190 
15138 6000 6546 6240 
15139 2644 2831 2645 
15140 4797 8737 4795 
15141 1991 1992 1990 
15142 3760 3762 3761 
15143 3415 8734 3413 
15144 5948 8920 7135 
15145 1989 1991 1990 
15146 8683 8925 8410 
15147 8143 8924 3716 
15148 8278 8929 4885 
15149 4094 8656 4198 
15150 8459 8823 3822 
15151 7925 8972 4966 
15152 4989 6037 4991 
15153 6198 6310 6308 
15154 4295 8837 3937 
15155 3610 8835 8608 
15156 2611 8370 2644 
15157 4158 8706 4000 
15158 4296 8932 5537 
15159 8502 8793 5117 
15160 9658 9661 6107 
15161 6720 9196 6718 
15162 259 8696 258 
15163 8929 9015 6697 
15164 5720 8883 8782 
15165 1742 6623 6541 
15166 4871 8943 4599 
15167 2418 8863 2420 
15168 4167 8939 3807 
15169 208 8697 207 
15170 2562 8839 2565 
15171 8691 8821 3874 
15172 1989 1990 1988 
15173 3901 8892 3608 
15174 4621 8906 3741 
15175 6175 6997 6173 
15176 6022 8735 5932 
15177 1629 6405 532 
15178 3740 3744 3741 
15179 8439 8793 8502 
15180 1983 1984 1982 
15181 1987 1989 1988 
15182 4174 9018 5736 
15183 7458 8804 7448 
15184 2366 8703 2393 
15185 3151 8900 2980 
15186 5081 6230 6229 
15187 9106 9119 5772 
15188 6670 6671 5863 
15189 1981 1983 1982 
15190 5036 6135 5037 
15191 1987 1988 1986 
15192 3296 8936 3828 
15193 3900 5508 3902 
15194 7681 8952 7679 
15195 1985 1986 1984 
15196 4055 8684 4729 
15197 2732 9020 2736 
15198 9099 9110 4218 
15199 5163 5164 4312 
15200 2274 9185 6943 
15201 1985 1987 1986 
15202 2571 8692 2592 
15203 9040 9105 3059 
15204 7446 8804 7459 
15205 6023 8970 5495 
15206 8625 8802 3194 
15207 2432 8806 1975 
15208 2611 2644 2612 
15209 5209 8810 6801 
15210 4042 4043 3480 
15211 3481 8936 3294 
15212 2974 8679 3107 
15213 5465 8825 5279 
15214 7459 8741 7444 
15215 1983 1985 1984 
15216 7188 9176 7183 
15217 3648 9562 8051 
15218 8686 8823 5426 
15219 2398 8717 2437 
15220 2611 2612 2595 
15221 3381 8802 3491 
15222 6977 8772 6220 
15223 2939 8834 8775 
15224 3861 8692 2568 
15225 5205 6692 4375 
15226 4097 4375 4096 
15227 3804 8939 4166 
15228 4066 8706 6683 
15229 3566 8830 3597 
15230 2424 5036 4619 
15231 3611 9181 7414 
15232 4825 8753 3825 
15233 5497 5499 5498 
15234 3985 9003 7157 
15235 2420 8863 2425 
15236 3809 8951 4167 
15237 4154 8813 4878 
15238 4818 8723 4816 
15239 4072 4073 4071 
15240 5980 8701 3079 
15241 8408 8966 6805 
15242 2328 8824 3724 
15243 7384 8858 7389 
15244 8972 9052 5255 
15245 2393 8703 4606 
15246 5454 8919 8809 
15247 6157 8940 5086 
15248 3213 8771 2642 
15249 4615 8842 4617 
15250 8370 8913 8371 
15251 3344 9213 3391 
15252 466 1666 467 
15253 8296 8845 8048 
15254 2293 2631 2300 
15255 7441 8741 8415 
15256 4001 8718 3527 
15257 3661 8928 8714 
15258 2573 8500 2560 
15259 7993 8919 3370 
15260 7833 8931 7845 
15261 5488 8713 2590 
15262 6315 6527 6067 
15263 5747 8888 5748 
15264 4879 8669 3991 
15265 9062 9096 7164 
15266 7825 8848 7823 
15267 4752 5663 5603 
15268 4112 8847 4110 
15269 8616 8824 2328 
15270 4732 8656 4094 
15271 7340 9367 7337 
15272 2593 8713 2599 
15273 5047 5048 4073 
15274 5164 5906 5480 
15275 8744 8873 8291 
15276 3830 8873 8744 
15277 4046 9118 7174 
15278 4795 8737 5818 
15279 4126 8751 5987 
15280 3120 8898 3122 
15281 2644 2645 2612 
15282 3465 9044 3411 
15283 4118 8826 3757 
15284 3190 8843 3126 
15285 3202 8850 3200 
15286 3563 8669 4317 
15287 2767 8740 3922 
15288 5402 8798 8475 
15289 8758 8888 5747 
15290 1742 6541 6404 
15291 4121 8881 3579 
15292 6179 6753 6178 
15293 9072 9091 8009 
15294 4052 8826 4307 
15295 2352 9215 9174 
15296 3534 8905 3303 
15297 3937 8837 4393 
15298 2967 8754 2665 
15299 4058 4221 4220 
15300 3207 9020 4407 
15301 3604 8849 3606 
15302 6145 7346 6865 
15303 4908 8837 4295 
15304 4317 8647 3504 
15305 2301 8428 2311 
15306 4885 8929 4886 
15307 7847 8931 7838 
15308 9212 9238 7891 
15309 4299 8812 5163 
15310 6150 9036 6152 
15311 2988 3184 2989 
15312 3829 8968 2163 
15313 5683 8793 8439 
15314 2845 8745 2846 
15315 8781 8924 8143 
15316 6033 9058 8746 
15317 3184 3311 3185 
15318 7190 8742 7901 
15319 9275 9289 2134 
15320 5121 5122 5120 
15321 2788 8740 2769 
15322 8004 8934 8823 
15323 6034 8899 8428 
15324 6865 8651 6147 
15325 4584 8774 4582 
15326 7614 8991 7618 
15327 5489 8718 4001 
15328 5317 9055 7580 
15329 3704 8757 3706 
15330 6002 8987 6001 
15331 6412 6413 6411 
15332 3716 8868 2506 
15333 4402 9124 7093 
15334 2777 8882 2806 
15335 2588 3917 2582 
15336 6642 9509 9496 
15337 5492 8909 8690 
15338 6033 9075 9058 
15339 5235 8907 3943 
15340 5035 6061 4984 
15341 5301 8794 6995 
15342 464 1661 465 
15343 2829 8730 4119 
15344 3759 3760 3753 
15345 3558 8770 5474 
15346 9091 9101 5769 
15347 8953 8990 8154 
15348 3095 8900 8670 
15349 4375 8817 5471 
15350 3229 8726 3471 
15351 7985 8880 7984 
15352 2336 2424 2369 
15353 7825 8872 8848 
15354 2779 8882 2777 
15355 3903 8637 3906 
15356 2665 8754 4608 
15357 7712 8855 8033 
15358 2605 8891 2603 
15359 4989 6882 6037 
15360 8618 8923 3897 
15361 3438 8879 3416 
15362 3068 8878 8215 
15363 5453 8252 5452 
15364 4357 8867 5052 
15365 3761 8836 3753 
15366 7736 9039 9014 
15367 4629 4630 4628 
15368 5171 8723 7530 
15369 8649 8887 5947 
15370 7406 9095 3617 
15371 4562 8722 5451 
15372 2565 8839 3861 
15373 4198 8656 4780 
15374 2945 8894 8749 
15375 8626 8857 6017 
15376 5053 8737 4797 
15377 2968 8869 2950 
15378 6009 8856 6008 
15379 4950 8734 3415 
15380 8732 8994 3037 
15381 5449 8884 7139 
15382 7840 8958 7847 
15383 8843 8844 3128 
15384 3288 8874 3290 
15385 3451 8860 7767 
15386 4782 6066 4687 
15387 4568 8722 4564 
15388 469 1691 470 
15389 461 1692 462 
15390 3260 8814 3445 
15391 2840 3066 2839 
15392 9019 9054 8118 
15393 5536 9022 5532 
15394 5048 5050 5049 
15395 8823 8934 3822 
15396 4296 5537 4751 
15397 7853 8958 7842 
15398 3825 8753 8414 
15399 3155 8754 2967 
15400 2875 4984 2845 
15401 2615 8891 2605 
15402 4173 8909 8171 
15403 7245 8960 5928 
15404 5035 6138 6061 
15405 6003 8648 4470 
15406 4971 8857 3818 
15407 8397 8735 6022 
15408 2370 8602 2433 
15409 2425 4607 2638 
15410 6068 6315 6067 
15411 8880 8904 1673 
15412 3608 8892 3967 
15413 4248 8757 3704 
15414 2592 8692 5491 
15415 5000 8856 5728 
15416 1895 1897 1896 
15417 4311 8810 4882 
15418 8670 8900 6010 
15419 6905 7307 5919 
15420 5161 8753 4825 
15421 5862 8851 6790 
15422 5987 8956 5988 
15423 8051 9562 9561 
15424 8905 8943 6015 
15425 3731 8882 2779 
15426 7450 8903 7458 
15427 2375 8914 2359 
15428 8664 8877 5762 
15429 5924 7081 5925 
15430 4594 8890 4592 
15431 3413 8734 8232 
15432 3943 8907 3598 
15433 5118 8877 8664 
15434 3706 8757 4093 
15435 8690 8909 4173 
15436 8639 8905 6015 
15437 2685 2977 2974 
15438 5909 8813 4868 
15439 7278 9455 7280 
15440 7736 9014 4320 
15441 3017 8955 3019 
15442 4574 8801 4572 
15443 3733 5514 3731 
15444 2599 8713 3899 
15445 8782 8883 8627 
15446 8749 8894 7029 
15447 3218 3219 3217 
15448 4582 8774 4963 
15449 3606 8849 3900 
15450 8402 8873 3830 
15451 4067 8816 4068 
15452 8703 8914 6019 
15453 4324 4989 4323 
15454 4782 6067 6066 
15455 1975 8806 1977 
15456 6229 8787 5057 
15457 3898 4323 3897 
15458 5132 8816 4739 
15459 4690 8774 4584 
15460 5048 5049 4073 
15461 4159 9258 7138 
15462 3072 8759 2842 
15463 209 8489 1825 
15464 1826 8698 257 
15465 3066 3897 2839 
15466 2875 5035 4984 
15467 9173 9180 6988 
15468 8576 8872 7825 
15469 3760 4289 3762 
15470 2636 8799 2834 
15471 8789 9076 7115 
15472 8008 9092 4867 
15473 5316 8998 8601 
15474 3312 3479 3315 
15475 4160 8850 3202 
15476 5577 8859 8355 
15477 5546 9035 5520 
15478 3752 3753 3745 
15479 1897 1898 1896 
15480 3818 8857 3816 
15481 3670 8948 3667 
15482 3306 8905 8639 
15483 4407 8956 8792 
15484 5486 8885 8313 
15485 3290 8897 3292 
15486 5050 5833 5049 
15487 8873 8953 5494 
15488 3380 3547 3546 
15489 1661 6411 465 
15490 3122 8896 3124 
15491 3220 3379 3219 
15492 3039 8994 3049 
15493 2648 4965 2615 
15494 3816 8857 8626 
15495 8617 8870 2612 
15496 2950 8869 4611 
15497 3899 8799 2636 
15498 7988 8895 6261 
15499 4125 9049 7350 
15500 4626 8790 5907 
15501 4624 8790 4626 
15502 5470 8862 5523 
15503 4396 8876 3314 
15504 7643 8988 8481 
15505 5845 6157 5086 
15506 2834 8799 2999 
15507 5451 8771 3213 
15508 3586 8921 4395 
15509 6934 8944 7067 
15510 5185 9012 6002 
15511 3365 8993 3924 
15512 1926 8902 1928 
15513 6052 9260 9238 
15514 3944 9027 3722 
15515 3898 4324 4323 
15516 4689 8790 4624 
15517 3150 8869 2968 
15518 5073 5075 5074 
15519 2014 9153 2012 
15520 6915 6916 6914 
15521 1666 6409 467 
15522 3557 8827 3474 
15523 2943 8894 2945 
15524 6695 9571 3616 
15525 8382 8886 5355 
15526 4119 8730 5506 
15527 4984 8745 2845 
15528 4062 9226 6890 
15529 5522 8946 5937 
15530 8874 8897 3290 
15531 8792 8956 5987 
15532 4971 8979 8857 
15533 5460 8911 5998 
15534 3906 8637 4097 
15535 4245 8972 5255 
15536 3223 8898 3120 
15537 2980 8900 3095 
15538 4630 4687 4628 
15539 3471 8726 4970 
15540 3066 3898 3897 
15541 3907 8820 3909 
15542 7343 9361 9066 
15543 7452 8903 7450 
15544 6012 8889 6011 
15545 3006 8864 3004 
15546 8736 8869 3150 
15547 8336 8893 5540 
15548 6831 6886 6835 
15549 3348 9300 9227 
15550 7968 9417 2991 
15551 5614 6604 6206 
15552 4060 8963 3883 
15553 5501 8837 4908 
15554 3597 8830 4897 
15555 3913 8963 4008 
15556 6027 9016 6024 
15557 5131 8846 5130 
15558 5432 8888 8383 
15559 9080 9132 7638 
15560 5452 6895 5235 
15561 7513 8915 7780 
15562 4507 8935 8517 
15563 3114 8949 3116 
15564 9054 9072 5535 
15565 4307 8826 5497 
15566 5204 8881 4121 
15567 3896 4071 4070 
15568 5052 8867 6145 
15569 4248 8967 8757 
15570 4572 8801 4977 
15571 4096 8820 3907 
15572 4651 8801 4574 
15573 4739 8816 4067 
15574 4882 8810 5209 
15575 3303 8905 3306 
15576 4630 4782 4687 
15577 4093 8757 5502 
15578 6789 9476 2973 
15579 4966 8972 3469 
15580 2722 8957 2720 
15581 2377 8971 2360 
15582 4907 8810 4311 
15583 8278 9015 8929 
15584 6557 8877 5118 
15585 8990 9019 5525 
15586 8883 8918 5545 
15587 2684 8980 2469 
15588 3752 3759 3753 
15589 4741 5613 4742 
15590 5355 8910 7349 
15591 5526 8935 8885 
15592 7402 9129 9108 
15593 8171 9104 8170 
15594 8788 8964 5492 
15595 3744 3745 3741 
15596 2287 8841 2293 
15597 2840 8560 3066 
15598 8108 9564 3648 
15599 2339 8926 3583 
15600 8627 8883 5545 
15601 2646 2875 2845 
15602 2723 9069 2732 
15603 3588 8921 3586 
15604 5241 9069 2721 
15605 2363 8914 8703 
15606 5615 9316 9230 
15607 7909 9399 2987 
15608 1661 6628 6412 
15609 2425 8863 4607 
15610 6849 9302 5855 
15611 6831 6835 6829 
15612 7972 9448 2986 
15613 8886 8910 5355 
15614 2631 8841 5513 
15615 7789 9030 5950 
15616 4081 9024 4832 
15617 8919 8970 3370 
15618 2359 8914 2363 
15619 6927 9190 2681 
15620 5942 8835 8426 
15621 8433 8919 5454 
15622 7371 9131 7355 
15623 2652 8916 2456 
15624 3445 8814 4907 
15625 2842 8759 8560 
15626 3672 8969 3675 
15627 7059 8920 5948 
15628 4620 8959 3590 
15629 6188 6190 6189 
15630 4741 5614 5613 
15631 8001 8994 8732 
15632 7846 8872 8576 
15633 7174 8853 3476 
15634 7688 9025 7686 
15635 8431 9135 9096 
15636 9027 9052 5529 
15637 7403 9087 2816 
15638 2281 8977 4555 
15639 3744 3752 3745 
15640 5545 8918 6106 
15641 4731 6129 5090 
15642 1895 1896 1893 
15643 3313 3896 3895 
15644 6769 9501 2962 
15645 7965 8937 1811 
15646 3060 9032 3065 
15647 8608 8835 5942 
15648 8517 8935 8293 
15649 4970 8838 3483 
15650 6692 8817 4375 
15651 4086 8838 4819 
15652 2977 8679 2974 
15653 7838 8931 7833 
15654 4159 9264 9258 
15655 8100 9350 6953 
15656 3740 3741 3735 
15657 8612 8927 8665 
15658 3483 8838 4086 
15659 3294 8936 3296 
15660 8288 8962 5439 
15661 1877 9257 1874 
15662 3909 8820 4161 
15663 4058 4220 3549 
15664 3151 8976 8900 
15665 7860 8930 7855 
15666 3056 9040 3059 
15667 3854 9173 6988 
15668 8158 8985 8726 
15669 7608 8941 7605 
15670 3733 8906 5514 
15671 3936 9124 4402 
15672 7907 9389 8460 
15673 3735 8906 3733 
15674 7135 8924 5466 
15675 3111 8978 3247 
15676 8711 8974 7330 
15677 8524 8977 2279 
15678 3894 9014 4960 
15679 5589 9235 7213 
15680 4312 8827 3557 
15681 6895 8907 5235 
15682 5480 8827 4312 
15683 3807 8939 3804 
15684 5467 9093 7026 
15685 8857 8979 6017 
15686 4320 9014 3721 
15687 8607 8987 4117 
15688 5130 8846 6257 
15689 4071 4741 4070 
15690 8515 8977 8524 
15691 4965 8891 2615 
15692 8515 9022 8977 
15693 3184 3313 3311 
15694 9009 9050 6036 
15695 3671 9248 4172 
15696 4977 8871 4570 
15697 5157 8929 6697 
15698 5471 8999 8820 
15699 4558 8841 2287 
15700 3900 8849 5508 
15701 3313 3895 3311 
15702 5514 8882 3731 
15703 1684 9247 175 
15704 2405 8954 3581 
15705 9154 9181 3611 
15706 6006 9040 3055 
15707 6812 9042 5181 
15708 8665 8927 3661 
15709 4136 8938 3647 
15710 2846 8745 2988 
15711 5614 6206 5613 
15712 5860 9034 6998 
15713 4897 8830 6844 
15714 3311 8922 3312 
15715 3896 4070 3895 
15716 8927 8928 3661 
15717 5207 9021 4999 
15718 5557 9114 5604 
15719 5950 9030 5951 
15720 8533 8964 8788 
15721 4886 8929 5157 
15722 4045 4350 4287 
15723 5937 8945 5938 
15724 3667 8948 3669 
15725 8157 8995 8730 
15726 5199 9064 8010 
15727 6830 6831 6829 
15728 1661 6412 6411 
15729 4751 4752 4297 
15730 5439 8962 8513 
15731 8757 8967 5502 
15732 4296 4297 3546 
15733 6023 8993 8970 
15734 5601 6208 5917 
15735 2157 9041 2155 
15736 258 8696 1826 
15737 2293 8841 2631 
15738 6998 9034 6746 
15739 1825 8697 208 
15740 5523 8946 5522 
15741 5060 6861 5043 
15742 5332 9051 6005 
15743 8231 8961 8043 
15744 7963 9233 1684 
15745 4117 8951 3809 
15746 6145 8867 7346 
15747 8410 8925 6054 
15748 6903 8252 5453 
15749 3217 8759 3072 
15750 7576 9331 2958 
15751 3790 9003 3985 
15752 4570 8871 4568 
15753 8885 8935 4507 
15754 1884 1886 1883 
15755 8402 8953 8873 
15756 3794 9003 3788 
15757 2595 8870 2588 
15758 3648 9564 9562 
15759 3358 9075 3357 
15760 7642 9089 7643 
15761 3590 8959 3588 
15762 6003 9029 7656 
15763 7842 8958 7840 
15764 5436 8974 8711 
15765 5541 9133 5467 
15766 3047 8955 3017 
15767 4599 8943 3534 
15768 3924 9058 3363 
15769 6095 8927 8612 
15770 8002 9009 9005 
15771 8001 9005 8994 
15772 5073 5074 4762 
15773 4782 8908 6068 
15774 5458 9028 5456 
15775 4328 5064 4327 
15776 3247 8949 3114 
15777 7699 8952 7681 
15778 8328 8913 8370 
15779 3822 8934 8732 
15780 8726 8985 4970 
15781 9104 9144 8170 
15782 5853 5854 5538 
15783 2720 8957 3891 
15784 5559 5601 5560 
15785 8433 8970 8919 
15786 4608 8971 2641 
15787 4042 5559 4748 
15788 5853 6524 5854 
15789 2264 8953 8402 
15790 8795 8922 3895 
15791 3479 4042 3480 
15792 7575 9343 9338 
15793 3741 8906 3735 
15794 473 1767 474 
15795 457 1766 458 
15796 9162 9168 7131 
15797 2311 8899 2336 
15798 6913 6915 6914 
15799 3379 3472 3219 
15800 5919 8876 4396 
15801 8730 8995 5506 
15802 471 1743 472 
15803 2652 8984 7634 
15804 459 1744 460 
15805 4445 8966 8408 
15806 4042 4748 4043 
15807 6213 6214 5122 
15808 3883 8963 3913 
15809 6023 9016 8993 
15810 6043 9090 6031 
15811 6040 8942 8602 
15812 5176 9082 4293 
15813 7925 9052 8972 
15814 6995 8981 5482 
15815 3380 3546 3379 
15816 8481 8988 8824 
15817 3298 8997 3108 
15818 4568 8871 8722 
15819 5541 9145 9133 
15820 215 9060 1675 
15821 1691 6414 470 
15822 3588 8959 8921 
15823 7115 9220 7116 
15824 2612 8870 2595 
15825 8820 8999 4161 
15826 1823 9060 216 
15827 3669 8969 3672 
15828 9070 9160 6928 
15829 5547 5717 4697 
15830 5730 8981 5992 
15831 4910 9080 8346 
15832 5089 9043 4670 
15833 5988 8956 6930 
15834 6914 9654 3971 
15835 9032 9105 6042 
15836 4073 8861 4071 
15837 3547 4296 3546 
15838 6820 9038 5504 
15839 4445 9008 8966 
15840 3976 4859 3758 
15841 8746 9058 3924 
15842 5458 9160 9028 
15843 3902 8965 8637 
15844 6911 9319 9299 
15845 7138 9136 8884 
15846 2336 8899 2424 
15847 4989 8866 6882 
15848 4982 8964 8533 
15849 2588 8870 3917 
15850 8513 8962 4320 
15851 6778 6781 6780 
15852 8900 8976 6010 
15853 7145 8982 7144 
15854 4911 9080 4910 
15855 8438 9151 7892 
15856 8869 9035 4611 
15857 2163 8968 2160 
15858 4751 5107 4752 
15859 8949 8950 3116 
15860 5064 5853 5538 
15861 5634 9088 6071 
15862 8974 9059 3405 
15863 4628 8866 4324 
15864 2264 8990 8953 
15865 6232 6234 1881 
15866 4324 8866 4989 
15867 8948 8969 3669 
15868 3641 8995 8157 
15869 3109 8978 3111 
15870 1894 1895 1893 
15871 6208 6325 5917 
15872 6017 8979 8604 
15873 8441 9647 9641 
15874 5653 9471 9437 
15875 8224 9047 5526 
15876 4296 4751 4297 
15877 5601 5917 5560 
15878 7167 9052 9027 
15879 5559 5560 4748 
15880 8684 9000 4729 
15881 9222 9266 6083 
15882 3469 8972 4245 
15883 5504 9038 7744 
15884 9048 9130 8343 
15885 7178 9123 5992 
15886 8824 8988 3724 
15887 2272 9162 7131 
15888 3641 9055 8995 
15889 2335 9567 8108 
15890 5971 9092 8008 
15891 8637 8965 5464 
15892 9100 9184 7366 
15893 6246 9141 6248 
15894 8428 8899 2311 
15895 7196 8985 8158 
15896 7052 9134 6312 
15897 2469 8980 2467 
15898 7578 9306 6081 
15899 4472 9029 6003 
15900 9409 9539 4208 
15901 8645 9009 6036 
15902 2638 8917 2685 
15903 6178 6997 6175 
15904 5495 8970 8433 
15905 3675 9085 3676 
15906 5583 8992 5996 
15907 5989 9046 8605 
15908 5502 8967 5726 
15909 3312 8922 3479 
15910 2279 8977 2281 
15911 5064 5538 4327 
15912 7615 8991 7614 
15913 5508 8965 3902 
15914 8019 9002 8017 
15915 8601 8998 7231 
15916 9305 9307 3330 
15917 4071 8861 4741 
15918 8002 9050 9009 
15919 7944 9007 5468 
15920 6058 9094 5551 
15921 8935 9047 8293 
15922 8936 9093 3828 
15923 5548 6140 5845 
15924 3355 9099 4218 
15925 5526 9047 8935 
15926 7621 9670 7626 
15927 5867 8974 5436 
15928 2641 8971 2377 
15929 5204 8975 8881 
15930 8786 8984 2652 
15931 6010 8976 6813 
15932 2685 8917 2977 
15933 4687 8866 4628 
15934 3370 8993 3365 
15935 6823 8975 5204 
15936 7002 9165 2621 
15937 5482 8981 5730 
15938 4903 5121 5120 
15939 6238 9000 8684 
15940 4607 8917 2638 
15941 3037 8994 3039 
15942 9023 9063 4604 
15943 8629 9028 4136 
15944 8995 9055 6786 
15945 5049 8861 4073 
15946 6057 9320 9177 
15947 5567 9195 9142 
15948 3472 9236 9147 
15949 6007 9004 8984 
15950 9146 9155 7725 
15951 8427 8990 2264 
15952 6911 9299 5491 
15953 9233 9247 1684 
15954 6827 6828 6826 
15955 6281 6283 6282 
15956 4871 8986 8943 
15957 5776 9139 5778 
15958 1867 9053 1870 
15959 4741 8861 5614 
15960 7116 9292 7117 
15961 4221 4768 4220 
15962 5530 8979 4971 
15963 2839 8923 2648 
15964 7307 8876 5919 
15965 3962 9073 4620 
15966 7999 9005 8001 
15967 6001 8987 8607 
15968 2857 9157 7483 
15969 6005 9004 6007 
15970 3788 9003 3790 
15971 3164 9122 3387 
15972 8108 9567 9564 
15973 6019 9056 6020 
15974 2816 9087 2792 
15975 456 6612 457 
15976 3108 8997 3109 
15977 6048 9085 8992 
15978 3390 9227 9088 
15979 9056 9127 6020 
15980 5529 9052 7925 
15981 2375 9056 8914 
15982 3897 8923 2839 
15983 2537 9121 8261 
15984 2276 9326 9201 
15985 8463 9107 5356 
15986 3760 9017 4289 
15987 2539 9121 2537 
15988 6015 8986 5507 
15989 3109 8997 8978 
15990 4339 9013 5248 
15991 5452 9010 6895 
15992 7175 9339 5754 
15993 9246 9329 4199 
15994 2433 8942 2646 
15995 3786 9083 3794 
15996 6129 6130 5090 
15997 7122 8983 8954 
15998 2648 8923 4965 
15999 474 6423 475 
16000 8736 9035 8869 
16001 7559 9129 7401 
16002 4350 5086 4351 
16003 7069 9105 9040 
16004 5492 8964 8909 
16005 5780 9155 5782 
16006 1743 6417 472 
16007 8676 9048 8343 
16008 133 6662 1678 
16009 5986 9008 4445 
16010 3049 9009 8645 
16011 5891 9012 5185 
16012 8968 9041 2160 
16013 6058 9122 9116 
16014 3850 9146 7725 
16015 4350 5548 5086 
16016 3895 8922 3311 
16017 3850 9126 2216 
16018 2218 9126 2269 
16019 7235 9252 7234 
16020 5468 9007 8675 
16021 3721 9014 3894 
16022 8602 8942 2433 
16023 5161 9037 8753 
16024 6007 8984 8786 
16025 9131 9154 7355 
16026 7896 9070 8765 
16027 4729 9000 8570 
16028 2269 9126 8454 
16029 8224 9081 9047 
16030 2736 9020 3207 
16031 5784 9168 5786 
16032 6826 9118 4046 
16033 5506 8995 6786 
16034 4968 9050 8002 
16035 8970 8993 3370 
16036 2796 9108 2813 
16037 3549 8932 3547 
16038 9084 9179 5543 
16039 6092 6337 6336 
16040 3724 8988 8862 
16041 2646 8942 2875 
16042 8675 9007 2816 
16043 2012 9103 2010 
16044 6024 9016 6023 
16045 5497 9061 5499 
16046 2621 9165 2623 
16047 4731 8933 6129 
16048 6140 6286 5845 
16049 8431 9096 8599 
16050 443 1841 444 
16051 487 1840 488 
16052 7028 9217 5442 
16053 4502 9063 4968 
16054 6958 9486 6959 
16055 8753 9037 7584 
16056 9126 9139 8454 
16057 2574 9264 4159 
16058 6033 9090 9075 
16059 7189 9205 7191 
16060 6035 9023 6006 
16061 4832 9024 6881 
16062 6732 9166 6733 
16063 4999 9021 5138 
16064 3160 9116 3162 
16065 7061 9061 4118 
16066 5539 9158 8222 
16067 5532 9022 8515 
16068 3722 9027 5529 
16069 7954 9746 9577 
16070 8427 9019 8990 
16071 5548 5845 5086 
16072 6190 6192 6191 
16073 7713 9026 5488 
16074 6099 9584 9373 
16075 6736 9235 5588 
16076 5788 9180 5790 
16077 5991 6121 5074 
16078 5627 9149 6074 
16079 9211 9314 6076 
16080 8251 9018 4174 
16081 3821 9019 8427 
16082 6829 9118 6826 
16083 8252 9010 5452 
16084 3059 9032 3060 
16085 5536 9130 9048 
16086 3547 8932 4296 
16087 9018 9045 5736 
16088 4325 9182 8251 
16089 6726 9015 8278 
16090 2214 9146 3850 
16091 7698 9025 7688 
16092 7157 9036 6150 
16093 4171 9062 8561 
16094 455 1839 456 
16095 475 1838 476 
16096 5435 9145 5872 
16097 6062 8996 8745 
16098 4633 9109 4140 
16099 2272 9146 2212 
16100 5910 6057 4889 
16101 4072 9229 5047 
16102 140 1844 139 
16103 5505 9105 7069 
16104 7731 9039 7736 
16105 6296 9202 6298 
16106 6016 9179 9084 
16107 8979 9057 8604 
16108 264 1845 263 
16109 4041 9112 3782 
16110 2835 9140 2475 
16111 5530 9057 8979 
16112 3411 9044 3603 
16113 9203 9217 7028 
16114 8761 9100 7366 
16115 4968 9063 9050 
16116 6039 9081 8224 
16117 3055 9040 3056 
16118 2273 9163 4554 
16119 6828 6830 6829 
16120 5792 9192 5794 
16121 9487 9596 4206 
16122 7642 9143 9089 
16123 2397 9207 2395 
16124 5442 9217 4544 
16125 4351 8940 4903 
16126 8954 8983 3581 
16127 1892 1894 1893 
16128 5667 9182 9144 
16129 5951 9030 6873 
16130 6016 9084 8985 
16131 5667 9144 4981 
16132 3759 9017 3760 
16133 7580 9055 3641 
16134 6043 9110 9099 
16135 4043 9031 4045 
16136 5538 9017 4327 
16137 3821 9054 9019 
16138 7643 9089 8988 
16139 2077 9163 2079 
16140 7350 9049 7352 
16141 3917 9074 2582 
16142 2210 9162 2272 
16143 4621 9001 8906 
16144 3854 9162 2208 
16145 5467 9133 9093 
16146 4220 8932 3549 
16147 5113 9029 4472 
16148 2160 9041 2157 
16149 4327 9017 3759 
16150 8914 9056 6019 
16151 6063 9434 7305 
16152 4748 9031 4043 
16153 8623 9062 4171 
16154 5810 9829 5813 
16155 9096 9135 7164 
16156 7026 9093 8936 
16157 4731 5089 4670 
16158 7312 9095 9059 
16159 2573 9074 8500 
16160 6390 6391 6389 
16161 9005 9009 3049 
16162 5456 9028 8629 
16163 6036 9050 6035 
16164 136 1847 135 
16165 268 1846 267 
16166 6978 9160 5994 
16167 216 9060 215 
16168 8293 9047 3262 
16169 5556 9179 4120 
16170 4338 9156 4478 
16171 8943 8986 6015 
16172 3318 9187 3388 
16173 6948 9242 3861 
16174 9722 9723 6119 
16175 5075 5991 5074 
16176 2145 9172 2143 
16177 5536 9048 9022 
16178 6871 9051 5332 
16179 8992 9085 3675 
16180 2206 9173 3854 
16181 7797 9067 5986 
16182 5121 6213 5122 
16183 2274 9173 2204 
16184 6588 9037 5161 
16185 3363 9058 3361 
16186 1876 1877 1874 
16187 5674 9156 4995 
16188 9187 9214 6070 
16189 3184 8996 3313 
16190 2823 9276 2772 
16191 9134 9198 6312 
16192 5566 9236 7639 
16193 8906 9001 5514 
16194 8420 9054 3821 
16195 8654 9056 2375 
16196 5255 9052 7167 
16197 6312 9198 6316 
16198 5451 9076 8789 
16199 5047 9290 6139 
16200 4541 9217 4540 
16201 5643 9252 6681 
16202 7312 9059 5867 
16203 5049 9077 8861 
16204 5992 9123 5895 
16205 5717 8933 4697 
16206 9050 9063 6035 
16207 8010 9064 8011 
16208 9028 9160 6978 
16209 3896 9167 4072 
16210 2774 9276 3616 
16211 8605 9046 4435 
16212 1881 9257 1877 
16213 9220 9292 7116 
16214 7876 9221 7878 
16215 8722 9076 5451 
16216 2202 9185 2274 
16217 1698 9079 7469 
16218 454 6422 455 
16219 2474 9709 2476 
16220 8899 9097 2424 
16221 3857 9185 2200 
16222 4125 9066 9049 
16223 5932 9170 5931 
16224 5620 9200 6076 
16225 8734 9111 7075 
16226 6043 9099 9090 
16227 6034 9097 8899 
16228 6041 9128 6040 
16229 4950 9111 8734 
16230 2416 9206 2418 
16231 2352 9174 2348 
16232 2988 8996 3184 
16233 7280 9469 7282 
16234 8861 9077 5614 
16235 6525 6526 6426 
16236 5931 9170 8671 
16237 6843 9225 9046 
16238 5549 9057 5530 
16239 7853 9233 8958 
16240 6070 9195 5569 
16241 4731 5090 5089 
16242 6971 9702 6972 
16243 3683 9423 7343 
16244 6182 6753 6179 
16245 2437 9164 2400 
16246 64 9250 1699 
16247 5520 9035 8736 
16248 2402 9164 4315 
16249 9047 9081 3262 
16250 8604 9057 3386 
16251 5986 9067 9008 
16252 2695 9183 2838 
16253 2971 9240 7030 
16254 5567 9142 5554 
16255 9224 9281 6075 
16256 2692 9218 8239 
16257 5488 9026 8713 
16258 5867 9059 8974 
16259 3625 9260 7722 
16260 4697 4731 4670 
16261 6281 6282 6127 
16262 3338 9211 3393 
16263 9234 9237 2442 
16264 9058 9075 3361 
16265 8745 8996 2988 
16266 3180 9197 8264 
16267 3243 9197 3180 
16268 2198 9201 3857 
16269 486 6419 487 
16270 7117 9336 7119 
16271 9473 9541 3007 
16272 3324 9224 3389 
16273 2276 9201 2196 
16274 8654 9127 9056 
16275 6968 9312 3885 
16276 4697 8933 4731 
16277 262 1735 261 
16278 142 1734 141 
16279 4064 9073 3962 
16280 4060 9134 8963 
16281 5591 9265 9204 
16282 8392 9231 8393 
16283 5472 9062 8623 
16284 3361 9075 3358 
16285 5915 9071 6740 
16286 5207 9065 9021 
16287 4068 9400 9390 
16288 5090 6093 5089 
16289 4555 9048 8676 
16290 4297 9006 3546 
16291 6778 6780 6775 
16292 5994 9070 7896 
16293 8420 9072 9054 
16294 1814 9250 65 
16295 4762 8973 4221 
16296 4118 9061 8826 
16297 3780 9178 4041 
16298 2721 9069 2723 
16299 2267 9072 8420 
16300 3977 9178 3778 
16301 4045 9031 4350 
16302 2442 9215 2373 
16303 5614 9077 6604 
16304 389 9484 1861 
16305 8713 9026 3899 
16306 8667 9183 2697 
16307 5086 8940 4351 
16308 4393 9152 7089 
16309 5546 9184 9100 
16310 7138 9258 9136 
16311 8838 9084 5543 
16312 5615 9230 5611 
16313 7022 9256 5562 
16314 2775 9191 2773 
16315 3379 9006 3472 
16316 3173 9214 3273 
16317 2693 9218 2692 
16318 5954 9271 4506 
16319 1863 9484 390 
16320 2582 9074 2573 
16321 9057 9094 3386 
16322 8592 9342 9209 
16323 8799 9098 5483 
16324 9017 9120 4289 
16325 4142 9188 4633 
16326 4315 9193 2404 
16327 2406 9193 2435 
16328 6990 9245 6992 
16329 3396 9263 2625 
16330 3784 9083 3786 
16331 6965 9345 9341 
16332 6713 9183 8667 
16333 5511 9080 4911 
16334 2267 9091 9072 
16335 5549 9094 9057 
16336 6681 9279 5644 
16337 5636 9088 5634 
16338 4203 9246 4200 
16339 8805 9125 3744 
16340 6500 10132 9402 
16341 6992 9274 9263 
16342 138 1725 137 
16343 266 1724 265 
16344 6031 9090 6033 
16345 6457 9896 1718 
16346 6517 9287 6520 
16347 3262 9081 8305 
16348 5565 9226 5489 
16349 4748 9150 9031 
16350 5472 9096 9062 
16351 2792 9087 2794 
16352 4161 9175 3911 
16353 5234 9253 6221 
16354 8988 9089 8862 
16355 453 6429 454 
16356 9174 9215 8222 
16357 4963 9511 9412 
16358 3546 9006 3379 
16359 7728 9137 6847 
16360 8592 9209 8493 
16361 4221 8973 4768 
16362 8942 9128 2875 
16363 8826 9061 5497 
16364 8202 9362 8203 
16365 5546 9100 9035 
16366 6218 6861 5060 
16367 5418 9251 5416 
16368 8221 9237 6072 
16369 6040 9128 8942 
16370 8419 9091 2267 
16371 4653 9210 4146 
16372 3676 9085 3986 
16373 7585 9832 3177 
16374 5587 9347 9325 
16375 9026 9098 3899 
16376 7859 10025 7883 
16377 4293 9082 4879 
16378 1892 1893 1891 
16379 7566 9441 6595 
16380 4903 8940 5121 
16381 5501 9285 7058 
16382 9147 9236 7316 
16383 8996 9167 3313 
16384 2627 9274 2629 
16385 9213 9308 6074 
16386 5239 10008 9972 
16387 9157 9245 8316 
16388 3357 9099 3355 
16389 478 1852 479 
16390 452 1853 453 
16391 4042 9102 5559 
16392 7260 9518 2786 
16393 3749 9177 3747 
16394 5833 9077 5049 
16395 134 1745 3 
16396 5 1746 269 
16397 9098 9239 5483 
16398 5074 8973 4762 
16399 6976 9734 9710 
16400 8946 9248 5937 
16401 4350 9031 5548 
16402 3204 9223 4160 
16403 1838 6424 476 
16404 5551 9094 5549 
16405 6039 9131 9081 
16406 4169 9766 7359 
16407 9391 9405 5647 
16408 9142 9195 3387 
16409 4669 4697 4670 
16410 5976 9346 6660 
16411 3827 9101 8419 
16412 8419 9101 9091 
16413 8331 9115 4558 
16414 8599 9096 5472 
16415 8985 9084 4970 
16416 2010 9103 4162 
16417 9385 9572 6342 
16418 8958 9233 7963 
16419 6075 9265 5593 
16420 8871 9076 8722 
16421 3560 9223 3206 
16422 3348 9227 3350 
16423 3827 9106 9101 
16424 7485 9318 5585 
16425 4064 9109 9073 
16426 6058 9116 9094 
16427 6052 9238 8563 
16428 9720 9727 6122 
16429 8913 9159 8371 
16430 1890 1892 1891 
16431 6650 9194 7293 
16432 1866 6236 1869 
16433 4611 9100 8761 
16434 3965 3989 3988 
16435 3776 9241 3977 
16436 3346 9300 3348 
16437 7152 9113 7151 
16438 8455 9106 3827 
16439 6062 9167 8996 
16440 2112 9268 2114 
16441 4970 9084 8838 
16442 4140 9109 4064 
16443 6633 9323 6635 
16444 9087 9108 2794 
16445 6982 9114 5557 
16446 6041 9189 9128 
16447 4875 9107 8463 
16448 2424 9097 5036 
16449 9455 9469 7280 
16450 446 1854 447 
16451 484 1855 485 
16452 8963 9134 7052 
16453 2794 9108 2796 
16454 3320 9281 3322 
16455 9229 9290 5047 
16456 3784 9112 9083 
16457 2016 9277 2081 
16458 6044 9110 6043 
16459 8465 9255 3196 
16460 8791 9190 6927 
16461 2610 9121 2539 
16462 5855 9302 4589 
16463 8704 9137 7728 
16464 9022 9048 4555 
16465 8862 9089 5523 
16466 8547 9275 8842 
16467 7071 9086 8764 
16468 6630 9231 8677 
16469 9582 9588 7683 
16470 3782 9112 3784 
16471 3893 9267 2412 
16472 6972 9699 7235 
16473 3828 9093 8893 
16474 8443 9130 5536 
16475 7030 9203 7028 
16476 3177 9833 7800 
16477 2149 9280 2147 
16478 3419 9124 3936 
16479 479 6436 480 
16480 4747 9936 9909 
16481 480 1862 481 
16482 5554 9142 6058 
16483 4424 9319 4894 
16484 8922 9102 3479 
16485 3340 9308 3342 
16486 3899 9098 8799 
16487 8443 9151 9130 
16488 5799 9326 9209 
16489 7885 9322 7884 
16490 6080 9259 6081 
16491 2410 9270 3893 
16492 9238 9260 7891 
16493 2414 9267 2427 
16494 6121 8973 5074 
16495 6035 9063 9023 
16496 9605 9615 7690 
16497 3386 9116 3160 
16498 1875 1884 1883 
16499 5591 9204 5572 
16500 8884 9136 4907 
16501 3472 9147 3219 
16502 5511 9132 9080 
16503 8837 9152 4393 
16504 5538 9120 9017 
16505 8180 9301 3402 
16506 4827 7489 6776 
16507 2269 9119 8455 
16508 4982 9144 9104 
16509 5556 9266 9222 
16510 8455 9119 9106 
16511 3304 9254 3560 
16512 5931 9111 4950 
16513 2813 9171 8631 
16514 7336 9225 6843 
16515 2216 9126 2218 
16516 3328 9305 3330 
16517 4907 9136 8810 
16518 4821 9222 6083 
16519 2435 9270 2408 
16520 3334 9314 3336 
16521 6071 9303 5631 
16522 3402 9301 3403 
16523 6018 9239 9098 
16524 6077 9304 5608 
16525 7889 9322 7886 
16526 9089 9143 5523 
16527 3162 9122 3164 
16528 8764 9086 5924 
16529 5895 9123 6869 
16530 3391 9213 9149 
16531 483 6567 484 
16532 8180 9318 9301 
16533 5317 9117 9055 
16534 8759 9147 7316 
16535 6820 9255 8465 
16536 4092 9261 3772 
16537 3217 9147 8759 
16538 8305 9131 7371 
16539 7401 9129 7402 
16540 7260 9462 7261 
16541 2389 9310 2020 
16542 6074 9313 5624 
16543 4148 9283 4653 
16544 6828 6829 6826 
16545 5938 9127 8654 
16546 6076 9316 5617 
16547 482 1858 483 
16548 449 1859 450 
16549 6960 9364 5476 
16550 447 6571 448 
16551 3479 9102 4042 
16552 9300 9303 6071 
16553 4878 9291 4152 
16554 6965 9341 3938 
16555 4172 9248 8946 
16556 7164 9135 5564 
16557 8827 9254 3474 
16558 5606 9304 9232 
16559 6249 9141 6246 
16560 4558 9115 8841 
16561 3310 9158 9135 
16562 8343 9130 3271 
16563 9035 9100 4611 
16564 8842 9275 7711 
16565 5834 10187 9998 
16566 9230 9316 3392 
16567 8850 9216 7079 
16568 9130 9151 3271 
16569 5888 9272 5565 
16570 9076 9220 7115 
16571 5114 6602 5856 
16572 448 6440 449 
16573 5270 9418 5271 
16574 9114 9293 5604 
16575 8841 9115 5513 
16576 9081 9131 8305 
16577 2475 9140 2473 
16578 5508 9157 8316 
16579 6127 9068 5075 
16580 3310 9135 8431 
16581 6741 9148 8717 
16582 6817 9132 5511 
16583 9135 9158 5564 
16584 8795 9102 8922 
16585 9102 9243 5559 
16586 9133 9145 5540 
16587 3450 9301 4163 
16588 6786 9117 7413 
16589 9503 9595 2953 
16590 5562 9256 8728 
16591 8454 9139 5776 
16592 9090 9099 3357 
16593 5854 9120 5538 
16594 9122 9142 3387 
16595 8583 9378 9298 
16596 8909 9104 8171 
16597 5924 9086 7081 
16598 8718 9226 4062 
16599 8026 9221 7876 
16600 2212 9146 2214 
16601 4660 9299 6894 
16602 5540 9145 5435 
16603 9832 9833 3177 
16604 5491 9299 4610 
16605 9093 9133 8893 
16606 7045 9355 5499 
16607 7647 9649 7650 
16608 9031 9150 5548 
16609 7091 9340 4163 
16610 4981 9144 4982 
16611 5351 9285 5501 
16612 5629 9149 5627 
16613 2875 9128 5035 
16614 4982 9104 8964 
16615 9770 9772 7771 
16616 8360 9335 8361 
16617 7725 9155 5780 
16618 4478 9137 8704 
16619 9144 9182 8170 
16620 9368 9431 4959 
16621 6656 9346 6969 
16622 6272 9465 9411 
16623 8964 9104 8909 
16624 5560 9150 4748 
16625 3885 9312 3398 
16626 1641 10038 6549 
16627 8810 9136 6801 
16628 6038 9154 6039 
16629 3299 9325 3538 
16630 9292 9336 7117 
16631 6835 9118 6829 
16632 5564 9158 5539 
16633 5596 9232 6075 
16634 7067 9358 3454 
16635 6194 6196 6195 
16636 9159 9311 8371 
16637 5572 9204 6070 
16638 3271 9151 8438 
16639 4995 9156 4338 
16640 1870 9053 1875 
16641 1855 6434 485 
16642 9046 9225 4435 
16643 5075 9068 5991 
16644 2788 9491 9480 
16645 3770 9309 4092 
16646 2623 9165 3396 
16647 5873 6714 5910 
16648 3861 9242 8692 
16649 6937 9161 6014 
16650 6080 9329 9246 
16651 4007 9309 3768 
16652 8889 9134 4060 
16653 9790 9822 9115 
16654 2208 9162 2210 
16655 5606 9232 5596 
16656 8836 9327 4621 
16657 3742 9320 3738 
16658 2123 9330 2126 
16659 4779 9949 6685 
16660 8717 9148 2437 
16661 9204 9265 3388 
16662 4056 9572 9385 
16663 4639 9374 9370 
16664 9167 9229 4072 
16665 5181 9042 6092 
16666 2400 9164 2402 
16667 3059 9105 9032 
16668 7131 9168 5784 
16669 2079 9163 2273 
16670 2958 9331 2862 
16671 9201 9326 6904 
16672 3342 9213 3344 
16673 6928 9160 5458 
16674 8618 9159 8923 
16675 8893 9133 5540 
16676 6469 10171 6470 
16677 2012 9153 9103 
16678 8394 9335 8487 
16679 9061 9262 5499 
16680 8559 9333 4133 
16681 8489 10383 10091 
16682 6186 6197 6188 
16683 6081 9306 8630 
16684 7709 9343 7574 
16685 4135 9333 4881 
16686 5560 9219 9150 
16687 9641 9647 7696 
16688 6879 9497 6896 
16689 7183 9176 7184 
16690 5043 5114 5044 
16691 3219 9147 3217 
16692 4859 4889 3758 
16693 6039 9154 9131 
16694 2204 9173 2206 
16695 3911 9175 4251 
16696 2866 9338 2952 
16697 6718 9196 6227 
16698 600 9169 601 
16699 2308 9172 2145 
16700 7483 9157 8849 
16701 5561 9239 6018 
16702 9094 9116 3386 
16703 8889 9198 9134 
16704 6038 9181 9154 
16705 9767 9768 7772 
16706 9227 9300 6071 
16707 2348 9174 3310 
16708 6988 9180 5788 
16709 4965 9159 8913 
16710 8849 9157 5508 
16711 4120 9179 6016 
16712 8631 9171 6079 
16713 3778 9178 3780 
16714 7559 9171 9129 
16715 5523 9143 8946 
16716 3392 9307 9230 
16717 6193 6194 6192 
16718 6070 9214 9195 
16719 6902 9404 5398 
16720 9158 9174 8222 
16721 7366 9184 2637 
16722 8882 9249 2806 
16723 5501 9152 8837 
16724 8170 9182 4325 
16725 2497 9349 2495 
16726 6156 9345 6047 
16727 9001 9249 5514 
16728 8923 9159 4965 
16729 2022 9348 2389 
16730 3766 9332 4007 
16731 9128 9189 5035 
16732 5909 9282 8813 
16733 6182 6754 6753 
16734 5548 9150 6140 
16735 8795 9243 9102 
16736 2200 9185 2202 
16737 4962 9296 7559 
16738 5474 9341 5476 
16739 9308 9313 6074 
16740 3313 9167 3896 
16741 2697 9183 2695 
16742 4859 5873 4889 
16743 5873 5910 4889 
16744 5190 9328 8723 
16745 4163 9340 3452 
16746 6743 9194 6650 
16747 8735 9170 5932 
16748 4144 9188 4142 
16749 6972 9702 9699 
16750 1859 6438 450 
16751 8583 9298 8754 
16752 6943 9192 5792 
16753 6109 9365 8045 
16754 9136 9258 6801 
16755 4540 9203 7704 
16756 9151 9212 7892 
16757 2404 9193 2406 
16758 3273 9187 3318 
16759 4669 4670 4362 
16760 9055 9117 6786 
16761 8784 9181 6038 
16762 5605 9506 9379 
16763 5543 9222 4821 
16764 9171 9296 6079 
16765 6882 9391 5647 
16766 7290 9327 8836 
16767 3454 9358 3455 
16768 3478 9197 3243 
16769 6892 9202 6296 
16770 3336 9211 3338 
16771 5622 9200 5620 
16772 5586 9184 5546 
16773 7192 9205 7189 
16774 2806 9191 2775 
16775 2196 9201 2198 
16776 6872 9499 5188 
16777 4251 9199 6619 
16778 5569 9195 5567 
16779 1754 9662 6562 
16780 6282 9068 6127 
16781 8597 9598 9592 
16782 9258 9264 6802 
16783 2683 9207 2397 
16784 8682 9749 9640 
16785 4669 9334 5547 
16786 6904 9326 5796 
16787 4637 9368 4284 
16788 2082 9363 2026 
16789 9187 9204 3388 
16790 4146 9210 4144 
16791 9352 9418 5650 
16792 7343 9423 9361 
16793 7509 9686 9682 
16794 5658 9430 7478 
16795 8775 9240 2971 
16796 6157 9138 8940 
16797 6926 9190 8791 
16798 9325 9347 6037 
16799 5035 9189 6138 
16800 9200 9211 6076 
16801 6058 9142 9122 
16802 4544 9217 4541 
16803 3393 9211 9200 
16804 9232 9304 3389 
16805 4289 9337 3762 
16806 5799 9342 5800 
16807 7559 9296 9171 
16808 9149 9213 6074 
16809 9175 9199 4251 
16810 4056 9385 9042 
16811 4144 9210 9188 
16812 8493 9209 2276 
16813 3387 9214 3173 
16814 9129 9171 2813 
16815 8325 9371 8326 
16816 9209 9342 5799 
16817 6342 6343 6341 
16818 6092 9042 6337 
16819 6077 9307 9305 
16820 9150 9219 6140 
16821 7272 9462 7273 
16822 5338 9361 4954 
16823 5347 9212 8443 
16824 3938 9341 8770 
16825 6971 9710 9702 
16826 7930 9384 7931 
16827 4874 9376 5652 
16828 2373 9215 2352 
16829 7705 9240 8775 
16830 5043 5044 4860 
16831 8871 9220 9076 
16832 8165 9380 8164 
16833 3206 9223 3204 
16834 7061 9262 9061 
16835 5476 9364 5475 
16836 7197 9534 6851 
16837 2442 9237 9215 
16838 2838 9218 2693 
16839 7222 9228 7220 
16840 5656 9376 4873 
16841 9314 9316 6076 
16842 2418 9206 8863 
16843 5499 9355 5498 
16844 5561 9294 9239 
16845 5556 9222 9179 
16846 7932 9839 7933 
16847 8362 9371 8381 
16848 7208 9244 6110 
16849 6339 6340 6338 
16850 5588 9235 5589 
16851 6075 9281 9265 
16852 3322 9224 3324 
16853 9088 9227 6071 
16854 7316 9236 5566 
16855 392 9397 391 
16856 5611 9230 6077 
16857 4160 9216 8850 
16858 6012 9198 8889 
16859 3127 9381 3125 
16860 7906 9396 7907 
16861 3989 4362 4361 
16862 9224 9232 3389 
16863 4199 9329 4962 
16864 4860 9186 4859 
16865 5478 9364 6307 
16866 8688 9352 5650 
16867 5347 9238 9212 
16868 7983 9617 7982 
16869 3330 9307 3332 
16870 8618 9311 9159 
16871 6061 9229 6062 
16872 7909 9396 7908 
16873 5459 9375 5905 
16874 7854 9377 7860 
16875 8222 9237 8221 
16876 5629 9303 9149 
16877 5559 9243 5601 
16878 7855 9233 7853 
16879 5933 9388 5518 
16880 7213 9586 7212 
16881 4435 9225 8559 
16882 6882 9344 6037 
16883 6077 9305 9304 
16884 5602 9294 5561 
16885 6072 9234 6073 
16886 6057 9177 4889 
16887 7286 9475 7289 
16888 5483 9239 8729 
16889 5719 9386 5750 
16890 8677 9231 8392 
16891 8563 9238 5347 
16892 3774 9241 3776 
16893 9245 9274 6992 
16894 5441 9372 8766 
16895 7393 9269 7388 
16896 7933 9836 2922 
16897 4977 9220 8871 
16898 9149 9303 3391 
16899 1890 1891 1889 
16900 4362 9043 4827 
16901 8371 9311 8372 
16902 6992 9295 6991 
16903 3133 9392 3131 
16904 5604 9369 5640 
16905 7234 9252 5643 
16906 2028 9383 2082 
16907 4670 9043 4362 
16908 7212 9603 4688 
16909 1879 1880 1877 
16910 6194 6198 6196 
16911 5489 9226 8718 
16912 9293 9369 5604 
16913 6512 10281 6501 
16914 8940 9138 5121 
16915 5121 9138 6213 
16916 4200 9246 4199 
16917 3139 9398 3137 
16918 7855 9247 9233 
16919 8870 9293 3917 
16920 5425 9251 5418 
16921 7968 9407 7967 
16922 6890 9253 5234 
16923 4962 9329 9296 
16924 3078 9429 9015 
16925 3474 9254 3304 
16926 65 9250 64 
16927 7306 9459 2787 
16928 6951 9635 5954 
16929 5586 9382 8027 
16930 6062 9229 9167 
16931 4608 9269 8971 
16932 8228 9387 8635 
16933 5917 9219 5560 
16934 2885 9389 2987 
16935 2388 9395 2032 
16936 8460 9389 2883 
16937 8316 9245 6990 
16938 7088 9583 2823 
16939 7966 9407 7910 
16940 8302 9403 8301 
16941 9260 9284 7722 
16942 8692 9242 5491 
16943 8552 9388 9375 
16944 3196 9255 8337 
16945 7043 9262 7061 
16946 7891 9260 3625 
16947 7507 9681 9677 
16948 4977 9292 9220 
16949 2625 9263 2627 
16950 3298 9390 8997 
16951 5929 9400 7370 
16952 3600 9422 4844 
16953 8552 9375 2727 
16954 1855 6435 6434 
16955 5622 9313 9200 
16956 9581 9736 5751 
16957 3758 9177 3749 
16958 1887 1890 1889 
16959 3316 9416 8228 
16960 5521 9382 5586 
16961 3774 9261 9241 
16962 6801 9258 6802 
16963 4203 9259 9246 
16964 3772 9261 3774 
16965 6879 9556 9497 
16966 9200 9313 3393 
16967 6190 6193 6192 
16968 2403 9415 2401 
16969 2772 9276 2774 
16970 4506 9271 5009 
16971 9246 9259 6080 
16972 8728 9256 3885 
16973 7978 9419 7977 
16974 8257 9419 6664 
16975 4742 9243 8795 
16976 4068 9390 3537 
16977 2412 9267 2414 
16978 4688 9420 3309 
16979 9271 9286 5009 
16980 7669 9409 7671 
16981 2727 9375 8650 
16982 2987 9399 2887 
16983 9243 9317 5601 
16984 5593 9265 5591 
16985 2408 9270 2410 
16986 9253 9272 6221 
16987 6096 9370 6045 
16988 7933 9839 9836 
16989 9369 9387 5640 
16990 7271 9447 7277 
16991 8372 9347 5587 
16992 9066 9361 5338 
16993 2114 9268 2120 
16994 4740 9405 5131 
16995 8773 9266 5556 
16996 6597 9952 5300 
16997 8930 9247 7855 
16998 2629 9274 2857 
16999 7972 9440 7971 
17000 8327 9403 8334 
17001 5514 9249 8882 
17002 9298 9378 7387 
17003 2891 9401 2991 
17004 6070 9204 9187 
17005 8971 9269 7393 
17006 9819 9828 5766 
17007 5937 9248 8945 
17008 9239 9294 8729 
17009 6066 9391 4687 
17010 2018 9277 2016 
17011 9191 9491 2773 
17012 6098 9584 6099 
17013 9311 9347 8372 
17014 2952 9356 8712 
17015 9830 9834 8450 
17016 5644 9279 7128 
17017 3310 9174 9158 
17018 4150 9283 4148 
17019 3388 9281 3320 
17020 2147 9280 2308 
17021 2091 9410 2062 
17022 6788 9275 8547 
17023 9420 9603 5906 
17024 6337 6339 6338 
17025 6050 9284 6052 
17026 4898 9422 3599 
17027 5009 9286 6101 
17028 6518 9287 6517 
17029 6061 9290 9229 
17030 6788 9289 9275 
17031 8443 9212 9151 
17032 2058 9413 2385 
17033 6802 9264 8854 
17034 2034 9414 2388 
17035 5565 9272 9253 
17036 4152 9291 4150 
17037 6789 9467 7975 
17038 6309 6535 6199 
17039 7085 9555 7083 
17040 7970 9440 7969 
17041 8813 9282 4878 
17042 6607 9441 5310 
17043 6103 9673 9672 
17044 8244 9458 3316 
17045 3396 9295 9263 
17046 6339 6342 6341 
17047 4742 9317 9243 
17048 8120 9442 8119 
17049 8286 9442 7979 
17050 6075 9232 9224 
17051 6751 9285 5351 
17052 7938 9590 6098 
17053 9195 9214 3387 
17054 2991 9417 2893 
17055 8282 9436 8248 
17056 6098 9590 9584 
17057 3917 9293 9114 
17058 8300 9436 8299 
17059 2083 9426 2038 
17060 9827 9830 5807 
17061 4150 9291 9283 
17062 6050 9297 9284 
17063 6079 9296 6078 
17064 16 6738 15 
17065 8270 9451 8121 
17066 2018 9310 9277 
17067 3581 9506 9415 
17068 8450 9834 5809 
17069 2166 9438 2168 
17070 6912 9334 3965 
17071 9656 9663 6101 
17072 2385 9433 2056 
17073 2897 9427 2986 
17074 8779 9289 6788 
17075 6051 9297 6050 
17076 3391 9300 3346 
17077 8536 9447 9439 
17078 9236 9315 7639 
17079 2052 9435 2088 
17080 9826 9827 8449 
17081 3989 4669 4362 
17082 6130 9806 9580 
17083 7974 9467 7973 
17084 6138 9290 6061 
17085 5603 9315 9006 
17086 9179 9222 5543 
17087 4963 9412 4580 
17088 4610 9299 4660 
17089 5605 9379 8774 
17090 9586 9603 7212 
17091 5631 9303 5629 
17092 3747 9320 3742 
17093 3403 9301 3450 
17094 8997 9390 6759 
17095 2390 9450 2044 
17096 2046 9446 2390 
17097 4608 9298 9269 
17098 7675 9456 7678 
17099 8247 9451 8246 
17100 6234 9257 1881 
17101 2040 9443 2083 
17102 9757 9760 5967 
17103 8801 9292 4977 
17104 3062 9453 3064 
17105 8617 9293 8870 
17106 5608 9304 5606 
17107 8729 9294 3514 
17108 5398 9404 8613 
17109 3389 9305 3328 
17110 6198 6308 6199 
17111 4589 9302 4591 
17112 6272 9411 8816 
17113 3393 9308 3340 
17114 8754 9298 4608 
17115 4289 9533 9337 
17116 2088 9445 2050 
17117 5807 9830 8450 
17118 8244 9481 9458 
17119 4651 9464 7124 
17120 9824 9826 5804 
17121 2020 9310 2018 
17122 3768 9309 3770 
17123 1882 6284 6233 
17124 1859 6819 6438 
17125 5676 9607 6111 
17126 6101 9663 7175 
17127 5624 9313 5622 
17128 1882 6232 1881 
17129 2986 9448 2899 
17130 3392 9314 3334 
17131 4889 9177 3758 
17132 3391 9303 9300 
17133 6769 9490 8144 
17134 8630 9306 2958 
17135 5519 9550 8366 
17136 8536 9439 3922 
17137 9576 9748 4495 
17138 5617 9316 5615 
17139 5601 9317 6208 
17140 4894 9319 6911 
17141 8449 9827 5807 
17142 3316 9458 9416 
17143 7282 9480 7284 
17144 5193 9434 6063 
17145 2903 9461 2973 
17146 3398 9312 3938 
17147 9821 9824 8457 
17148 3922 9439 2765 
17149 2763 9439 2787 
17150 8679 9769 3107 
17151 9607 9611 6111 
17152 5653 9437 4839 
17153 9296 9329 6078 
17154 1880 1881 1877 
17155 8790 9437 8110 
17156 7886 9322 7885 
17157 5585 9318 8180 
17158 9006 9315 3472 
17159 4298 9472 2001 
17160 5639 9432 6805 
17161 6811 9323 6633 
17162 9249 9475 2806 
17163 1875 9053 1884 
17164 8036 9493 308 
17165 499 9324 500 
17166 6969 9346 5976 
17167 3506 9482 4137 
17168 5646 9490 6065 
17169 7225 9483 5649 
17170 307 9493 1805 
17171 5152 9470 6222 
17172 6096 9431 9368 
17173 6663 9432 5639 
17174 4878 9555 9291 
17175 9820 9821 5803 
17176 6108 9516 5665 
17177 7682 9487 7685 
17178 7001 9502 6084 
17179 2757 9460 2786 
17180 5804 9826 8449 
17181 2787 9459 2761 
17182 6118 9783 9782 
17183 4991 9311 8618 
17184 9215 9237 8222 
17185 3930 9481 8244 
17186 4689 9437 8790 
17187 5587 9325 3299 
17188 3107 9556 6879 
17189 4685 9618 9611 
17190 2005 9488 2097 
17191 2973 9476 2905 
17192 6985 9508 6986 
17193 9818 9820 8466 
17194 8265 9554 3930 
17195 2099 9486 2102 
17196 9315 9406 7639 
17197 8457 9824 5804 
17198 6987 9508 6985 
17199 2909 9485 2962 
17200 4576 9464 4651 
17201 5613 9317 4742 
17202 9711 9717 5755 
17203 9077 9273 6604 
17204 5425 9835 9251 
17205 3005 9473 3007 
17206 9816 9818 5802 
17207 8723 9328 7530 
17208 1772 9794 1 
17209 6078 9329 6080 
17210 7387 9378 7385 
17211 6614 9504 5884 
17212 573 10023 1622 
17213 5603 9406 9315 
17214 1753 10023 572 
17215 7252 9523 7256 
17216 2862 9331 2864 
17217 3879 9330 2123 
17218 5803 9821 8457 
17219 5886 9504 6609 
17220 3764 9332 3766 
17221 4133 9333 4135 
17222 5649 9483 5533 
17223 9814 9816 8485 
17224 5833 9273 9077 
17225 9390 9400 6759 
17226 7255 9517 7259 
17227 8228 9416 9387 
17228 4347 9498 4348 
17229 9862 9867 6135 
17230 4822 9474 4820 
17231 7256 9517 7253 
17232 8466 9820 5803 
17233 9437 9471 8110 
17234 2962 9501 2911 
17235 2857 9274 9245 
17236 4991 9347 9311 
17237 7341 9536 7342 
17238 5188 9499 5830 
17239 2915 9503 2953 
17240 8487 9335 8360 
17241 8866 9391 6882 
17242 8617 9369 9293 
17243 9811 9814 5801 
17244 9808 9811 8495 
17245 9740 9741 5806 
17246 3393 9313 9308 
17247 9265 9281 3388 
17248 3762 9337 3764 
17249 2771 9491 2788 
17250 5754 9339 5755 
17251 9331 9338 2864 
17252 3817 9520 4691 
17253 6642 9496 6087 
17254 2864 9338 2866 
17255 5802 9818 8466 
17256 9386 9659 5750 
17257 6308 6309 6199 
17258 3614 9741 9740 
17259 6631 9521 5684 
17260 6198 6199 6196 
17261 7385 9393 7383 
17262 4827 9043 7489 
17263 8801 9336 9292 
17264 9378 9393 7385 
17265 5824 9537 6141 
17266 150 1849 149 
17267 274 1848 273 
17268 2090 9510 3729 
17269 3764 9337 9332 
17270 2092 9510 2087 
17271 8485 9816 5802 
17272 9263 9295 6992 
17273 2097 9515 2007 
17274 3452 9340 3454 
17275 2009 9515 3823 
17276 9807 9808 5798 
17277 9496 9509 4137 
17278 6084 9502 5205 
17279 4651 9336 8801 
17280 9692 9782 8928 
17281 9317 9351 6208 
17282 9560 9743 8803 
17283 4621 9327 9001 
17284 5044 9186 4860 
17285 7574 9343 7575 
17286 7383 9408 7381 
17287 1882 6233 6232 
17288 8712 9356 6097 
17289 3472 9315 9236 
17290 8653 9500 5599 
17291 5801 9814 8485 
17292 5270 9428 9418 
17293 6767 9533 6768 
17294 4348 9342 8592 
17295 7287 9491 9191 
17296 6047 9345 6965 
17297 433 10067 1771 
17298 2195 9570 2193 
17299 9657 9738 5732 
17300 6711 9500 8653 
17301 2637 9350 8100 
17302 4992 9525 5939 
17303 4188 9529 4186 
17304 8495 9811 5801 
17305 7295 9571 5908 
17306 8770 9341 5474 
17307 408 9622 409 
17308 6878 9444 6876 
17309 9325 9344 3538 
17310 3392 9316 9314 
17311 8944 9418 9352 
17312 1915 9522 6223 
17313 6037 9344 9325 
17314 8112 9531 8111 
17315 2751 9514 2784 
17316 4764 9522 1917 
17317 8265 9591 9554 
17318 2174 9532 2181 
17319 2024 9348 2022 
17320 9304 9305 3389 
17321 2608 9349 2497 
17322 2747 9519 3923 
17323 9183 9373 2838 
17324 9408 9425 7381 
17325 2784 9519 2749 
17326 6188 9278 6190 
17327 2786 9518 2755 
17328 5613 9351 9317 
17329 2877 9528 2659 
17330 5883 9531 6614 
17331 2619 9528 8356 
17332 6959 9421 6957 
17333 6052 9284 9260 
17334 6521 10239 6372 
17335 2608 9353 9349 
17336 3054 9546 9516 
17337 6197 9278 6188 
17338 1884 1887 1886 
17339 5798 9808 8495 
17340 9015 9429 6697 
17341 9412 9511 7123 
17342 5544 9353 2608 
17343 3966 9867 9862 
17344 6037 9347 4991 
17345 6110 9688 6109 
17346 3512 9527 5666 
17347 7380 9454 7594 
17348 7381 9425 7380 
17349 7289 9475 9249 
17350 5544 9359 9353 
17351 3458 9352 8688 
17352 9379 9506 8983 
17353 7709 9356 9343 
17354 1880 1882 1881 
17355 5498 9355 5897 
17356 2024 9363 9348 
17357 6106 9359 5544 
17358 5798 9809 9807 
17359 6851 9534 6853 
17360 3455 9358 3458 
17361 7648 9683 9680 
17362 9411 9465 7370 
17363 3615 9542 3100 
17364 6339 6341 6340 
17365 8045 9365 5912 
17366 4959 9431 7709 
17367 9356 9431 6097 
17368 4859 9186 5873 
17369 3823 9538 2011 
17370 148 1710 147 
17371 276 1711 275 
17372 3458 9358 9352 
17373 3097 9542 3096 
17374 9524 9585 3013 
17375 8908 10063 6068 
17376 5463 9540 5541 
17377 6330 9956 6309 
17378 6206 9351 5613 
17379 5897 9360 6897 
17380 2391 9536 5990 
17381 2026 9363 2024 
17382 7717 9568 7716 
17383 4463 9547 1944 
17384 9717 9720 6122 
17385 1946 9547 1949 
17386 7342 9551 5680 
17387 9771 9776 1912 
17388 4169 9774 9696 
17389 4954 9361 5915 
17390 2100 9544 2098 
17391 9230 9307 6077 
17392 4237 9666 7796 
17393 7261 9462 7272 
17394 3009 9541 3054 
17395 9355 9360 5897 
17396 9393 9408 7383 
17397 5681 9551 6693 
17398 4344 9545 4343 
17399 5114 5856 5044 
17400 6899 9541 9473 
17401 7594 9492 7593 
17402 5012 9545 5811 
17403 6118 9785 9783 
17404 9286 9656 6101 
17405 6530 10381 6113 
17406 4473 9544 2135 
17407 6302 9354 1880 
17408 5475 9364 5478 
17409 7504 9544 4473 
17410 2098 9543 2095 
17411 2015 9549 2074 
17412 3329 9552 4208 
17413 3971 9572 3754 
17414 7640 9546 5657 
17415 9209 9326 2276 
17416 6804 9420 5906 
17417 6025 9559 8039 
17418 4284 9368 4959 
17419 8374 9550 5519 
17420 5755 9717 6122 
17421 8606 9785 6118 
17422 7593 9507 7591 
17423 1666 10032 6409 
17424 3945 9557 4344 
17425 1966 9566 1964 
17426 8983 9511 9379 
17427 9184 9350 2637 
17428 7709 9431 9356 
17429 9349 9682 2495 
17430 5672 9559 4856 
17431 4637 9370 9368 
17432 5496 9559 6025 
17433 6067 9424 6066 
17434 9559 9569 8039 
17435 8469 9553 6133 
17436 8114 9568 8113 
17437 5909 9583 9282 
17438 5586 9350 9184 
17439 9186 9645 6673 
17440 4207 9565 3333 
17441 8381 9371 8325 
17442 9415 9506 6063 
17443 5912 9700 5743 
17444 9507 9512 7591 
17445 9425 9454 7380 
17446 6527 9424 6067 
17447 4469 9369 8617 
17448 9343 9356 2952 
17449 2838 9373 8660 
17450 9454 9492 7594 
17451 6313 9372 5441 
17452 6045 9374 6846 
17453 7673 9573 7675 
17454 3517 9591 8265 
17455 3965 9334 3989 
17456 8827 9586 9254 
17457 391 9397 1863 
17458 9334 9497 5547 
17459 4873 9376 4874 
17460 1887 1888 1886 
17461 6190 9278 6193 
17462 9695 9700 5912 
17463 5651 9560 8803 
17464 7749 9587 7748 
17465 7591 9512 7592 
17466 8269 9735 9732 
17467 6867 9737 1885 
17468 7856 9377 7854 
17469 2074 9574 2017 
17470 8650 9375 5459 
17471 9527 9707 5666 
17472 4493 9576 4495 
17473 463 10079 464 
17474 6701 10350 6545 
17475 9400 9411 7370 
17476 4469 9387 9369 
17477 8164 9380 4441 
17478 9291 9555 7085 
17479 5197 9452 9266 
17480 2021 9578 2387 
17481 4441 9384 7930 
17482 3517 9594 9591 
17483 3518 9381 3127 
17484 7123 9511 7122 
17485 9700 9706 5743 
17486 7796 9659 3515 
17487 9469 9480 7282 
17488 6107 9661 9660 
17489 5753 9581 5751 
17490 9594 9601 6100 
17491 9380 9384 4441 
17492 7931 9669 2859 
17493 2030 9383 2028 
17494 7592 9526 7666 
17495 8989 9367 7340 
17496 3513 9378 8583 
17497 9337 9533 6767 
17498 9760 9763 5967 
17499 4464 9708 9706 
17500 3335 9582 4207 
17501 6107 9386 5719 
17502 5933 9394 9388 
17503 5907 9382 5521 
17504 9368 9370 6096 
17505 5967 9763 5968 
17506 9492 9507 7593 
17507 8467 9577 4711 
17508 15 6738 1772 
17509 8774 9379 4963 
17510 3513 9393 9378 
17511 6713 9373 9183 
17512 2883 9389 2885 
17513 3989 9334 4669 
17514 2030 9395 9383 
17515 3015 9585 3047 
17516 3339 9588 3337 
17517 8635 9387 4469 
17518 8955 9598 6951 
17519 7908 9396 7906 
17520 7666 9535 7667 
17521 9526 9535 7666 
17522 8532 9587 7718 
17523 9512 9526 7592 
17524 9373 9584 8660 
17525 3519 9392 3133 
17526 2859 9671 7990 
17527 5518 9388 8552 
17528 8597 9592 5664 
17529 7639 9406 4661 
17530 3537 9390 3298 
17531 9032 9468 3065 
17532 7940 9608 7939 
17533 2032 9395 2030 
17534 2387 9593 2023 
17535 9669 9671 2859 
17536 3518 9616 9609 
17537 9616 9620 6102 
17538 5905 9394 8338 
17539 9361 9423 5915 
17540 5712 9594 6100 
17541 3520 9398 3139 
17542 7733 9579 9039 
17543 2063 9600 2067 
17544 9480 9491 7287 
17545 7478 9674 5723 
17546 6898 9457 5602 
17547 3714 9646 8218 
17548 8260 9652 5714 
17549 8707 9393 3513 
17550 2860 9602 2059 
17551 5714 9650 3714 
17552 2027 9599 2071 
17553 8175 9639 3520 
17554 6573 9606 5670 
17555 4754 9597 4647 
17556 4649 9597 8525 
17557 3125 9601 3123 
17558 5437 9604 5676 
17559 6069 9595 9503 
17560 9527 9651 6059 
17561 8260 9655 9652 
17562 5139 9610 5920 
17563 6759 9400 5929 
17564 9628 9633 6104 
17565 3714 9650 9646 
17566 5714 9652 9650 
17567 2887 9399 2889 
17568 3519 9628 9624 
17569 3341 9605 4206 
17570 9642 9644 5713 
17571 7667 9539 7669 
17572 1843 9705 29 
17573 1687 8696 259 
17574 207 8697 1688 
17575 1887 1889 1888 
17576 9693 9765 9234 
17577 8175 9642 9639 
17578 9655 9658 5718 
17579 6100 9609 5710 
17580 4685 9611 4684 
17581 2055 9614 8148 
17582 2069 9614 2053 
17583 8499 9608 7750 
17584 3520 9639 9637 
17585 4687 9391 8866 
17586 2666 9690 7362 
17587 6339 9385 6342 
17588 9399 9401 2889 
17589 9535 9539 7667 
17590 6648 9623 7997 
17591 6289 9402 6290 
17592 2889 9401 2891 
17593 9453 9772 3064 
17594 1969 9563 1971 
17595 3345 9615 3343 
17596 6120 9758 9756 
17597 6273 9465 6272 
17598 2071 9613 2029 
17599 8334 9403 8302 
17600 5647 9405 4740 
17601 5163 9489 5164 
17602 5706 9616 6102 
17603 272 1774 271 
17604 152 1775 151 
17605 2033 9619 2386 
17606 5527 9979 6813 
17607 3011 9524 3013 
17608 9339 9711 5755 
17609 3131 9620 3129 
17610 7918 9629 8117 
17611 6273 9478 9465 
17612 398 9466 397 
17613 7967 9407 7966 
17614 9703 9873 6041 
17615 7671 9409 7676 
17616 8413 9623 7941 
17617 8613 9404 6921 
17618 7796 9666 9659 
17619 8292 9625 4468 
17620 2062 9410 2060 
17621 4509 9625 4722 
17622 1676 10211 6552 
17623 6102 9624 5704 
17624 4580 9412 4578 
17625 8707 9408 9393 
17626 3925 9425 9408 
17627 9410 9413 2060 
17628 2060 9413 2058 
17629 3925 9408 8707 
17630 7919 9629 7916 
17631 3581 9415 2403 
17632 2386 9627 2035 
17633 2036 9414 2034 
17634 4722 9631 4511 
17635 5663 9406 5603 
17636 7977 9419 8257 
17637 5700 9628 6104 
17638 3137 9633 3135 
17639 2039 9630 2070 
17640 4593 9634 4725 
17641 9387 9416 5640 
17642 2893 9417 2895 
17643 8277 9730 9726 
17644 9282 9583 7088 
17645 3599 9422 3600 
17646 8816 9411 4068 
17647 8172 9684 7623 
17648 2036 9426 9414 
17649 5640 9416 8505 
17650 7921 9636 7920 
17651 1822 9632 249 
17652 6104 9637 5698 
17653 248 9632 1685 
17654 2038 9426 2036 
17655 2678 9684 8172 
17656 9417 9427 2895 
17657 9405 9424 5131 
17658 2895 9427 2897 
17659 6114 9430 5658 
17660 7362 9693 2666 
17661 7065 10072 5856 
17662 7453 9617 7452 
17663 5650 9428 5649 
17664 4577 9653 4789 
17665 6097 9431 6096 
17666 4798 9653 4575 
17667 8218 9644 3143 
17668 6564 10166 4331 
17669 145 1781 144 
17670 279 1780 278 
17671 2056 9433 2054 
17672 6042 9513 9468 
17673 8666 9425 3925 
17674 6697 9429 6868 
17675 5692 9642 5713 
17676 2054 9435 2052 
17677 9433 9435 2054 
17678 8299 9436 8282 
17679 6117 9665 6116 
17680 7971 9440 7970 
17681 2168 9438 2172 
17682 8119 9442 8286 
17683 481 9479 482 
17684 6687 9434 5193 
17685 9254 9586 7213 
17686 8983 9506 3581 
17687 9266 9452 6083 
17688 8682 9640 8565 
17689 5310 9441 7566 
17690 2765 9439 2763 
17691 4839 9437 4689 
17692 5271 9418 8944 
17693 5322 9667 8149 
17694 3283 9842 9837 
17695 9498 9797 4348 
17696 7739 9657 4352 
17697 9552 9565 7676 
17698 9412 9464 4578 
17699 3291 9661 3708 
17700 2042 9443 2040 
17701 3515 9660 3295 
17702 9042 9385 6337 
17703 6912 9497 9334 
17704 2042 9450 9443 
17705 5014 9655 5718 
17706 2050 9445 2048 
17707 3515 9659 9386 
17708 9416 9458 8505 
17709 2048 9446 2046 
17710 9445 9446 2048 
17711 8246 9451 8270 
17712 2899 9448 2901 
17713 6086 9482 9471 
17714 2044 9450 2042 
17715 3065 9453 3062 
17716 7678 9456 7683 
17717 1882 9354 6284 
17718 7596 9690 7598 
17719 8505 9458 5648 
17720 4207 9573 9565 
17721 2761 9459 2759 
17722 6106 9667 9359 
17723 3923 9643 8672 
17724 9448 9461 2901 
17725 2759 9460 2757 
17726 2901 9461 2903 
17727 7277 9447 8536 
17728 3054 9524 3011 
17729 7362 9690 7361 
17730 6083 9452 7630 
17731 8666 9454 9425 
17732 5723 9678 8287 
17733 3460 9454 8666 
17734 7370 9465 5389 
17735 2480 9668 2479 
17736 287 9687 1795 
17737 5160 9779 8447 
17738 7620 9684 7622 
17739 6086 9471 5653 
17740 4578 9464 4576 
17741 8740 9455 3922 
17742 2484 9672 2483 
17743 5915 9423 9071 
17744 7715 9992 6255 
17745 9459 9460 2759 
17746 9471 9482 3568 
17747 7975 9467 7974 
17748 3730 9868 8104 
17749 2488 9677 2487 
17750 8110 9471 3568 
17751 1828 9664 239 
17752 9458 9481 5648 
17753 238 9664 1720 
17754 9457 9473 3514 
17755 3930 9554 9481 
17756 1879 9477 6302 
17757 2492 9682 2491 
17758 7948 9750 9747 
17759 2479 9679 2477 
17760 6294 9470 5152 
17761 2069 9875 9614 
17762 6729 9715 6534 
17763 9465 9478 5389 
17764 5575 9676 6646 
17765 9370 9374 6045 
17766 4813 9676 4812 
17767 8674 9656 5641 
17768 2471 9680 2684 
17769 7324 9796 6137 
17770 2001 9472 2003 
17771 3514 9473 3005 
17772 3460 9492 9454 
17773 7509 9682 9349 
17774 9788 9795 8511 
17775 8785 9687 288 
17776 6108 9585 9524 
17777 2788 9469 8740 
17778 2465 9685 2678 
17779 4218 9647 8441 
17780 3940 9695 4211 
17781 8144 9490 5646 
17782 6337 9385 6339 
17783 4820 9474 5190 
17784 6896 9497 6912 
17785 2905 9476 2907 
17786 6137 9790 7324 
17787 9472 9488 2003 
17788 8172 9689 2678 
17789 2441 9691 2666 
17790 7284 9480 7287 
17791 9365 9695 5912 
17792 7680 9596 7682 
17793 8740 9469 9455 
17794 2678 9689 2463 
17795 3568 9482 3506 
17796 4082 9697 8351 
17797 9476 9485 2907 
17798 2096 9486 2099 
17799 2907 9485 2909 
17800 8973 9575 4768 
17801 5389 9478 5820 
17802 8075 10193 5016 
17803 2666 9693 2440 
17804 7685 9487 7690 
17805 5648 9481 5674 
17806 5533 9483 5660 
17807 6624 9563 6625 
17808 2066 9701 2064 
17809 8218 9646 9644 
17810 3251 9704 3063 
17811 5679 9696 6094 
17812 3615 9849 9542 
17813 4464 9706 8096 
17814 2003 9488 2005 
17815 10045 10051 7012 
17816 7799 9843 9838 
17817 8211 10043 5871 
17818 6120 9756 5742 
17819 8980 9685 2467 
17820 6042 9468 9032 
17821 5239 10052 10008 
17822 5736 9724 6119 
17823 2773 9491 2771 
17824 308 9493 307 
17825 9482 9496 4137 
17826 9483 9495 5660 
17827 6973 9745 7935 
17828 8662 9492 3460 
17829 420 10108 421 
17830 5660 9495 6700 
17831 5011 9795 9793 
17832 7850 9713 7849 
17833 5011 9498 4347 
17834 7622 9685 8980 
17835 6087 9496 6086 
17836 2911 9501 2913 
17837 9858 10226 1842 
17838 5830 9499 6253 
17839 9780 9784 6694 
17840 9787 9788 6124 
17841 5037 9703 6041 
17842 6066 9424 9405 
17843 9541 9546 3054 
17844 9784 9787 6125 
17845 8511 9795 5011 
17846 5599 9500 7333 
17847 7687 9621 7689 
17848 5884 9504 5886 
17849 9501 9503 2913 
17850 2913 9503 2915 
17851 7060 9752 7950 
17852 5908 9571 6695 
17853 5602 9457 9294 
17854 4208 9552 9409 
17855 5718 9658 6107 
17856 6534 9715 5350 
17857 5205 9502 6692 
17858 2689 9714 2984 
17859 6124 9788 8511 
17860 7689 9626 7692 
17861 9592 9598 3047 
17862 6125 9787 6124 
17863 5675 9595 6069 
17864 6253 9505 6850 
17865 9499 9505 6253 
17866 9140 9680 2473 
17867 6694 9784 6125 
17868 9621 9626 7689 
17869 6108 9524 9516 
17870 8662 9507 9492 
17871 4223 9718 4372 
17872 4811 9718 4225 
17873 390 9484 389 
17874 6107 9660 9386 
17875 7692 9638 7694 
17876 3929 9507 8662 
17877 3929 9512 9507 
17878 2538 9720 2540 
17879 6063 9506 5605 
17880 8927 9692 8928 
17881 4137 9509 7644 
17882 4068 9411 9400 
17883 8385 9715 4811 
17884 5892 9981 8137 
17885 7262 9523 7252 
17886 9388 9394 5905 
17887 3518 9609 9381 
17888 7648 9680 9140 
17889 9604 9607 5676 
17890 2087 9510 2090 
17891 9674 9678 5723 
17892 5018 9723 3975 
17893 2557 9727 2536 
17894 9725 9756 2172 
17895 9509 9520 7644 
17896 7318 9509 6642 
17897 5939 9513 6042 
17898 7694 9641 7696 
17899 5665 9516 7640 
17900 3957 9722 3954 
17901 1 9794 143 
17902 2164 9719 2166 
17903 7954 9741 7957 
17904 9626 9638 7692 
17905 7253 9517 7255 
17906 9638 9641 7694 
17907 7644 9520 3817 
17908 7318 9520 9509 
17909 6313 10334 9372 
17910 2753 9514 2751 
17911 8590 9512 3929 
17912 2007 9515 2009 
17913 1869 9463 9053 
17914 5675 9604 9595 
17915 2755 9518 2753 
17916 5684 9521 5805 
17917 1972 9729 1970 
17918 1880 9354 1882 
17919 5741 9743 8353 
17920 2749 9519 2747 
17921 2557 9736 9581 
17922 2806 9475 9191 
17923 1917 9522 1915 
17924 5574 9725 6115 
17925 5427 9775 8040 
17926 2753 9518 9514 
17927 5027 9732 6009 
17928 3519 9624 9392 
17929 9840 9844 5805 
17930 7948 9747 7955 
17931 9381 9609 6100 
17932 4708 9707 6059 
17933 7626 9683 7646 
17934 6044 9648 9110 
17935 9294 9457 3514 
17936 5641 9656 9286 
17937 4248 10198 8967 
17938 4993 9525 4992 
17939 9418 9428 5650 
17940 7956 9746 7953 
17941 4747 9739 4714 
17942 5450 9527 3512 
17943 2659 9528 2619 
17944 7324 9810 9796 
17945 8590 9526 9512 
17946 4372 9529 4188 
17947 8534 9831 6575 
17948 6931 10049 6421 
17949 3520 9637 9398 
17950 4341 9526 8590 
17951 5025 9744 5732 
17952 6060 9651 7262 
17953 8111 9531 5883 
17954 8335 9530 4786 
17955 2181 9532 2391 
17956 4341 9535 9526 
17957 1871 9731 1868 
17958 7956 9748 9576 
17959 5990 9536 7341 
17960 7262 9651 9643 
17961 4207 9582 9456 
17962 4497 9748 5022 
17963 9497 9556 5547 
17964 6132 9849 9846 
17965 5749 10018 6628 
17966 5031 9759 4477 
17967 6119 9724 9722 
17968 9392 9624 6102 
17969 8340 9762 5949 
17970 5825 9537 5824 
17971 6853 9534 6858 
17972 9640 9749 7935 
17973 2667 9563 1969 
17974 9359 9667 5322 
17975 8551 9535 4341 
17976 5645 9761 6120 
17977 6765 9775 6588 
17978 8856 9726 5728 
17979 9585 9592 3047 
17980 5113 9798 8399 
17981 2788 9480 9469 
17982 9486 9777 6959 
17983 8702 9711 4622 
17984 2170 9758 2174 
17985 6034 9733 9097 
17986 5018 9743 9560 
17987 9206 9699 8863 
17988 5016 10240 8075 
17989 9398 9637 6104 
17990 8551 9539 9535 
17991 2095 9543 3214 
17992 8581 9760 4553 
17993 4355 9774 4039 
17994 6132 9846 6131 
17995 7771 9773 7770 
17996 2011 9538 2013 
17997 3099 9768 3104 
17998 4208 9539 8551 
17999 6158 9540 5463 
18000 4708 9724 9707 
18001 6638 9849 6132 
18002 3100 9542 3097 
18003 9718 9917 4372 
18004 3077 9772 3098 
18005 3007 9541 3009 
18006 7771 9772 9453 
18007 9386 9660 3515 
18008 2332 9864 7532 
18009 8458 10256 1800 
18010 1913 9776 1916 
18011 9538 9549 2013 
18012 2193 9570 9548 
18013 6131 9846 9845 
18014 6303 10006 6264 
18015 1887 9463 1890 
18016 6059 9707 9527 
18017 2135 9544 2100 
18018 4343 9545 5012 
18019 9409 9552 7676 
18020 9120 9533 4289 
18021 4206 9605 9487 
18022 4211 9695 9365 
18023 5657 9546 6899 
18024 1944 9547 1946 
18025 7235 9699 9206 
18026 6680 10159 1645 
18027 6313 10378 10334 
18028 6940 9548 6090 
18029 6651 9847 6652 
18030 9053 9463 1884 
18031 5680 9551 5681 
18032 2013 9549 2015 
18033 8235 9550 8374 
18034 3729 9777 2094 
18035 3331 9552 3329 
18036 9611 9618 6111 
18037 7683 9596 7680 
18038 8353 9743 9739 
18039 3754 9572 4056 
18040 5902 9553 8469 
18041 6115 9716 5733 
18042 2995 9780 7733 
18043 7914 9708 4464 
18044 3712 9570 2195 
18045 6114 9701 9430 
18046 7452 9617 7983 
18047 5733 9712 7914 
18048 6115 9719 9716 
18049 4960 9557 3945 
18050 7508 9686 7509 
18051 8039 9569 3712 
18052 3331 9565 9552 
18053 6833 9964 6834 
18054 6025 9558 6026 
18055 4856 9559 5496 
18056 9675 9679 7654 
18057 6119 9560 5651 
18058 7650 9675 7652 
18059 7950 9753 7949 
18060 7716 9568 8114 
18061 6026 9561 6028 
18062 5026 9745 9744 
18063 9558 9561 6026 
18064 6028 9562 6030 
18065 9438 9725 2172 
18066 5765 9783 3888 
18067 7949 9751 7947 
18068 9561 9562 6028 
18069 6316 9924 6617 
18070 9569 9570 3712 
18071 6030 9564 6032 
18072 1964 9566 2954 
18073 9562 9564 6030 
18074 3333 9565 3331 
18075 6590 9813 9812 
18076 6032 9567 6044 
18077 4661 9791 8908 
18078 9564 9567 6032 
18079 9752 9753 7950 
18080 7785 9793 7782 
18081 5547 9556 5717 
18082 6090 9569 5672 
18083 7914 9712 9708 
18084 9688 9778 7938 
18085 8074 9857 8073 
18086 9744 9745 6128 
18087 6090 9570 9569 
18088 7949 9753 9751 
18089 6137 9796 4254 
18090 8474 10202 7025 
18091 2442 9693 9234 
18092 4392 9804 4994 
18093 7141 9681 7507 
18094 7947 9750 7948 
18095 9554 9591 9161 
18096 7324 9790 7322 
18097 6885 9815 2620 
18098 7676 9573 7673 
18099 4252 9796 4997 
18100 9079 10064 7469 
18101 2017 9574 2019 
18102 9847 9855 6652 
18103 8331 9790 9115 
18104 6513 10282 1829 
18105 5902 9589 9553 
18106 8398 9779 8397 
18107 4780 9806 4392 
18108 9095 9829 3617 
18109 3065 9773 9453 
18110 4711 9576 4493 
18111 5763 9828 5764 
18112 7947 9751 9750 
18113 6342 9654 6343 
18114 5851 9798 5112 
18115 5022 9748 9747 
18116 9574 9578 2019 
18117 5733 9716 9712 
18118 6893 9798 5851 
18119 7690 9621 7687 
18120 9598 9635 6951 
18121 5841 9802 7095 
18122 6749 9802 6529 
18123 7785 9797 9498 
18124 5715 9673 6103 
18125 6116 9673 5715 
18126 4369 9825 7328 
18127 2019 9578 2021 
18128 5806 9577 8467 
18129 7652 9675 7654 
18130 4865 9764 8190 
18131 9456 9582 7683 
18132 9430 9701 2066 
18133 8307 9580 4780 
18134 4392 9806 9804 
18135 9251 9838 5416 
18136 3058 9800 3057 
18137 5674 9554 9161 
18138 6122 9581 5753 
18139 6679 9589 5903 
18140 3337 9582 3335 
18141 9481 9554 5674 
18142 6967 9817 2376 
18143 9379 9511 4963 
18144 4994 9799 6975 
18145 3614 9740 7746 
18146 6695 9583 5909 
18147 7746 9736 2557 
18148 5034 9782 9692 
18149 6103 9681 7141 
18150 4622 9711 9339 
18151 9523 9643 3923 
18152 384 9858 1842 
18153 6044 9698 9648 
18154 1842 9854 383 
18155 6438 10287 6439 
18156 9584 9590 5267 
18157 7748 9587 8532 
18158 8660 9584 5267 
18159 4960 9579 9557 
18160 7784 9805 7785 
18161 3013 9585 3015 
18162 9516 9524 3054 
18163 3517 9601 9594 
18164 8440 9810 9803 
18165 8747 9803 7323 
18166 9665 9679 2479 
18167 4206 9588 3339 
18168 8030 9807 7786 
18169 5267 9590 5006 
18170 5903 9589 5902 
18171 1773 9466 398 
18172 9039 9579 4960 
18173 1855 10335 6435 
18174 5664 9592 6108 
18175 6121 9575 8973 
18176 1884 9463 1887 
18177 7746 9740 9736 
18178 382 9854 1834 
18179 5480 9586 8827 
18180 5871 10080 8211 
18181 6588 9775 9037 
18182 9591 9594 6014 
18183 2023 9593 2025 
18184 6856 10392 6854 
18185 7507 9686 7508 
18186 2476 9728 2478 
18187 489 10147 1833 
18188 6086 9496 9482 
18189 9282 9555 4878 
18190 8277 9735 2485 
18191 6014 9594 5712 
18192 9593 9599 2025 
18193 4647 9597 4649 
18194 5480 9603 9586 
18195 5813 9829 9095 
18196 2250 9812 2270 
18197 4766 10358 6569 
18198 2061 9600 2063 
18199 2025 9599 2027 
18200 2620 9815 2660 
18201 9487 9605 7690 
18202 2953 9595 8777 
18203 7299 9819 4255 
18204 8440 9813 5868 
18205 2061 9602 9600 
18206 6670 10220 4845 
18207 2376 9817 2246 
18208 3123 9601 3517 
18209 2059 9602 2061 
18210 5011 9793 9498 
18211 9463 9721 1890 
18212 4331 10275 6564 
18213 6807 9891 6806 
18214 5044 9645 9186 
18215 6721 9990 6720 
18216 6115 9725 9438 
18217 9595 9604 8777 
18218 3343 9605 3341 
18219 3214 9543 9366 
18220 5670 9606 5668 
18221 7362 9765 9693 
18222 7499 9847 6651 
18223 3518 9620 9616 
18224 3047 9598 8955 
18225 7939 9608 8499 
18226 4956 9607 5675 
18227 9606 9610 5668 
18228 7216 9847 4887 
18229 8269 9738 2489 
18230 7799 9835 3187 
18231 7877 10059 3969 
18232 5906 9603 5480 
18233 5710 9609 5708 
18234 6229 10293 8787 
18235 8777 9604 5437 
18236 5668 9610 5139 
18237 4956 9611 9607 
18238 1869 9721 9463 
18239 9366 9543 7504 
18240 4684 9611 4956 
18241 6382 10109 6381 
18242 2053 9614 2055 
18243 9565 9573 7676 
18244 9609 9616 5708 
18245 3283 9841 7807 
18246 2029 9613 2031 
18247 5767 9837 6123 
18248 4205 9615 3345 
18249 5414 9838 5424 
18250 5040 9823 5766 
18251 9567 9698 6044 
18252 5708 9616 5706 
18253 9613 9619 2031 
18254 7799 9838 9251 
18255 5729 9848 5887 
18256 7769 9770 7771 
18257 6111 9618 6112 
18258 2031 9619 2033 
18259 7790 9767 7772 
18260 6131 9844 4367 
18261 8359 9840 2092 
18262 3519 9633 9628 
18263 9161 9591 6014 
18264 3129 9620 3518 
18265 7105 10105 6857 
18266 490 9612 491 
18267 5920 9875 5655 
18268 5805 9845 5039 
18269 9542 9849 6638 
18270 7646 9683 7648 
18271 6288 9622 5880 
18272 9875 9876 5655 
18273 7997 9623 8413 
18274 6899 9546 9541 
18275 4737 9851 1930 
18276 1932 9851 3488 
18277 5704 9624 5702 
18278 3859 9899 8407 
18279 7696 9648 7697 
18280 4205 9626 9621 
18281 4523 9764 4865 
18282 8175 9644 9642 
18283 4468 9625 4509 
18284 7018 9867 3934 
18285 5655 9876 8292 
18286 4994 9804 9799 
18287 9624 9628 5702 
18288 9257 9731 1874 
18289 7553 9850 7551 
18290 3488 9856 1934 
18291 5702 9628 5700 
18292 7916 9629 7918 
18293 2035 9627 2037 
18294 9900 10411 7547 
18295 8430 9626 4205 
18296 5939 9759 9513 
18297 5812 9881 6840 
18298 6840 9877 5819 
18299 1938 9859 3148 
18300 9627 9630 2037 
18301 249 9632 248 
18302 6082 9853 5756 
18303 9521 9840 5805 
18304 5758 9853 6600 
18305 9453 9773 7771 
18306 2037 9630 2039 
18307 6262 9852 6260 
18308 4511 9631 4513 
18309 5085 10204 9984 
18310 3135 9633 3519 
18311 8377 9636 7921 
18312 9631 9634 4513 
18313 9696 9766 4169 
18314 3148 9863 1940 
18315 5141 10032 5144 
18316 4513 9634 4593 
18317 4909 9869 5353 
18318 1942 9863 4463 
18319 8260 9658 9655 
18320 5843 9869 4793 
18321 8430 9638 9626 
18322 5698 9637 5696 
18323 6599 9860 5815 
18324 4219 9638 8430 
18325 5816 9866 6599 
18326 2970 9868 1961 
18327 5642 9635 8597 
18328 1979 9864 2332 
18329 1963 9868 3730 
18330 8476 9860 6611 
18331 5966 9757 5967 
18332 7262 9643 9523 
18333 8397 9779 8735 
18334 9637 9639 5696 
18335 7990 9678 7991 
18336 4219 9641 9638 
18337 7934 9754 5966 
18338 5696 9639 5694 
18339 9513 9759 5031 
18340 1720 9865 237 
18341 236 9865 1831 
18342 6294 10306 9470 
18343 1840 10147 488 
18344 4993 9762 9525 
18345 9639 9642 5694 
18346 8565 9640 5026 
18347 8441 9641 4219 
18348 5694 9642 5692 
18349 7935 9749 7934 
18350 8806 9864 1977 
18351 5528 9940 6658 
18352 9776 9962 1916 
18353 9614 9875 5920 
18354 9251 9835 7799 
18355 9525 9762 8340 
18356 1729 9878 6453 
18357 9728 9730 2481 
18358 3143 9644 8175 
18359 9560 9723 5018 
18360 8672 9643 5450 
18361 9749 9754 7934 
18362 7332 10390 4798 
18363 9532 9761 2391 
18364 6120 9761 9532 
18365 9706 9708 5743 
18366 9643 9651 5450 
18367 6053 10052 5239 
18368 5713 9646 8380 
18369 7756 9857 7757 
18370 4271 9871 3700 
18371 9754 9757 5966 
18372 6137 9822 9790 
18373 3702 9871 4248 
18374 9646 9650 8380 
18375 7014 9887 7004 
18376 2835 9679 9675 
18377 7482 9890 7481 
18378 6435 10335 9397 
18379 3971 9654 9572 
18380 8380 9650 5686 
18381 2096 9777 9486 
18382 6631 9898 3729 
18383 2835 9649 9140 
18384 7467 9885 1626 
18385 271 9947 270 
18386 9650 9652 5686 
18387 5686 9652 5019 
18388 7654 9665 6117 
18389 4575 9653 4577 
18390 6637 9879 6636 
18391 9577 9741 7954 
18392 9652 9655 5019 
18393 9581 9727 2557 
18394 4416 9656 8674 
18395 6975 9799 9769 
18396 5019 9655 5014 
18397 4004 9881 4002 
18398 4232 9877 4004 
18399 5746 9880 5892 
18400 4352 9657 6128 
18401 10029 10224 9737 
18402 4416 9663 9656 
18403 9097 9861 5036 
18404 4765 9881 5812 
18405 3708 9658 8260 
18406 9660 9661 3293 
18407 5819 9877 4794 
18408 1780 10218 6603 
18409 8344 9883 8174 
18410 3295 9660 3293 
18411 3293 9661 3291 
18412 6294 10342 10306 
18413 9576 9746 7956 
18414 6204 9662 6203 
18415 239 9664 238 
18416 7018 9873 9703 
18417 5584 9882 6049 
18418 2489 9738 7739 
18419 4247 9884 5240 
18420 4622 9663 4416 
18421 2478 9728 2481 
18422 9498 9793 7785 
18423 8149 9667 4237 
18424 5750 9659 8918 
18425 5675 9607 9604 
18426 8287 9671 5722 
18427 2483 9668 2480 
18428 5722 9669 5721 
18429 7991 9674 2066 
18430 9644 9646 5713 
18431 9110 9647 4218 
18432 5722 9671 9669 
18433 2684 9670 8980 
18434 2487 9672 2484 
18435 7848 9889 7858 
18436 2491 9677 2488 
18437 4812 9676 5575 
18438 2485 9735 8269 
18439 9991 10042 1849 
18440 2473 9680 2471 
18441 2477 9679 2835 
18442 7361 9690 7596 
18443 8918 9666 6106 
18444 2495 9682 2492 
18445 7935 9745 9640 
18446 7623 9684 7620 
18447 6108 9592 9585 
18448 2467 9685 2465 
18449 4211 9688 7938 
18450 9659 9666 8918 
18451 288 9687 287 
18452 2463 9689 2461 
18453 2461 9691 2441 
18454 6471 10337 1662 
18455 10064 10106 7469 
18456 6095 9694 9692 
18457 9689 9691 2461 
18458 6418 9961 1747 
18459 4247 9886 9884 
18460 6476 10403 6561 
18461 2440 9693 2442 
18462 5240 9873 7018 
18463 6094 9694 6095 
18464 3939 9695 3940 
18465 2481 9730 8277 
18466 6073 9696 5679 
18467 6466 10159 6468 
18468 6095 9692 8927 
18469 7697 9698 7702 
18470 9548 9570 6090 
18471 8351 9697 6575 
18472 3939 9700 9695 
18473 6118 9782 5034 
18474 9342 9797 5800 
18475 5968 9767 7790 
18476 7359 9766 7360 
18477 6119 9723 9560 
18478 8226 9700 3939 
18479 7360 9765 7362 
18480 2064 9701 2091 
18481 220 9892 219 
18482 9572 9654 6342 
18483 5844 9919 6287 
18484 5822 9897 8537 
18485 4525 9764 4523 
18486 9588 9596 7683 
18487 8537 9893 3959 
18488 3063 9704 3061 
18489 8863 9699 4607 
18490 6105 9709 9065 
18491 6135 9703 5037 
18492 8226 9706 9700 
18493 7991 9678 9674 
18494 7360 9766 9765 
18495 8096 9706 8226 
18496 5732 9744 9657 
18497 9699 9702 4607 
18498 8353 9909 5735 
18499 5856 9645 5044 
18500 4607 9702 8917 
18501 9000 9888 8570 
18502 8597 9635 9598 
18503 8546 9717 9711 
18504 7800 9843 7798 
18505 5743 9708 5724 
18506 5048 9894 5050 
18507 1991 9899 3859 
18508 7866 9713 7850 
18509 29 9705 28 
18510 4711 9746 9576 
18511 2275 9899 1989 
18512 7497 9904 7496 
18513 9708 9712 5724 
18514 7422 9929 7463 
18515 9670 9683 7626 
18516 6105 9730 9728 
18517 3966 9862 5252 
18518 5666 9707 9045 
18519 7536 9926 5827 
18520 5724 9712 8768 
18521 8546 9711 8702 
18522 5806 9741 9577 
18523 5827 9925 5826 
18524 9747 9750 5022 
18525 7495 9904 7494 
18526 1770 10234 498 
18527 2858 9720 9717 
18528 8917 9710 2977 
18529 2984 9932 7073 
18530 6122 9727 9581 
18531 1894 9902 1895 
18532 7772 9770 7769 
18533 2092 9840 9521 
18534 6403 9965 1740 
18535 5827 9926 9925 
18536 9707 9724 9045 
18537 5350 9715 8385 
18538 5973 9928 7536 
18539 2858 9717 8546 
18540 2660 9714 2689 
18541 5367 9943 7498 
18542 9702 9710 8917 
18543 6532 9815 6885 
18544 4225 9718 4223 
18545 9716 9719 3946 
18546 7536 9928 9926 
18547 7073 9930 5973 
18548 7938 9778 9590 
18549 9756 9758 2172 
18550 3946 9719 2164 
18551 2540 9720 2858 
18552 8768 9716 3946 
18553 9615 9621 7690 
18554 2922 9842 2920 
18555 9712 9716 8768 
18556 7073 9932 9930 
18557 9710 9734 2977 
18558 5973 9930 9928 
18559 7308 9725 5574 
18560 3954 9722 4708 
18561 1885 9737 6822 
18562 9694 9774 4355 
18563 9648 9698 7697 
18564 3975 9723 3957 
18565 1890 9721 1892 
18566 1731 10084 6557 
18567 6653 10021 4800 
18568 2536 9727 2538 
18569 5809 9841 8422 
18570 1688 10071 6832 
18571 4206 9596 9588 
18572 1970 9729 2836 
18573 5041 9733 6034 
18574 5728 9730 6105 
18575 6390 9922 6391 
18576 5732 9732 5027 
18577 6009 9726 8856 
18578 1874 9731 1871 
18579 6267 9919 6791 
18580 9649 9675 7650 
18581 7957 9741 3614 
18582 5751 9736 5734 
18583 9290 9886 6139 
18584 6453 10299 9984 
18585 5800 9809 5797 
18586 2977 9734 8679 
18587 5041 9742 9733 
18588 9721 9792 1892 
18589 6236 9721 1869 
18590 9736 9740 5734 
18591 4714 9739 5018 
18592 5874 9912 6333 
18593 5734 9740 5806 
18594 7549 10409 7542 
18595 7545 10409 7549 
18596 6427 10226 9858 
18597 9045 9724 5736 
18598 409 10294 410 
18599 5766 9742 5041 
18600 5026 9744 5025 
18601 6144 9914 6143 
18602 6128 9745 6973 
18603 8803 9743 5741 
18604 6236 9792 9721 
18605 7898 9916 4775 
18606 6731 9917 9718 
18607 7953 9746 7954 
18608 5797 9809 5798 
18609 8137 9981 84 
18610 9668 9673 6116 
18611 7955 9747 7956 
18612 5450 9651 9527 
18613 4776 9916 4779 
18614 220 10062 9892 
18615 244 9915 243 
18616 4495 9748 4497 
18617 3107 9769 9556 
18618 7048 9923 7047 
18619 18 9922 17 
18620 5022 9750 8461 
18621 1633 10121 9622 
18622 3432 9749 8682 
18623 8461 9751 5021 
18624 3432 9754 9749 
18625 9751 9753 5021 
18626 8448 9752 4993 
18627 5742 9756 7308 
18628 9672 9681 6103 
18629 9722 9724 4708 
18630 5021 9753 8448 
18631 9750 9751 8461 
18632 8594 9754 3432 
18633 8448 9753 9752 
18634 9196 10280 8435 
18635 4477 9759 8340 
18636 4241 9921 4038 
18637 4040 9921 5033 
18638 2172 9758 2170 
18639 4205 9621 9615 
18640 5949 9762 7060 
18641 7308 9756 9725 
18642 4553 9757 8594 
18643 8341 9760 8581 
18644 5811 9761 5645 
18645 8594 9757 9754 
18646 7654 9679 9665 
18647 8341 9763 9760 
18648 8537 9894 9893 
18649 9886 9893 6139 
18650 499 10234 9324 
18651 5240 9884 9873 
18652 8190 9764 8193 
18653 9677 9686 7507 
18654 3104 9763 8341 
18655 6658 9979 4724 
18656 9704 9800 3061 
18657 9765 9766 6073 
18658 9739 9743 5018 
18659 7715 10068 1708 
18660 3098 9768 3099 
18661 1629 10040 6405 
18662 6543 10085 7160 
18663 1640 9959 7543 
18664 7498 9943 7497 
18665 8540 9924 6012 
18666 7770 9773 7905 
18667 3064 9772 3077 
18668 9742 9828 5763 
18669 4039 9774 4169 
18670 9037 9775 5427 
18671 9647 9648 7696 
18672 5766 9823 9819 
18673 9709 9728 2476 
18674 1894 10089 9902 
18675 7420 9929 7419 
18676 1774 9947 271 
18677 8585 10223 6460 
18678 4645 9927 4754 
18679 1912 9776 1913 
18680 6136 9822 6137 
18681 7007 9946 7008 
18682 6347 10015 6551 
18683 9747 9748 7956 
18684 6136 9823 9822 
18685 6389 9789 6392 
18686 8173 9933 171 
18687 170 9933 1723 
18688 2094 9777 2096 
18689 5762 9905 6241 
18690 7774 10408 9945 
18691 9726 9735 8277 
18692 6704 9935 3718 
18693 6574 9831 6576 
18694 9837 9841 3283 
18695 9234 9765 6073 
18696 7524 9936 7519 
18697 6391 9789 6389 
18698 9671 9678 7990 
18699 1902 9937 1903 
18700 3718 9935 1957 
18701 1959 9935 2970 
18702 5663 9791 9406 
18703 9110 9648 9647 
18704 8735 9779 5160 
18705 7005 9946 7006 
18706 7726 9780 2995 
18707 7726 9784 9780 
18708 9703 9867 7018 
18709 9732 9738 8269 
18710 8087 9781 8089 
18711 5738 9941 5737 
18712 9640 9745 5026 
18713 7788 9788 4723 
18714 10091 10383 6887 
18715 3622 9787 9784 
18716 3622 9784 7726 
18717 2920 9842 3283 
18718 589 10363 590 
18719 206 9755 7976 
18720 3888 9783 4084 
18721 7788 9795 9788 
18722 9783 9785 4084 
18723 4870 9940 5528 
18724 6887 10086 6723 
18725 6813 9940 4869 
18726 4723 9787 3622 
18727 4723 9788 9787 
18728 4084 9785 4813 
18729 7774 9945 6174 
18730 6158 10174 9540 
18731 8928 9782 5765 
18732 6490 10092 1754 
18733 9657 9744 6128 
18734 7322 9790 8331 
18735 6158 10225 10174 
18736 5369 9943 5367 
18737 2835 9675 9649 
18738 5835 9977 6907 
18739 7782 9793 7783 
18740 9793 9795 7783 
18741 9769 9799 5717 
18742 5006 9778 9244 
18743 7783 9795 7788 
18744 8606 9786 9785 
18745 9198 9924 6316 
18746 9785 9786 4813 
18747 1662 10337 550 
18748 551 10337 6568 
18749 4254 9796 4252 
18750 2483 9673 9668 
18751 9166 9957 6733 
18752 9915 10392 6856 
18753 5300 9952 7582 
18754 8287 9678 9671 
18755 7798 9843 7799 
18756 2487 9681 9672 
18757 6521 10263 4900 
18758 2684 9683 9670 
18759 1892 9792 1894 
18760 5825 10343 6623 
18761 5112 9798 5113 
18762 2491 9686 9677 
18763 6335 9969 6091 
18764 5324 9952 6210 
18765 6782 9964 6781 
18766 3061 9800 3058 
18767 1838 9983 6525 
18768 298 9953 297 
18769 5371 9951 5390 
18770 2270 9803 8747 
18771 6529 9802 5841 
18772 4997 9810 8440 
18773 5717 9799 8933 
18774 6141 10189 6670 
18775 5764 9828 7299 
18776 1769 10152 6539 
18777 7016 10220 6412 
18778 6094 9774 9694 
18779 9803 9813 8440 
18780 6575 9831 6574 
18781 6343 9801 6341 
18782 6397 9962 9776 
18783 9804 9806 6129 
18784 1686 10202 8474 
18785 7475 9958 1778 
18786 5685 9898 6631 
18787 7786 9805 7784 
18788 8031 9808 9807 
18789 3280 9808 8031 
18790 8031 9807 8030 
18791 8933 9804 6129 
18792 3280 9811 9808 
18793 9799 9804 8933 
18794 9888 10083 8570 
18795 1891 10216 7482 
18796 4790 9907 6698 
18797 7928 9811 3280 
18798 6135 9867 9703 
18799 5252 9862 5808 
18800 6129 9806 6130 
18801 7928 9814 9811 
18802 8015 9959 107 
18803 9272 10237 6221 
18804 7323 9810 7324 
18805 106 9959 1640 
18806 2248 9812 2250 
18807 4348 9797 9342 
18808 3640 9814 7928 
18809 3640 9816 9814 
18810 6214 9973 6216 
18811 9406 9791 4661 
18812 6477 10167 9883 
18813 5868 9813 6590 
18814 7943 9816 3640 
18815 2248 9817 9812 
18816 7943 9818 9816 
18817 1918 9962 5839 
18818 2246 9817 2248 
18819 1902 10322 9937 
18820 5850 9960 5432 
18821 3281 9818 7943 
18822 18 10296 9922 
18823 3281 9820 9818 
18824 4255 9819 6136 
18825 7942 9820 3281 
18826 7165 9825 4369 
18827 7942 9821 9820 
18828 3639 9824 9821 
18829 3639 9821 7942 
18830 7929 9824 3639 
18831 9822 9823 5513 
18832 7929 9826 9824 
18833 3282 9827 9826 
18834 5513 9823 5040 
18835 6561 10403 6461 
18836 3282 9826 7929 
18837 3617 9829 7585 
18838 7913 9827 3282 
18839 6161 10101 6616 
18840 7913 9830 9827 
18841 6143 9965 6146 
18842 3628 9834 9830 
18843 8888 9960 5748 
18844 7807 9834 3628 
18845 3628 9830 7913 
18846 9556 9769 5717 
18847 9590 9778 5006 
18848 8541 9832 5810 
18849 3187 9835 7932 
18850 5424 9833 8541 
18851 6123 9836 8507 
18852 4525 9918 9764 
18853 8422 9837 5767 
18854 1697 10176 6629 
18855 5416 9838 5414 
18856 8541 9833 9832 
18857 7217 9968 7218 
18858 8507 9839 5425 
18859 9836 9839 8507 
18860 7240 10230 6483 
18861 9763 9767 5968 
18862 4791 9967 4640 
18863 8322 9840 8359 
18864 9115 9822 5513 
18865 4717 10393 8134 
18866 6105 9728 9709 
18867 8322 9844 9840 
18868 6121 10113 10075 
18869 7757 9857 8074 
18870 4808 10303 6581 
18871 6778 9991 6782 
18872 4367 9844 8322 
18873 6310 10022 6710 
18874 9846 9849 8294 
18875 5854 9955 9120 
18876 5039 9845 5340 
18877 5340 9846 8294 
18878 5843 9986 9869 
18879 6524 10117 9994 
18880 4887 9847 7499 
18881 5731 9848 5729 
18882 7081 9977 5925 
18883 9845 9846 5340 
18884 7467 10136 9885 
18885 1800 10181 8458 
18886 8294 9849 3615 
18887 6009 9735 9726 
18888 1930 9851 1932 
18889 6997 9982 6173 
18890 7556 9850 7553 
18891 3698 9971 4271 
18892 9768 9770 7772 
18893 5131 9996 8846 
18894 6606 10268 5264 
18895 5732 9738 9732 
18896 5756 9853 5758 
18897 8133 10355 4016 
18898 6332 9852 6262 
18899 4724 9979 4377 
18900 6212 9855 7216 
18901 1934 9856 1936 
18902 9856 9859 1936 
18903 6629 10222 1697 
18904 6382 10228 10109 
18905 7473 10312 3986 
18906 1936 9859 1938 
18907 84 9981 83 
18908 1787 9985 365 
18909 9421 9898 5685 
18910 6073 9766 9696 
18911 10237 10402 1693 
18912 383 9854 382 
18913 6444 10195 6197 
18914 5815 9860 8476 
18915 5036 9861 6135 
18916 237 9865 236 
18917 1940 9863 1942 
18918 3934 9867 3966 
18919 1977 9864 1979 
18920 6522 9866 5816 
18921 7214 9987 7215 
18922 385 9858 384 
18923 1961 9868 1963 
18924 6270 9987 5861 
18925 5766 9828 9742 
18926 9801 9870 6341 
18927 4793 9869 4909 
18928 6121 10075 9575 
18929 4751 9980 5107 
18930 9998 10187 6489 
18931 6919 10002 6918 
18932 584 9872 585 
18933 1796 10385 6516 
18934 3700 9871 3702 
18935 5391 9988 5375 
18936 6394 10221 6908 
18937 6612 10192 6280 
18938 1800 10256 7475 
18939 5834 9998 7354 
18940 6341 9870 6340 
18941 6350 10391 9357 
18942 6178 9963 6997 
18943 8116 9875 2069 
18944 8116 9876 9875 
18945 8117 9876 8116 
18946 6214 10011 9973 
18947 9764 9918 8193 
18948 1685 9992 247 
18949 283 9994 1794 
18950 8479 10225 6158 
18951 533 9878 1729 
18952 1653 9994 284 
18953 4794 9877 4232 
18954 6996 9998 5875 
18955 6768 9879 6637 
18956 9833 9843 7800 
18957 3104 9767 9763 
18958 5748 9880 5746 
18959 9825 10171 6469 
18960 4002 9881 4765 
18961 1617 10010 6403 
18962 7160 9978 6920 
18963 9786 9989 4813 
18964 8162 9999 8161 
18965 1705 9999 8211 
18966 3098 9770 9768 
18967 1783 10003 7428 
18968 6278 9882 5584 
18969 6041 9873 9189 
18970 1920 10001 1922 
18971 6441 10039 6442 
18972 9805 9809 5800 
18973 5837 10040 5838 
18974 9836 9842 2922 
18975 1687 9870 9801 
18976 1626 9885 7365 
18977 8174 9883 4590 
18978 8085 10004 8086 
18979 5050 9906 5833 
18980 9834 9841 5809 
18981 6239 9888 9000 
18982 7004 9887 7005 
18983 7520 10008 7521 
18984 1736 10104 6748 
18985 8072 10007 8069 
18986 6862 9874 6754 
18987 9884 9886 6138 
18988 7012 10051 4768 
18989 7849 9889 7848 
18990 8065 10007 8066 
18991 7481 9890 1802 
18992 6698 9907 6640 
18993 6553 9996 6527 
18994 6460 10223 1680 
18995 9874 10114 6754 
18996 4247 9893 9886 
18997 9189 9884 6138 
18998 8107 10164 4805 
18999 7491 10020 9079 
19000 9873 9884 9189 
19001 9533 9955 6768 
19002 1760 10044 6437 
19003 7172 10331 1685 
19004 7016 10018 4700 
19005 1899 10003 1898 
19006 8092 10012 8095 
19007 7062 10017 1793 
19008 7489 9895 6776 
19009 6138 9886 9290 
19010 363 10014 1634 
19011 5236 10018 5749 
19012 9079 10020 5391 
19013 1830 10173 8558 
19014 219 9892 1686 
19015 8479 10267 10225 
19016 9819 9823 6136 
19017 6720 10280 9196 
19018 7493 10020 7492 
19019 6675 10015 5683 
19020 8877 9905 5762 
19021 395 10049 6931 
19022 3959 9893 4247 
19023 8793 10015 6347 
19024 1837 10049 396 
19025 9324 10152 1769 
19026 6806 9891 9078 
19027 2660 9815 9714 
19028 4800 10021 4181 
19029 6139 9894 5048 
19030 4183 10021 5108 
19031 6198 10022 6310 
19032 6613 10323 1629 
19033 7516 10033 7505 
19034 9529 9913 6878 
19035 3146 10025 3232 
19036 9781 9950 8089 
19037 5823 9897 5822 
19038 7008 10045 7009 
19039 8422 9841 9837 
19040 3933 10036 3692 
19041 3694 10036 3697 
19042 1989 9899 1991 
19043 9945 10408 1770 
19044 8344 10362 9883 
19045 6558 10261 1731 
19046 9892 10062 6771 
19047 5871 10043 5433 
19048 5431 10043 5850 
19049 6531 10066 6960 
19050 1895 9902 7314 
19051 5845 10037 6157 
19052 578 9901 579 
19053 1832 9910 6387 
19054 293 10050 292 
19055 6193 10022 6194 
19056 9914 9965 6143 
19057 6783 10138 6784 
19058 6318 9908 6319 
19059 7496 9904 7495 
19060 4638 10055 4791 
19061 1723 9905 8099 
19062 6791 9919 5844 
19063 6163 10142 7961 
19064 1754 10092 9662 
19065 7011 10075 7015 
19066 8727 9918 4525 
19067 9893 9894 6139 
19068 8932 10051 5537 
19069 6559 10375 6236 
19070 4768 10051 4220 
19071 4753 10056 8335 
19072 2270 9813 9803 
19073 7786 9809 9805 
19074 9825 10356 7328 
19075 243 10058 242 
19076 4747 9909 9739 
19077 7546 10053 1637 
19078 9852 10388 6260 
19079 8557 10141 6513 
19080 7510 10115 1650 
19081 5991 10113 6121 
19082 1709 10062 221 
19083 6762 10169 6201 
19084 7561 10111 6089 
19085 9402 10371 1642 
19086 7239 9948 4781 
19087 9902 10089 6402 
19088 6854 10068 6852 
19089 7714 10068 7715 
19090 6618 9944 6400 
19091 5377 10064 5391 
19092 8179 9911 5979 
19093 5064 10060 5853 
19094 6822 10224 9477 
19095 6460 10246 8223 
19096 8489 10091 1825 
19097 4222 10070 4224 
19098 7865 10074 7864 
19099 225 10065 1714 
19100 1829 10065 226 
19101 5875 9912 5874 
19102 7025 10250 8474 
19103 7454 10076 7439 
19104 7440 10076 7455 
19105 5391 10064 9079 
19106 6509 9942 1625 
19107 5808 9862 9861 
19108 1637 10053 100 
19109 3842 10073 1927 
19110 1925 10073 3969 
19111 6451 10083 9888 
19112 6231 9914 6144 
19113 1620 10078 8160 
19114 9968 10158 6493 
19115 1647 10294 6938 
19116 8211 10080 8210 
19117 8099 10084 168 
19118 167 10084 1731 
19119 8126 10082 8129 
19120 5424 9843 9833 
19121 6123 9842 9836 
19122 7807 9841 9834 
19123 1708 9915 244 
19124 127 10087 126 
19125 4290 10081 4032 
19126 4775 9916 4776 
19127 8193 9918 8195 
19128 9905 10279 6241 
19129 8986 10069 5507 
19130 6233 9910 6232 
19131 5002 10083 8549 
19132 1661 10079 6628 
19133 6830 10091 6831 
19134 9922 10296 6391 
19135 17 9922 1836 
19136 4038 9921 4040 
19137 9854 10314 1834 
19138 1804 10090 7510 
19139 7864 10100 7862 
19140 5991 10137 10113 
19141 5726 10154 7423 
19142 4828 10096 4283 
19143 6213 10011 6214 
19144 6938 10185 1647 
19145 9913 9957 6878 
19146 7047 9923 1787 
19147 5102 10101 6161 
19148 8787 10099 5053 
19149 6496 10038 1641 
19150 6256 10101 5100 
19151 6211 10267 8479 
19152 10165 10281 6506 
19153 9969 9970 6218 
19154 6548 9986 1616 
19155 4681 10102 5071 
19156 1707 10133 8173 
19157 1776 10114 155 
19158 9540 10144 5541 
19159 9869 9986 6548 
19160 1862 10339 6824 
19161 4746 9972 4747 
19162 7959 10179 6224 
19163 9937 10322 6399 
19164 9885 10136 5659 
19165 1664 10163 10006 
19166 5659 10106 5381 
19167 1689 10108 6708 
19168 9575 10075 7011 
19169 1634 10112 362 
19170 9861 9862 6135 
19171 8067 10124 8062 
19172 6864 10197 6807 
19173 6527 9996 9424 
19174 6146 10010 6870 
19175 10115 10139 1650 
19176 6471 10027 6569 
19177 9377 10133 7860 
19178 4786 9926 4240 
19179 9925 9926 4786 
19180 4642 9927 4645 
19181 392 10203 9397 
19182 6221 10116 5233 
19183 7024 10202 7023 
19184 6012 9924 9198 
19185 8284 10119 8285 
19186 1863 10335 6567 
19187 9926 9928 4240 
19188 9477 10224 1734 
19189 1727 10125 377 
19190 9781 10004 7556 
19191 5878 10121 6219 
19192 8087 10004 9781 
19193 6571 10341 1860 
19194 4240 9928 8471 
19195 3970 10118 3688 
19196 3690 10118 3933 
19197 7419 9929 7422 
19198 4683 10120 4685 
19199 9870 9947 6340 
19200 9928 9930 8471 
19201 6231 10323 6613 
19202 8471 9930 5662 
19203 9930 9932 5662 
19204 2964 10123 2688 
19205 521 9931 522 
19206 5662 9932 5893 
19207 4372 9913 9529 
19208 6315 10016 6883 
19209 376 10126 375 
19210 8059 10124 8060 
19211 6385 10236 6554 
19212 6213 10057 10011 
19213 6883 10016 1786 
19214 6861 10232 6603 
19215 1763 10375 6559 
19216 6828 10071 6830 
19217 1795 10128 7424 
19218 171 9933 170 
19219 7883 10129 7851 
19220 1923 10059 1921 
19221 9397 10203 6435 
19222 10245 10368 1719 
19223 6211 10304 10267 
19224 1957 9935 1959 
19225 7519 9936 7520 
19226 1903 9937 1906 
19227 7469 10136 7468 
19228 5119 9939 5835 
19229 1828 10271 9664 
19230 6737 10343 5825 
19231 9991 10210 10042 
19232 5239 9972 4746 
19233 4030 10134 4290 
19234 6244 10133 9377 
19235 1781 10332 6784 
19236 360 10140 1697 
19237 8727 9974 9918 
19238 1691 9938 6414 
19239 4869 9940 4870 
19240 6781 9964 6833 
19241 5737 9941 6228 
19242 6716 10338 5831 
19243 7455 10143 7443 
19244 7445 10143 7457 
19245 6266 10139 6151 
19246 6586 10352 6587 
19247 8285 10144 9540 
19248 6938 10294 6288 
19249 5917 10127 9219 
19250 7976 10175 1777 
19251 9802 10252 7095 
19252 7555 10191 7556 
19253 1886 10186 6939 
19254 9364 10066 6307 
19255 7423 10154 7416 
19256 9739 9909 8353 
19257 6174 9945 6176 
19258 5390 9943 5369 
19259 9883 10362 6478 
19260 7006 9946 7007 
19261 4281 10150 4828 
19262 5831 10338 6821 
19263 6170 10149 6167 
19264 27 10194 1856 
19265 6658 10238 5528 
19266 9530 9925 4786 
19267 6652 10196 1676 
19268 6514 10238 6658 
19269 1851 10203 393 
19270 5745 10160 5104 
19271 6753 9963 6178 
19272 6225 10185 6938 
19273 6908 10221 21 
19274 1632 10388 9852 
19275 5383 10157 5659 
19276 1857 10212 386 
19277 4026 10161 4028 
19278 1801 10168 7431 
19279 7477 10168 7476 
19280 6468 10356 9825 
19281 4331 10166 4329 
19282 9970 10253 277 
19283 299 10170 298 
19284 10035 10413 6939 
19285 1782 10180 7433 
19286 260 10205 6566 
19287 9528 10276 8356 
19288 8089 9950 8093 
19289 6685 9949 6204 
19290 20 10221 1850 
19291 8285 10174 1614 
19292 6470 10027 6471 
19293 7427 10181 1800 
19294 373 10182 372 
19295 1636 10098 6433 
19296 9221 10309 7878 
19297 9402 10132 6290 
19298 9918 9974 8195 
19299 9145 10144 5872 
19300 5144 10032 6667 
19301 8698 9978 1649 
19302 6155 10176 6274 
19303 6629 10176 8589 
19304 1911 10179 1909 
19305 8512 10074 3842 
19306 9662 10092 6203 
19307 6224 10179 1914 
19308 8324 10298 4258 
19309 9273 10284 7033 
19310 1647 10185 6626 
19311 3978 10183 3684 
19312 6142 10389 6903 
19313 3686 10183 3970 
19314 4642 9967 9927 
19315 6176 10391 6177 
19316 5373 9951 5371 
19317 7582 9952 5324 
19318 6481 10013 6475 
19319 1629 10323 10040 
19320 297 9953 1797 
19321 5016 10193 4277 
19322 9897 9906 5050 
19323 6662 10088 1678 
19324 6287 9986 5843 
19325 1676 10196 251 
19326 250 10196 1822 
19327 542 9954 543 
19328 6623 10343 6541 
19329 4764 10309 9221 
19330 6216 9983 6215 
19331 2 10048 6662 
19332 3082 10207 2964 
19333 6779 10210 6777 
19334 6461 10246 6460 
19335 4059 10228 7516 
19336 6153 10208 6266 
19337 252 10211 1676 
19338 1824 10211 253 
19339 1697 10222 359 
19340 1712 10235 374 
19341 5820 10213 5387 
19342 8521 10105 7104 
19343 6165 10149 7431 
19344 6874 10251 24 
19345 9068 10137 5991 
19346 10021 10148 5108 
19347 5090 10188 6093 
19348 24 10251 23 
19349 9372 10308 8766 
19350 7449 10233 7456 
19351 7457 10233 7447 
19352 7101 10271 7104 
19353 224 10028 223 
19354 1850 10296 19 
19355 9322 10353 7884 
19356 1642 10371 9975 
19357 1893 10216 1891 
19358 8075 10240 8056 
19359 8007 10239 5078 
19360 7364 10249 7363 
19361 9622 10121 5880 
19362 5812 10231 5490 
19363 6309 9956 6535 
19364 7033 10284 1654 
19365 99 10243 98 
19366 7888 10123 7889 
19367 6326 10250 7036 
19368 8024 10215 9221 
19369 9068 10162 10137 
19370 6224 10277 7960 
19371 10157 10213 7365 
19372 6526 10314 9854 
19373 4024 10247 4354 
19374 8636 10238 6463 
19375 1632 10417 314 
19376 165 10261 7961 
19377 1731 10261 166 
19378 9664 10271 7100 
19379 357 10265 1623 
19380 8492 10304 6211 
19381 6223 10277 6224 
19382 5264 10268 4363 
19383 1906 10412 1907 
19384 4020 10257 4022 
19385 6909 10320 6443 
19386 5065 10370 7265 
19387 4364 10268 4724 
19388 5836 10172 5837 
19389 1778 9958 7959 
19390 7982 10376 1644 
19391 7463 10248 7442 
19392 4333 10275 4331 
19393 7863 10100 8484 
19394 7858 10276 9528 
19395 7857 10295 7888 
19396 7096 10315 7097 
19397 223 10398 222 
19398 3232 10353 9322 
19399 1723 10279 9905 
19400 6266 10170 10139 
19401 354 10378 1696 
19402 3682 10274 3978 
19403 6418 10384 9961 
19404 8519 10393 4717 
19405 6375 10283 6377 
19406 6258 10388 6294 
19407 4036 10288 4241 
19408 5846 10350 5068 
19409 6251 10331 7172 
19410 1700 10306 317 
19411 6408 10300 6623 
19412 5818 10387 6538 
19413 4265 10303 4808 
19414 1623 10334 356 
19415 5106 10303 4267 
19416 6299 10385 6346 
19417 5740 10330 5738 
19418 1623 10308 9372 
19419 107 9959 106 
19420 315 10342 1632 
19421 3407 10298 3849 
19422 4258 10298 3499 
19423 6237 10368 6239 
19424 6270 10349 9987 
19425 1921 10309 1919 
19426 9540 10174 8285 
19427 6297 10302 6295 
19428 4018 10355 4370 
19429 5081 10299 6230 
19430 235 10345 234 
19431 4014 10324 4016 
19432 3986 10312 3678 
19433 5814 10352 6586 
19434 6217 10308 6293 
19435 8474 10250 1823 
19436 5821 10328 5823 
19437 6757 9966 1821 
19438 5507 10352 5066 
19439 9357 10391 6176 
19440 5432 9960 8888 
19441 6554 10001 6386 
19442 7863 10266 7866 
19443 1916 9962 1918 
19444 9221 10215 4764 
19445 2970 9993 9868 
19446 6493 10158 6492 
19447 9880 10078 1620 
19448 6907 9977 7081 
19449 7480 9963 1776 
19450 6585 10173 5860 
19451 5823 9906 9897 
19452 6585 10141 1721 
19453 6878 9957 9444 
19454 9120 9955 9533 
19455 6407 10305 1630 
19456 7856 10254 9377 
19457 9372 10334 1623 
19458 1680 10223 6715 
19459 8492 10336 10304 
19460 6112 9974 8727 
19461 5373 9988 9951 
19462 10090 10115 7510 
19463 1821 9966 8207 
19464 6450 10204 8549 
19465 4640 9967 4642 
19466 6280 10192 6281 
19467 6332 10417 9852 
19468 6328 10282 6207 
19469 1655 10178 9931 
19470 6091 9969 6218 
19471 5063 9968 7217 
19472 9470 10306 1700 
19473 9970 10232 6218 
19474 6377 10283 9494 
19475 1740 9965 9914 
19476 7556 10191 9781 
19477 6289 10371 9402 
19478 9138 10057 6213 
19479 1831 10252 9802 
19480 6267 10289 6601 
19481 6353 10146 6352 
19482 1834 9973 6900 
19483 6401 10346 9945 
19484 1770 10408 10234 
19485 10249 10286 7363 
19486 7363 10286 1790 
19487 3697 9971 3698 
19488 8195 9974 8197 
19489 8456 10085 1824 
19490 5264 10311 6606 
19491 558 9975 559 
19492 7477 10142 6159 
19493 1728 9976 607 
19494 1730 10277 8023 
19495 5820 10249 10213 
19496 9879 10128 1795 
19497 9705 10194 28 
19498 6768 10128 9879 
19499 4377 9979 5527 
19500 6920 9978 6919 
19501 10121 10289 6219 
19502 9138 10097 10057 
19503 83 9981 1620 
19504 10088 10145 1678 
19505 5537 9980 4751 
19506 4372 9917 9913 
19507 8307 10291 9580 
19508 6722 9990 6721 
19509 9935 10054 2970 
19510 5748 10078 9880 
19511 6173 9982 6172 
19512 4813 9989 9676 
19513 6453 9984 6452 
19514 365 9985 364 
19515 5856 10072 9645 
19516 7540 9989 7542 
19517 9885 10157 7365 
19518 1843 10269 9705 
19519 2985 10266 8442 
19520 6513 10141 6980 
19521 5162 10072 10060 
19522 6448 10099 6447 
19523 5861 9987 7214 
19524 6807 10197 9920 
19525 6278 10376 9882 
19526 1675 10206 9196 
19527 5375 9988 5373 
19528 6777 9991 6778 
19529 6457 10231 9896 
19530 6235 10336 8492 
19531 9984 10204 6452 
19532 1790 10319 7068 
19533 1714 10028 224 
19534 9874 10169 1746 
19535 8587 10401 5016 
19536 1768 10359 9937 
19537 5659 10157 9885 
19538 9852 10417 1632 
19539 9895 10138 6776 
19540 6209 10405 7331 
19541 9973 10011 6900 
19542 6662 10048 9895 
19543 9987 10398 7215 
19544 247 9992 246 
19545 9196 10206 6227 
19546 6282 10162 9068 
19547 6112 10024 9974 
19548 6626 10185 6226 
19549 7165 10171 9825 
19550 8104 9993 8106 
19551 6475 10013 6659 
19552 7354 9998 6996 
19553 6580 10131 1659 
19554 7849 10317 9889 
19555 1829 10282 10065 
19556 284 9994 283 
19557 404 9995 405 
19558 9911 10109 5979 
19559 6749 10345 9802 
19560 4747 9972 9936 
19561 9980 10045 7008 
19562 6282 10200 10162 
19563 9882 10376 7982 
19564 9895 10088 6662 
19565 5254 10370 6580 
19566 7489 10088 9895 
19567 6304 10338 6324 
19568 8161 9999 1705 
19569 4224 10272 4226 
19570 8082 9997 8080 
19571 6235 10374 10336 
19572 7133 10229 5133 
19573 6918 10002 7054 
19574 8698 10344 9978 
19575 5839 10001 1920 
19576 1840 10340 10147 
19577 10002 10394 7054 
19578 9974 10024 8197 
19579 10286 10319 1790 
19580 9985 10014 364 
19581 7432 10003 1783 
19582 6358 10148 6357 
19583 385 10212 9858 
19584 9883 10167 4590 
19585 6481 10230 10013 
19586 8086 10004 8087 
19587 9963 10366 6997 
19588 6207 10282 6513 
19589 9896 10231 5812 
19590 6284 10000 6233 
19591 6862 10169 9874 
19592 234 10104 233 
19593 10003 10414 1898 
19594 7068 10354 1638 
19595 10159 10356 6468 
19596 5033 10241 8606 
19597 8069 10007 8065 
19598 7521 10008 7522 
19599 1664 10006 419 
19600 6486 10325 6487 
19601 9362 9997 8082 
19602 10319 10354 7068 
19603 1688 10209 4 
19604 6208 10307 6325 
19605 9676 9989 7540 
19606 9903 10214 6416 
19607 6204 10325 9662 
19608 9424 9996 5131 
19609 4290 10134 9950 
19610 6489 10187 1631 
19611 9705 10269 6431 
19612 6900 10011 1785 
19613 9868 9993 8104 
19614 9713 10266 2985 
19615 10158 10310 6492 
19616 2970 10054 9993 
19617 9944 10412 1906 
19618 1734 10061 9477 
19619 9934 10370 5065 
19620 1839 10192 6612 
19621 5071 10102 9997 
19622 9645 10072 5162 
19623 8877 10372 9905 
19624 9278 10177 6193 
19625 9910 10151 6232 
19626 5823 10328 9923 
19627 7889 10207 9322 
19628 6140 10190 6286 
19629 1678 10145 7062 
19630 8095 10012 8127 
19631 1832 10151 9910 
19632 8550 10374 6235 
19633 10354 10399 1638 
19634 6 10260 1687 
19635 9479 10397 1858 
19636 9664 10315 1720 
19637 6157 10097 9138 
19638 4258 10254 8324 
19639 9653 10013 4789 
19640 6659 10013 9653 
19641 9908 10413 1847 
19642 6433 10367 1739 
19643 6947 10111 6269 
19644 364 10014 363 
19645 9905 10372 8099 
19646 1693 10402 9169 
19647 1786 10016 7013 
19648 9322 10207 3232 
19649 6193 10177 10022 
19650 1793 10017 7304 
19651 9890 10414 1802 
19652 1759 10258 9872 
19653 10008 10052 7522 
19654 5683 10015 8793 
19655 4700 10018 5236 
19656 1725 10321 9908 
19657 6266 10208 9953 
19658 8090 10217 8092 
19659 10229 10301 5133 
19660 5838 10040 6798 
19661 6931 10244 1851 
19662 233 10104 1736 
19663 6601 10289 1633 
19664 9978 10344 6919 
19665 7492 10020 7491 
19666 10011 10057 1785 
19667 2877 10295 9528 
19668 1692 10019 462 
19669 5896 10103 5731 
19670 4181 10021 4183 
19671 6283 10200 6282 
19672 6318 10413 9908 
19673 6482 10131 6483 
19674 1789 10400 6553 
19675 572 10023 573 
19676 10208 10255 1797 
19677 8197 10024 8199 
19678 6194 10022 6198 
19679 6372 10163 1664 
19680 6168 10152 9324 
19681 6874 10410 6819 
19682 3241 10025 3146 
19683 7215 10028 6276 
19684 7505 10033 5179 
19685 8369 10317 2985 
19686 9802 10345 1831 
19687 1638 10399 7038 
19688 141 10029 140 
19689 265 10030 264 
19690 267 10031 266 
19691 3692 10036 3694 
19692 135 10035 134 
19693 269 10034 268 
19694 1779 10142 7477 
19695 6327 10044 1760 
19696 6286 10037 5845 
19697 3969 10059 1923 
19698 140 10029 1844 
19699 264 10030 1845 
19700 1846 10031 267 
19701 8748 10254 4258 
19702 268 10034 1846 
19703 1847 10035 135 
19704 1734 10029 141 
19705 1724 10030 265 
19706 266 10031 1724 
19707 6436 10339 1862 
19708 7009 10045 7012 
19709 134 10035 1745 
19710 1746 10034 269 
19711 1854 10341 6571 
19712 6567 10335 1855 
19713 6458 10237 1693 
19714 100 10053 99 
19715 6603 10047 6602 
19716 5433 10043 5431 
19717 10016 10063 7013 
19718 1797 10255 7474 
19719 275 10041 274 
19720 149 10042 148 
19721 292 10050 1796 
19722 396 10049 395 
19723 8323 10129 3849 
19724 1845 10030 9891 
19725 9528 10295 7858 
19726 9971 10248 7463 
19727 151 10046 150 
19728 7522 10052 1804 
19729 143 10061 142 
19730 9781 10191 9950 
19731 1753 10380 10023 
19732 4220 10051 8932 
19733 7100 10315 9664 
19734 1851 10244 9449 
19735 6706 10054 6704 
19736 7550 10053 7546 
19737 10037 10125 1727 
19738 6680 10311 5264 
19739 144 10048 2 
19740 5887 10367 10098 
19741 9618 10024 6112 
19742 4285 10055 4638 
19743 6502 10132 6500 
19744 6055 10090 6053 
19745 9987 10349 1709 
19746 10110 10389 6142 
19747 6388 10379 6390 
19748 1785 10057 6924 
19749 6824 10339 1857 
19750 6363 10093 6364 
19751 5063 10158 9968 
19752 5745 10407 10160 
19753 9936 9972 7520 
19754 274 10041 1848 
19755 6324 10338 6716 
19756 1849 10042 149 
19757 8201 10184 8202 
19758 6581 10285 4808 
19759 6346 10385 10050 
19760 1687 10394 8696 
19761 1711 10041 275 
19762 9923 10328 1787 
19763 148 10042 1710 
19764 10255 10292 7474 
19765 7878 10059 7877 
19766 242 10058 1715 
19767 150 10046 1849 
19768 7773 10093 6226 
19769 5162 10060 5064 
19770 5853 10117 6524 
19771 5731 10103 9848 
19772 10098 10367 6433 
19773 6832 10071 6828 
19774 7013 10063 7014 
19775 221 10062 220 
19776 6479 10167 6477 
19777 1860 10341 6908 
19778 5133 10301 7134 
19779 6715 10223 6202 
19780 4354 10247 10012 
19781 142 10061 1734 
19782 1775 10046 151 
19783 7961 10142 1779 
19784 6093 10188 10017 
19785 2985 10317 9713 
19786 5379 10064 5377 
19787 7015 10075 1726 
19788 6704 10054 9935 
19789 8199 10094 8201 
19790 5828 10069 8986 
19791 226 10065 225 
19792 10057 10097 6924 
19793 1781 10048 144 
19794 8202 10184 9362 
19795 432 10067 433 
19796 9900 10241 5033 
19797 4285 10096 10055 
19798 10102 10130 8080 
19799 6852 10068 7714 
19800 7172 10219 6212 
19801 5887 10098 7243 
19802 4913 10070 4222 
19803 10155 10236 6376 
19804 8335 10056 9530 
19805 10301 10358 7134 
19806 6126 10135 6280 
19807 1715 10105 8521 
19808 7880 10074 7865 
19809 8697 10071 1688 
19810 1710 10095 147 
19811 6239 10245 9888 
19812 7474 10292 1663 
19813 1927 10073 1925 
19814 4370 10355 10082 
19815 6409 10369 6410 
19816 9934 10131 6580 
19817 7439 10076 7440 
19818 9397 10335 1863 
19819 1910 10412 6618 
19820 9855 10219 1822 
19821 6448 10387 10099 
19822 8160 10078 8162 
19823 10013 10230 4789 
19824 6723 10086 6722 
19825 6960 10066 9364 
19826 8210 10080 1817 
19827 464 10079 1661 
19828 7480 10366 9963 
19829 8129 10082 8133 
19830 4032 10081 4034 
19831 7431 10149 7430 
19832 6542 10085 6543 
19833 168 10084 167 
19834 8570 10083 5002 
19835 126 10087 1792 
19836 9618 10094 10024 
19837 9969 10253 9970 
19838 152 10107 1775 
19839 6233 10379 9910 
19840 9794 10061 143 
19841 6831 10091 6887 
19842 6134 10088 7489 
19843 5379 10106 10064 
19844 8255 10348 6362 
19845 6924 10097 1727 
19846 6653 10148 10021 
19847 6412 10220 6413 
19848 8080 10130 8079 
19849 1728 10293 9976 
19850 10075 10113 1726 
19851 6487 10325 9949 
19852 6623 10300 5825 
19853 6203 10092 6205 
19854 5528 10238 8636 
19855 8484 10100 3274 
19856 261 10205 260 
19857 4283 10096 4285 
19858 10024 10094 8199 
19859 1709 10398 9987 
19860 6393 10264 6394 
19861 147 10095 146 
19862 6716 10110 1692 
19863 6587 10227 1694 
19864 6219 10289 6267 
19865 6256 10316 10101 
19866 7862 10100 7863 
19867 5053 10099 8737 
19868 294 10360 293 
19869 10033 10153 5179 
19870 9950 10134 8093 
19871 6264 10163 8007 
19872 9908 10259 1725 
19873 9908 10321 6319 
19874 10080 10119 1817 
19875 5100 10101 5102 
19876 9632 10219 7172 
19877 4680 10102 4681 
19878 136 10259 1847 
19879 5141 10369 10032 
19880 8 10218 279 
19881 277 10253 276 
19882 6134 10145 10088 
19883 1725 10259 137 
19884 10087 10122 1792 
19885 1687 10260 9870 
19886 6748 10104 6749 
19887 9801 10394 1687 
19888 3849 10129 8566 
19889 10130 10156 8079 
19890 7104 10105 7105 
19891 9990 10280 6720 
19892 9953 10208 1797 
19893 5381 10106 5379 
19894 1845 10318 263 
19895 153 10107 152 
19896 10127 10235 1712 
19897 262 10318 1735 
19898 421 10108 1689 
19899 7758 10382 4744 
19900 6980 10141 6585 
19901 5979 10109 7465 
19902 1726 10113 6923 
19903 6269 10111 7561 
19904 7432 10414 10003 
19905 10236 10365 6376 
19906 1692 10110 10019 
19907 362 10112 361 
19908 6668 10135 6126 
19909 1794 10117 7064 
19910 155 10114 154 
19911 6149 10115 6055 
19912 5233 10116 6202 
19913 6221 10237 10116 
19914 3688 10118 3690 
19915 4680 10130 10102 
19916 1817 10119 8284 
19917 5760 10283 6708 
19918 4685 10094 9618 
19919 6501 10281 9948 
19920 5071 10120 4683 
19921 5880 10121 5878 
19922 1792 10122 7423 
19923 8079 10156 8081 
19924 1848 10415 273 
19925 7134 10358 4766 
19926 2688 10123 2877 
19927 6410 10270 6555 
19928 10113 10137 6923 
19929 8062 10124 8059 
19930 272 10415 1774 
19931 375 10126 1712 
19932 7860 10133 1707 
19933 377 10125 376 
19934 145 10332 1781 
19935 8125 10326 8126 
19936 4767 10155 8902 
19937 7304 10290 7303 
19938 10112 10140 361 
19939 8902 10155 6377 
19940 1904 10181 7428 
19941 6149 10139 10115 
19942 6325 10127 5917 
19943 7424 10128 7425 
19944 9792 10089 1894 
19945 6290 10132 7238 
19946 7851 10129 8323 
19947 10040 10323 6798 
19948 10156 10201 8081 
19949 8522 10130 4680 
19950 6776 10138 6783 
19951 6362 10348 6358 
19952 4028 10134 4030 
19953 6923 10137 1784 
19954 6416 10214 9530 
19955 1685 10331 9992 
19956 7468 10136 7467 
19957 5016 10401 10240 
19958 6283 10297 10200 
19959 9950 10191 4290 
19960 8081 10201 7766 
19961 6055 10115 10090 
19962 361 10140 360 
19963 6151 10139 6149 
19964 8106 10164 8107 
19965 1721 10141 8557 
19966 10137 10162 1784 
19967 6159 10142 6163 
19968 5537 10045 9980 
19969 8522 10156 10130 
19970 6357 10148 6653 
19971 9219 10190 6140 
19972 7443 10143 7445 
19973 5828 10381 10069 
19974 10081 10288 4034 
19975 6352 10146 6355 
19976 8093 10217 8090 
19977 6667 10172 5836 
19978 6093 10145 6134 
19979 488 10147 489 
19980 10109 10228 7465 
19981 7544 10409 7545 
19982 5541 10144 9145 
19983 6197 10195 9278 
19984 10065 10282 6328 
19985 6167 10149 6165 
19986 4279 10150 4281 
19987 3697 10248 9971 
19988 1745 10186 9755 
19989 1784 10162 6901 
19990 6166 10152 6168 
19991 8458 10181 1904 
19992 5179 10153 6250 
19993 7416 10154 7418 
19994 6232 10151 6234 
19995 10201 10242 7766 
19996 9973 10314 6216 
19997 5875 10396 9912 
19998 6377 10155 6376 
19999 4798 10390 6659 
20000 1633 10289 10121 
20001 4677 10156 8522 
20002 5385 10157 5383 
20003 7296 10158 5063 
20004 6483 10230 6481 
20005 5104 10160 8179 
20006 1645 10159 6466 
20007 4354 10161 4026 
20008 9920 10197 1735 
20009 1711 10253 9969 
20010 10099 10387 8737 
20011 4781 10165 7133 
20012 6227 10206 6326 
20013 4590 10167 7332 
20014 10139 10170 1650 
20015 1847 10259 9908 
20016 9494 10283 5760 
20017 6358 10348 10148 
20018 4329 10166 5106 
20019 6367 10357 6597 
20020 7476 10168 1801 
20021 7482 10216 9890 
20022 6201 10169 6862 
20023 6390 10379 10000 
20024 9169 10402 5888 
20025 6545 10262 6701 
20026 4279 10193 10150 
20027 1650 10170 299 
20028 10162 10200 6901 
20029 6887 10383 10086 
20030 6326 10206 9060 
20031 5093 10171 7165 
20032 10025 10353 3232 
20033 9786 10241 7549 
20034 6710 10177 6345 
20035 7766 10242 7764 
20036 6997 10366 9982 
20037 1777 10175 7482 
20038 10154 10198 7418 
20039 5888 10402 9272 
20040 7773 10285 10093 
20041 1614 10174 8311 
20042 10026 10103 5896 
20043 4677 10201 10156 
20044 9975 10371 6291 
20045 6210 10178 6209 
20046 8589 10176 6155 
20047 8127 10326 8125 
20048 7430 10180 1782 
20049 5860 10173 9034 
20050 10022 10177 6710 
20051 372 10182 1682 
20052 7428 10181 7427 
20053 1914 10179 1911 
20054 5385 10213 10157 
20055 9997 10102 8080 
20056 3684 10183 3686 
20057 9920 10318 1845 
20058 6226 10185 6225 
20059 1735 10318 9920 
20060 6323 10197 6864 
20061 6212 10219 9855 
20062 6228 10187 5834 
20063 9755 10186 1888 
20064 7542 10409 7544 
20065 7025 10202 7024 
20066 10242 10278 7764 
20067 1888 10186 1886 
20068 6901 10200 1835 
20069 6130 10188 5090 
20070 4277 10193 4279 
20071 10089 10375 1763 
20072 8023 10215 8024 
20073 28 10194 27 
20074 251 10196 250 
20075 7418 10198 7420 
20076 1835 10297 6880 
20077 393 10203 392 
20078 10174 10225 8311 
20079 8527 10201 4677 
20080 9889 10276 7858 
20081 8549 10204 5085 
20082 3232 10207 3082 
20083 9060 10206 1675 
20084 6245 10208 6153 
20085 8099 10372 10084 
20086 6325 10307 10182 
20087 10069 10381 10227 
20088 386 10212 385 
20089 4 10209 153 
20090 253 10211 252 
20091 1735 10205 261 
20092 5387 10213 5385 
20093 4808 10285 7773 
20094 4764 10215 9522 
20095 7764 10278 7763 
20096 9921 10411 5033 
20097 1896 10216 1893 
20098 6329 10340 6330 
20099 10263 10275 4900 
20100 1822 10219 9632 
20101 6319 10321 6867 
20102 4845 10220 7016 
20103 8055 10401 6222 
20104 7296 10310 10158 
20105 6616 10316 1765 
20106 5826 10214 9903 
20107 10188 10290 7304 
20108 8527 10242 10201 
20109 21 10221 20 
20110 7475 10256 9958 
20111 359 10222 358 
20112 10093 10285 6364 
20113 6286 10190 10126 
20114 6202 10223 8585 
20115 8311 10225 1816 
20116 7465 10228 4059 
20117 4789 10230 7240 
20118 1694 10227 6530 
20119 6504 10229 6506 
20120 7447 10233 7449 
20121 6053 10090 10052 
20122 9870 10260 9947 
20123 6245 10255 10208 
20124 5490 10231 5888 
20125 1850 10264 9789 
20126 498 10234 499 
20127 9530 10214 9925 
20128 7095 10252 7096 
20129 10278 10313 7763 
20130 374 10235 373 
20131 4226 10272 4753 
20132 6218 10232 6861 
20133 9522 10215 8023 
20134 6880 10297 9321 
20135 6384 10365 6385 
20136 6463 10238 6514 
20137 5078 10239 8321 
20138 8056 10240 8055 
20139 6701 10262 6285 
20140 9931 10178 6210 
20141 4709 10242 8527 
20142 98 10243 1701 
20143 10222 10265 358 
20144 6569 10358 6505 
20145 23 10251 1860 
20146 9925 10214 5826 
20147 10225 10267 1816 
20148 6215 10361 6689 
20149 7365 10249 7364 
20150 7442 10248 7454 
20151 8223 10246 5227 
20152 6919 10344 10002 
20153 7763 10313 7794 
20154 4022 10247 4024 
20155 279 10218 1780 
20156 6488 10396 6489 
20157 7036 10250 7025 
20158 8345 10416 6705 
20159 1655 10405 10178 
20160 9865 10252 1831 
20161 5354 10343 6737 
20162 8324 10254 7856 
20163 6285 10258 6268 
20164 6247 10255 6245 
20165 4370 10257 4020 
20166 1663 10360 294 
20167 1908 10256 8458 
20168 166 10261 165 
20169 4709 10278 10242 
20170 137 10259 136 
20171 6771 10349 6270 
20172 6580 10370 9934 
20173 1651 10262 6545 
20174 6903 10389 5831 
20175 6504 10301 10229 
20176 9933 10279 1723 
20177 358 10265 357 
20178 5831 10389 6716 
20179 4363 10268 4364 
20180 1816 10267 8310 
20181 10313 10347 7794 
20182 270 10260 6 
20183 7100 10271 7101 
20184 9792 10375 10089 
20185 9537 10305 6141 
20186 6483 10131 9934 
20187 10213 10249 7365 
20188 6705 10416 6706 
20189 6854 10392 10068 
20190 9948 10165 4781 
20191 3680 10274 3682 
20192 7960 10277 1730 
20193 4900 10275 4333 
20194 6247 10292 10255 
20195 8356 10276 4552 
20196 9996 10400 8846 
20197 276 10253 1711 
20198 6364 10285 6581 
20199 8531 10278 4709 
20200 9078 10377 6761 
20201 6241 10279 6243 
20202 1654 10284 7048 
20203 7794 10347 7793 
20204 10267 10304 8310 
20205 1709 10349 10062 
20206 8435 10280 1827 
20207 6505 10358 10301 
20208 6708 10283 6375 
20209 4034 10288 4036 
20210 10166 10199 5106 
20211 10246 10362 5227 
20212 3680 10312 10274 
20213 6240 10291 8307 
20214 5820 10286 10249 
20215 19 10296 18 
20216 10005 10415 1848 
20217 8606 10241 9786 
20218 6295 10292 6247 
20219 6447 10293 1728 
20220 8531 10313 10278 
20221 7858 10295 7857 
20222 410 10294 1647 
20223 9977 10386 5925 
20224 9321 10297 6283 
20225 9872 10258 6285 
20226 3499 10298 3407 
20227 6618 10412 9944 
20228 1724 10377 9078 
20229 10347 10382 7793 
20230 9351 10307 6208 
20231 5842 10299 5081 
20232 6819 10287 6438 
20233 4267 10303 4265 
20234 6346 10302 6297 
20235 6505 10301 6504 
20236 8310 10304 1670 
20237 317 10306 316 
20238 5094 10310 7296 
20239 6840 10395 5812 
20240 10052 10090 1804 
20241 1774 10415 10005 
20242 6334 10320 6909 
20243 1919 10309 4764 
20244 8766 10308 6217 
20245 6819 10410 25 
20246 10120 10184 8201 
20247 9713 10317 7849 
20248 6206 10364 10329 
20249 9890 10216 1896 
20250 10047 10218 8 
20251 7097 10315 7100 
20252 6240 10327 10291 
20253 7033 10406 9273 
20254 6606 10311 6464 
20255 9737 10224 6822 
20256 3678 10312 3680 
20257 7793 10382 7758 
20258 4736 10313 8531 
20259 10012 10247 8127 
20260 6482 10363 10131 
20261 10304 10336 1670 
20262 9484 10397 1861 
20263 10306 10342 316 
20264 9351 10329 10307 
20265 6320 10322 1902 
20266 263 10318 262 
20267 1682 10329 7021 
20268 6798 10323 6231 
20269 6336 10351 6335 
20270 6939 10413 6318 
20271 4717 10324 4014 
20272 4736 10347 10313 
20273 6373 10103 10026 
20274 9952 10357 6210 
20275 1630 10305 9537 
20276 6088 10330 5740 
20277 6255 10331 6251 
20278 6546 10327 6240 
20279 6821 10338 6304 
20280 10017 10188 7304 
20281 6306 10328 5821 
20282 6442 10333 7898 
20283 9478 10286 5820 
20284 356 10334 355 
20285 1648 10383 8489 
20286 10329 10364 7021 
20287 1670 10336 8309 
20288 550 10337 551 
20289 6604 10406 10364 
20290 6206 10329 9351 
20291 316 10342 315 
20292 6604 10364 6206 
20293 25 10410 24 
20294 6456 10395 6840 
20295 5068 10350 5855 
20296 5108 10348 8255 
20297 1831 10345 235 
20298 7884 10353 7859 
20299 8535 10347 4736 
20300 1826 10344 8698 
20301 146 10332 145 
20302 9848 10367 5887 
20303 5066 10352 5814 
20304 10334 10378 355 
20305 10336 10374 8309 
20306 4016 10355 4018 
20307 7328 10356 6148 
20308 7021 10364 1788 
20309 6271 10354 6273 
20310 6286 10125 10037 
20311 10364 10406 1788 
20312 7265 10370 5254 
20313 1803 10366 7480 
20314 5227 10362 8344 
20315 8535 10382 10347 
20316 6291 10371 6289 
20317 1659 10363 589 
20318 1644 10376 7526 
20319 6331 10368 6237 
20320 6271 10399 10354 
20321 24 10410 6874 
20322 8309 10374 1815 
20323 6222 10401 8587 
20324 6443 10380 6441 
20325 1788 10406 7033 
20326 355 10378 354 
20327 4552 10276 9889 
20328 9580 10290 6130 
20329 6265 10408 7774 
20330 10307 10329 1682 
20331 6113 10381 5828 
20332 6260 10388 6258 
20333 4744 10382 8535 
20334 1802 10414 7432 
20335 1907 10412 1910 
20336 6516 10385 6299 
20337 5397 10393 8519 
20338 6557 10372 8877 
20339 6478 10403 6476 
20340 6416 10404 6415 
20341 8737 10387 5818 
20342 314 10417 313 
20343 222 10398 1709 
20344 4805 10416 8345 
20345 6257 10399 6271 
20346 5825 10300 9537 
20347 6177 10391 6180 
20348 9478 10319 10286 
20349 7866 10266 9713 
20350 6273 10354 10319 
20351 273 10415 272 
20352 6273 10319 9478 
20353 7054 10394 9801 
20354 9947 10260 270 
20355 6353 10404 10056 
20356 6176 10346 9357 
20357 7096 10252 9865 
20358 9273 10406 6604 
20359 9992 10331 6255 
20360 1858 10397 9484 
20361 6130 10290 10188 
20362 7549 10241 9900 
20363 5033 10411 9900 
20364 1739 10367 9848 
20365 10160 10407 6383 
20366 1847 10413 10035 
20367 10101 10316 6616 
20368 10039 10333 6442 
20369 153 10209 10107 
20370 10069 10227 6587 
20371 1861 10397 9479 
20372 6603 10218 10047 
20373 10148 10348 5108 
20374 10050 10385 1796 
20375 10107 10209 6834 
20376 10200 10297 1835 
20377 9982 10366 1803 
20378 10095 10332 146 
20379 10001 10384 6386 
20380 6597 10357 9952 
20381 1827 10280 9990 
20382 10042 10210 1710 
20383 6784 10332 10095 
20384 6236 10375 9792 
20385 9958 10256 1908 
20386 6777 10210 9991 
20387 9983 10361 6215 
20388 6243 10279 9933 
20389 10189 10305 6407 
20390 10116 10237 6458 
20391 5812 10395 9896 
20392 6410 10369 10270 
20393 1734 10224 10029 
20394 10067 10322 6320 
20395 7859 10353 10025 
20396 10131 10363 1659 
20397 9945 10346 6176 
20398 10082 10355 8133 
20399 5839 10384 10001 
20400 5925 10386 9938 
20401 9937 10359 1906 
20402 9949 10325 6204 
20403 10161 10217 8093 
20404 1708 10392 9915 
20405 10041 10351 1848 
20406 7557 10411 9921 
20407 1906 10359 9944 
20408 5071 10184 10120 
20409 6867 10321 10009 
20410 1834 10314 9973 
20411 10002 10344 1826 
20412 6553 10400 9996 
20413 10126 10190 1712 
20414 10062 10349 6771 
20415 10084 10372 6557 
20416 9961 10384 5839 
20417 10023 10380 6443 
20418 10009 10321 1725 
20419 6325 10235 10127 
20420 6506 10229 10165 
20421 10165 10229 7133 
20422 10031 10377 1724 
20423 6507 10386 9977 
20424 4354 10217 10161 
20425 10257 10326 8127 
20426 4753 10272 10146 
20427 10000 10379 6233 
20428 6148 10356 10159 
20429 4767 10236 10155 
20430 10032 10369 6409 
20431 6716 10389 10110 
20432 10146 10272 6355 
20433 10068 10392 1708 
20434 10086 10383 1648 
20435 10147 10340 6329 
20436 10234 10408 6265 
20437 10182 10307 1682 
20438 6141 10305 10189 
20439 10302 10360 1663 
20440 6385 10365 10236 
20441 10227 10381 6530 
20442 4370 10326 10257 
20443 10178 10405 6209 
20444 10270 10369 5141 
20445 10240 10401 8055 
20446 6346 10360 10302 
$EndElements
